autor,seccion,similitud,titulo_1,ruta_1,vistas_1,titulo_2,ruta_2,vistas_2
Andrea Mercedes,daily news,1.0,Adiós al tapón en la 27 de Febrero: Abinader confirma la entrega del esperado túnel de la Plaza de la Bandera,/money-invest/daily-news/tunel-plaza-bandera-inauguracion-abinader/,252,Adiós al tapón en la 27 de Febrero: Abinader confirma la entrega del esperado túnel de la Plaza de la Bandera,/money-invest/daily-news/tunel-plaza-bandera-inauguracion-abinader-2/,86
Jhojhanni Fiorini,internacional,1.0,¿Cuáles son los países con la gasolina más cara y barata de Latinoamérica y dónde se ubica RD?,/money-invest/daily-news/paises-gasolina-mas-cara-barata-latinoamerica-posicion-rd/,238,¿Cuáles son los países con la gasolina más cara y barata de Latinoamérica y dónde se ubica RD?,/money-invest/daily-news/cuales-son-los-paises-con-la-gasolina-mas-cara-y-barata-de-latinoamerica/,210
Elba Reyes,sport business,1.0,Mundial 2026: conoce los cruces confirmados de los Octavos de Final tras los partidos de hoy,/empresas/sport-business/mundial-2026-conoce-los-cruces-confirmados-de-los-octavos-de-final-tras-los-partidos-de-hoy/,1602,Mundial 2026: conoce los cruces confirmados de los Octavos de Final tras los partidos de hoy,/empresas/sport-business/mundial-2026-conoce-los-cruces-confirmados-de-los-octavos-de-final/,201
Edwin Lozada,sport business,1.0,España se corona campeona del Mundial 2026 tras vencer a Argentina,/money-invest/daily-news/records-espana-campeona-mundial-2026/,121,España se corona campeona del Mundial 2026 tras vencer a Argentina,/money-invest/daily-news/espana-campeona-mundial-2026-argentina-ferran-torres/,120
Elba Reyes,sport business,1.0,Juegos Centroamericanos Santo Domingo 2026: dominicanos que compiten hoy y sus horarios,/empresas/sport-business/juegos-centroamericanos-santo-domingo-2026-dominicanos-que-compiten-hoy-y-sus-horarios/,1902,Juegos Centroamericanos Santo Domingo 2026: dominicanos que compiten hoy y sus horarios,/empresas/sport-business/juegos-centroamericanos-santo-domingo-2026-dominicanos-que-compiten-hoy-y-sus-horarios-2/,316
Elba Reyes,empresas,0.75,"Esto gana un ingeniero en República Dominicana en 2026, según el mercado laboral",/empresas/esto-gana-un-ingeniero-en-republica-dominicana-en-2026-segun-el-mercado-laboral/,188,"Esto gana una enfermera en República Dominicana en 2026, según el mercado laboral",/empresas/esto-gana-una-enfermera-en-republica-dominicana-en-2026-segun-el-mercado-laboral/,185
Elba Reyes,empresas,0.75,"Esto gana un ingeniero en República Dominicana en 2026, según el mercado laboral",/empresas/esto-gana-un-ingeniero-en-republica-dominicana-en-2026-segun-el-mercado-laboral/,188,"Esto gana un abogado en República Dominicana en 2026, según el mercado laboral",/empresas/esto-gana-un-abogado-en-republica-dominicana-en-2026-segun-el-mercado-laboral/,144
Elba Reyes,empresas,0.75,"Esto gana una enfermera en República Dominicana en 2026, según el mercado laboral",/empresas/esto-gana-una-enfermera-en-republica-dominicana-en-2026-segun-el-mercado-laboral/,185,"Esto gana un abogado en República Dominicana en 2026, según el mercado laboral",/empresas/esto-gana-un-abogado-en-republica-dominicana-en-2026-segun-el-mercado-laboral/,144
Jhojhanni Fiorini,actualidad,0.73,"Partidos del Mundial 2026 HOY, viernes 3 de julio: horarios en RD, dónde ver fútbol en vivo",/actualidad/partidos-del-mundial-2026-hoy-viernes-3-de-julio-horarios-en-rd-donde-ver-futbol-en-vivo/,728,"Partidos de hoy, viernes 31 de julio del 2026 EN VIVO: horarios y dónde ver fútbol",/actualidad/partidos-de-hoy-viernes-31-de-julio-del-2026-en-vivo-horarios-y-donde-ver-futbol/,274
Elba Reyes,sport business,0.7,"Cuadro de octavos de final del Mundial 2026: Partidos, cruces y fechas confirmadas",/empresas/sport-business/cuadro-de-octavos-de-final-del-mundial-2026-partidos-cruces-y-fechas-confirmadas/,1740,"Octavos de final del Mundial 2026: clasificados, cruces y fechas confirmadas",/empresas/sport-business/octavos-de-final-del-mundial-2026-clasificados-cruces-y-fechas-confirmadas/,412
Jhojhanni Fiorini,actualidad,0.67,"Partidos del Mundial 2026 HOY, martes 7 de julio: horarios y dónde ver fútbol en vivo",/actualidad/partidos-del-mundial-2026-hoy-martes-7-de-julio-horarios-y-donde-ver-futbol-en-vivo/,2853,"Partidos del Mundial 2026 HOY, viernes 3 de julio: horarios en RD, dónde ver fútbol en vivo",/actualidad/partidos-del-mundial-2026-hoy-viernes-3-de-julio-horarios-en-rd-donde-ver-futbol-en-vivo/,728
Jhojhanni Fiorini,actualidad,0.67,"Partidos de hoy, lunes 27 de julio del 2026 EN VIVO: horarios y dónde ver fútbol",/actualidad/partidos-de-hoy-lunes-27-de-julio-del-2026-en-vivo-horarios-y-donde-ver-futbol/,183,"Partidos del Mundial 2026 HOY, lunes 6 de julio: horarios en RD, canales TV y dónde ver fútbol en vivo",/actualidad/partidos-del-mundial-2026-hoy-lunes-6-de-julio-horarios-en-rd-canales-tv-y-donde-ver-futbol-en-vivo/,82
Elba Reyes,sport business,0.64,Juegos Centroamericanos Santo Domingo 2026: dominicanos que compiten hoy y sus horarios,/empresas/sport-business/juegos-centroamericanos-santo-domingo-2026-dominicanos-que-compiten-hoy-y-sus-horarios-2/,316,"Juegos Centroamericanos Santo Domingo 2026: dominicanos que compiten hoy, jueves 30 de julio de 2026",/empresas/sport-business/juegos-centroamericanos-santo-domingo-2026-dominicanos-que-compiten-hoy-jueves-30-de-julio-de-2026/,202
Elba Reyes,sport business,0.64,Juegos Centroamericanos Santo Domingo 2026: dominicanos que compiten hoy y sus horarios,/empresas/sport-business/juegos-centroamericanos-santo-domingo-2026-dominicanos-que-compiten-hoy-y-sus-horarios/,1902,"Juegos Centroamericanos Santo Domingo 2026: dominicanos que compiten hoy, jueves 30 de julio de 2026",/empresas/sport-business/juegos-centroamericanos-santo-domingo-2026-dominicanos-que-compiten-hoy-jueves-30-de-julio-de-2026/,202
Gabriel Rico Albarrán,daily news,0.64,Mejores Empresas Para Trabajar 2026: el liderazgo humano es el que redefine el futuro del trabajo,/mercado-exchange/mejores-empresas-para-trabajar-2026-el-liderazgo-humano-es-el-que-redefine-el-futuro-del-trabajo/,354,Mejores Empresas Para Trabajar Región Norte 2026: liderazgo para el futuro del trabajo,/mercado-exchange/mejores-empresas-para-trabajar-region-norte-2026-liderazgo-para-el-futuro-del-trabajo/,232
Jhojhanni Fiorini,actualidad,0.64,"Partidos de hoy, viernes 31 de julio del 2026 EN VIVO: horarios y dónde ver fútbol",/actualidad/partidos-de-hoy-viernes-31-de-julio-del-2026-en-vivo-horarios-y-donde-ver-futbol/,274,"Partidos de hoy, lunes 27 de julio del 2026 EN VIVO: horarios y dónde ver fútbol",/actualidad/partidos-de-hoy-lunes-27-de-julio-del-2026-en-vivo-horarios-y-donde-ver-futbol/,183
Jhojhanni Fiorini,actualidad,0.64,"Partidos de hoy, viernes 31 de julio del 2026 EN VIVO: horarios y dónde ver fútbol",/actualidad/partidos-de-hoy-viernes-31-de-julio-del-2026-en-vivo-horarios-y-donde-ver-futbol/,274,"Partidos de hoy, miércoles 29 de julio del 2026 EN VIVO: horarios y dónde ver fútbol",/actualidad/partidos-de-hoy-miercoles-29-de-julio-del-2026-en-vivo-horarios-y-donde-ver-futbol/,155
Jhojhanni Fiorini,actualidad,0.64,"Partidos de hoy, lunes 27 de julio del 2026 EN VIVO: horarios y dónde ver fútbol",/actualidad/partidos-de-hoy-lunes-27-de-julio-del-2026-en-vivo-horarios-y-donde-ver-futbol/,183,"Partidos de hoy, miércoles 29 de julio del 2026 EN VIVO: horarios y dónde ver fútbol",/actualidad/partidos-de-hoy-miercoles-29-de-julio-del-2026-en-vivo-horarios-y-donde-ver-futbol/,155
Jhojhanni Fiorini,internacional,0.64,Países con mejor reputación de Latinoamérica 2026: El ranking de RepCore Nations,/money-invest/daily-news/paises-con-mejor-reputacion-de-latinoamerica-2026-el-ranking-de-repcore-nations/,579,"Países con mejor y peor reputación internacional en 2026, según el ranking RepCore Nations",/money-invest/internacional-economia/paises-con-mejor-y-peor-reputacion-internacional-en-2026-segun-el-ranking-repcore-nations/,167
Jhojhanni Fiorini,actualidad,0.62,"Partidos del Mundial 2026 HOY, viernes 3 de julio: horarios en RD, dónde ver fútbol en vivo",/actualidad/partidos-del-mundial-2026-hoy-viernes-3-de-julio-horarios-en-rd-donde-ver-futbol-en-vivo/,728,"Partidos del Mundial 2026 HOY, lunes 6 de julio: horarios en RD, canales TV y dónde ver fútbol en vivo",/actualidad/partidos-del-mundial-2026-hoy-lunes-6-de-julio-horarios-en-rd-canales-tv-y-donde-ver-futbol-en-vivo/,82
Jhojhanni Fiorini,actualidad,0.62,"Partidos del Mundial 2026 HOY, martes 7 de julio: horarios y dónde ver fútbol en vivo",/actualidad/partidos-del-mundial-2026-hoy-martes-7-de-julio-horarios-y-donde-ver-futbol-en-vivo/,2853,"Partidos del Mundial 2026 HOY, lunes 6 de julio: horarios en RD, canales TV y dónde ver fútbol en vivo",/actualidad/partidos-del-mundial-2026-hoy-lunes-6-de-julio-horarios-en-rd-canales-tv-y-donde-ver-futbol-en-vivo/,82
Gabriel Rico Albarrán,daily news,0.62,🔴 EN VIVO | Mejores Empresas Para Trabajar Summit 2026,/mercado-exchange/en-vivo-mejores-empresas-para-trabajar-summit-2026/,104,🔴 EN VIVO | Mejores Empresas Para Trabajar Región Norte 2026,/mercado-exchange/en-vivo-mejores-empresas-para-trabajar-region-norte-2026/,93
Gabriel Rico Albarrán,daily news,0.6,Mejores Empresas Para Trabajar Región Norte 2026: liderazgo para el futuro del trabajo,/mercado-exchange/mejores-empresas-para-trabajar-region-norte-2026-liderazgo-para-el-futuro-del-trabajo/,232,🔴 EN VIVO | Mejores Empresas Para Trabajar Región Norte 2026,/mercado-exchange/en-vivo-mejores-empresas-para-trabajar-region-norte-2026/,93
Jhojhanni Fiorini,actualidad,0.58,"Partidos del Mundial 2026 HOY, viernes 3 de julio: horarios en RD, dónde ver fútbol en vivo",/actualidad/partidos-del-mundial-2026-hoy-viernes-3-de-julio-horarios-en-rd-donde-ver-futbol-en-vivo/,728,"Partidos de hoy, miércoles 29 de julio del 2026 EN VIVO: horarios y dónde ver fútbol",/actualidad/partidos-de-hoy-miercoles-29-de-julio-del-2026-en-vivo-horarios-y-donde-ver-futbol/,155
Jhojhanni Fiorini,actualidad,0.58,"Partidos del Mundial 2026 HOY, martes 7 de julio: horarios y dónde ver fútbol en vivo",/actualidad/partidos-del-mundial-2026-hoy-martes-7-de-julio-horarios-y-donde-ver-futbol-en-vivo/,2853,"Partidos de hoy, miércoles 29 de julio del 2026 EN VIVO: horarios y dónde ver fútbol",/actualidad/partidos-de-hoy-miercoles-29-de-julio-del-2026-en-vivo-horarios-y-donde-ver-futbol/,155
Jhojhanni Fiorini,actualidad,0.58,"Partidos del Mundial 2026 HOY, martes 7 de julio: horarios y dónde ver fútbol en vivo",/actualidad/partidos-del-mundial-2026-hoy-martes-7-de-julio-horarios-y-donde-ver-futbol-en-vivo/,2853,"Partidos de hoy, lunes 27 de julio del 2026 EN VIVO: horarios y dónde ver fútbol",/actualidad/partidos-de-hoy-lunes-27-de-julio-del-2026-en-vivo-horarios-y-donde-ver-futbol/,183
Jhojhanni Fiorini,actualidad,0.58,"Partidos del Mundial 2026 HOY, martes 7 de julio: horarios y dónde ver fútbol en vivo",/actualidad/partidos-del-mundial-2026-hoy-martes-7-de-julio-horarios-y-donde-ver-futbol-en-vivo/,2853,"Partidos de hoy, viernes 31 de julio del 2026 EN VIVO: horarios y dónde ver fútbol",/actualidad/partidos-de-hoy-viernes-31-de-julio-del-2026-en-vivo-horarios-y-donde-ver-futbol/,274
Jhojhanni Fiorini,actualidad,0.58,"Partidos del Mundial 2026 HOY, viernes 3 de julio: horarios en RD, dónde ver fútbol en vivo",/actualidad/partidos-del-mundial-2026-hoy-viernes-3-de-julio-horarios-en-rd-donde-ver-futbol-en-vivo/,728,"Partidos de hoy, lunes 27 de julio del 2026 EN VIVO: horarios y dónde ver fútbol",/actualidad/partidos-de-hoy-lunes-27-de-julio-del-2026-en-vivo-horarios-y-donde-ver-futbol/,183
Elba Reyes,sport business,0.58,Agenda de los dominicanos en los Juegos Centroamericanos Santo Domingo 2026 para hoy 29 de julio,/empresas/sport-business/agenda-de-los-dominicanos-en-los-juegos-centroamericanos-santo-domingo-2026-para-hoy-29-de-julio/,462,"Juegos Centroamericanos Santo Domingo 2026: dominicanos que compiten hoy, jueves 30 de julio de 2026",/empresas/sport-business/juegos-centroamericanos-santo-domingo-2026-dominicanos-que-compiten-hoy-jueves-30-de-julio-de-2026/,202
Rodrigo Muñoz,money invest,0.56,Ranking: Países más competitivos de América Latina en 2025,/money-invest/ranking-paises-mas-competitivos-de-america-latina-en-2025/,159,Ranking: Países con mayor deuda externa en América Latina 2025,/money-invest/ranking-paises-con-mayor-deuda-externa-en-america-latina-2025/,153
Elba Reyes,sport business,0.55,"Mundial 2026: cruces de semifinales, equipos clasificados y fechas de los partidos",/empresas/sport-business/mundial-2026-cruces-de-semifinales-equipos-clasificados-y-fechas-de-los-partidos/,1308,"¿Cuándo y a qué hora se juegan las semifinales del Mundial 2026? Cruces, fechas y estadios de los partidos",/empresas/sport-business/cuando-y-a-que-hora-se-juegan-las-semifinales-del-mundial-2026-cruces-fechas-y-estadios-de-los-partidos/,532
Elba Reyes,sport business,0.55,Juegos Centroamericanos Santo Domingo 2026: dominicanos que compiten hoy y sus horarios,/empresas/sport-business/juegos-centroamericanos-santo-domingo-2026-dominicanos-que-compiten-hoy-y-sus-horarios/,1902,Agenda de los dominicanos en los Juegos Centroamericanos Santo Domingo 2026 para hoy 29 de julio,/empresas/sport-business/agenda-de-los-dominicanos-en-los-juegos-centroamericanos-santo-domingo-2026-para-hoy-29-de-julio/,462
Elba Reyes,sport business,0.55,"Cuadro de octavos de final del Mundial 2026: Partidos, cruces y fechas confirmadas",/empresas/sport-business/cuadro-de-octavos-de-final-del-mundial-2026-partidos-cruces-y-fechas-confirmadas/,1740,Mundial 2026: conoce los cruces confirmados de los Octavos de Final tras los partidos de hoy,/empresas/sport-business/mundial-2026-conoce-los-cruces-confirmados-de-los-octavos-de-final/,201
Andrea Mercedes,sport business,0.55,¿Cómo ver y qué saber sobre los Juegos Centroamericanos y del Caribe Santo Domingo 2026 en RD?,/money-invest/daily-news/como-ver-juegos-centroamericanos-santo-domingo-2026-rd/,1942,Cuándo empiezan los Juegos Centroamericanos y del Caribe Santo Domingo 2026? Fechas y calendario,/money-invest/daily-news/juegos-centroamericanos-caribe-santo-domingo-2026-fechas-calendario/,728
Elba Reyes,sport business,0.55,"Cuadro de octavos de final del Mundial 2026: Partidos, cruces y fechas confirmadas",/empresas/sport-business/cuadro-de-octavos-de-final-del-mundial-2026-partidos-cruces-y-fechas-confirmadas/,1740,Mundial 2026: conoce los cruces confirmados de los Octavos de Final tras los partidos de hoy,/empresas/sport-business/mundial-2026-conoce-los-cruces-confirmados-de-los-octavos-de-final-tras-los-partidos-de-hoy/,1602
Elba Reyes,sport business,0.55,Agenda de los dominicanos en los Juegos Centroamericanos Santo Domingo 2026 para hoy 29 de julio,/empresas/sport-business/agenda-de-los-dominicanos-en-los-juegos-centroamericanos-santo-domingo-2026-para-hoy-29-de-julio/,462,Juegos Centroamericanos Santo Domingo 2026: dominicanos que compiten hoy y sus horarios,/empresas/sport-business/juegos-centroamericanos-santo-domingo-2026-dominicanos-que-compiten-hoy-y-sus-horarios-2/,316
Jhojhanni Fiorini,actualidad,0.54,"Partidos de hoy, miércoles 29 de julio del 2026 EN VIVO: horarios y dónde ver fútbol",/actualidad/partidos-de-hoy-miercoles-29-de-julio-del-2026-en-vivo-horarios-y-donde-ver-futbol/,155,"Partidos del Mundial 2026 HOY, lunes 6 de julio: horarios en RD, canales TV y dónde ver fútbol en vivo",/actualidad/partidos-del-mundial-2026-hoy-lunes-6-de-julio-horarios-en-rd-canales-tv-y-donde-ver-futbol-en-vivo/,82
Jhojhanni Fiorini,actualidad,0.54,"Partidos de hoy, viernes 31 de julio del 2026 EN VIVO: horarios y dónde ver fútbol",/actualidad/partidos-de-hoy-viernes-31-de-julio-del-2026-en-vivo-horarios-y-donde-ver-futbol/,274,"Partidos del Mundial 2026 HOY, lunes 6 de julio: horarios en RD, canales TV y dónde ver fútbol en vivo",/actualidad/partidos-del-mundial-2026-hoy-lunes-6-de-julio-horarios-en-rd-canales-tv-y-donde-ver-futbol-en-vivo/,82
Elba Reyes,sport business,0.5,Mundial 2026: conoce los cruces confirmados de los Octavos de Final tras los partidos de hoy,/empresas/sport-business/mundial-2026-conoce-los-cruces-confirmados-de-los-octavos-de-final-tras-los-partidos-de-hoy/,1602,Mundial 2026: estos son los cruces confirmados para los 16avos de final,/empresas/sport-business/mundial-2026-estos-son-los-cruces-confirmados-para-los-16avos-de-final/,107
Rodrigo Muñoz,empresas,0.5,Ranking: Las 10 empresas con más empleados en el mundo en 2025,/empresas/ranking-las-10-empresas-con-mas-empleados-en-el-mundo-en-2025/,157,Ranking: Los 10 mejores CEOs del mundo en 2025,/empresas/ranking-los-10-mejores-ceos-del-mundo-en-2025/,73
Edwin Lozada,sport business,0.5,República Dominicana queda a dos medallas de una marca histórica en Santo Domingo 2026,/empresas/sport-business/republica-dominicana-1000-medallas-juegos-centroamericanos-2026/,665,¿Qué deporte le ha dado más medallas a República Dominicana en Santo Domingo 2026?,/empresas/sport-business/deportes-mas-medallas-republica-dominicana-juegos-centroamericanos-2026/,368
Elba Reyes,sport business,0.5,Mundial 2026: conoce los cruces confirmados de los Octavos de Final tras los partidos de hoy,/empresas/sport-business/mundial-2026-conoce-los-cruces-confirmados-de-los-octavos-de-final/,201,Mundial 2026: estos son los cruces confirmados para los 16avos de final,/empresas/sport-business/mundial-2026-estos-son-los-cruces-confirmados-para-los-16avos-de-final/,107
Jhojhanni Fiorini,internacional,0.5,Países más endeudados con el FMI en Latinoamérica 2026: Así quedó el ranking,/money-invest/daily-news/paises-mas-endeudados-con-el-fmi-en-latinoamerica-2026-asi-quedo-el-ranking/,1140,Ranking de los países más corruptos de Latinoamérica en 2026,/money-invest/internacional-economia/ranking-de-los-paises-mas-corruptos-de-latinoamerica-en-2026/,973
Edwin Lozada,sport business,0.5,Los deportes donde República Dominicana tiene más opciones de ganar medallas en Santo Domingo 2026,/empresas/sport-business/deportes-republica-dominicana-mas-opciones-medallas-santo-domingo-2026/,415,¿Qué deporte le ha dado más medallas a República Dominicana en Santo Domingo 2026?,/empresas/sport-business/deportes-mas-medallas-republica-dominicana-juegos-centroamericanos-2026/,368
Andrea Mercedes,daily news,0.46,¿Cuándo se inaugura el paso a desnivel de la Plaza de la Bandera? Fecha clave para el tránsito de Santo Domingo,/money-invest/daily-news/inauguracion-paso-desnivel-plaza-bandera/,161,Abinader inaugura el túnel de la Plaza de la Bandera: así transformará el tránsito en Santo Domingo,/money-invest/daily-news/abinader-inaugura-tunel-plaza-bandera-transito-santo-domingo/,88
Elba Reyes,sport business,0.46,"Mundial 2026: así quedó el cuadro de los Cuartos de Final tras los octavos, fecha y hora para ver los partidos",/empresas/sport-business/mundial-2026-asi-quedo-el-cuadro-de-los-cuartos-de-final-tras-los-octavos-fecha-y-hora-para-ver-los-partidos/,8436,Mundial 2026: así quedó el cuadro de los octavos de final tras los últimos resultados,/empresas/sport-business/mundial-2026-asi-quedo-el-cuadro-de-los-octavos-de-final-tras-los-ultimos-resultados/,4631
Andrea Mercedes,sport business,0.46,"Santo Domingo recibe los Juegos Centroamericanos 2026: guía con calendario, boletos y sedes",/money-invest/daily-news/juegos-centroamericanos-santo-domingo-2026-guia-calendario-boletos-sedes/,982,Cuándo empiezan los Juegos Centroamericanos y del Caribe Santo Domingo 2026? Fechas y calendario,/money-invest/daily-news/juegos-centroamericanos-caribe-santo-domingo-2026-fechas-calendario/,728
Elba Reyes,sport business,0.45,"Octavos de final del Mundial 2026: clasificados, cruces y fechas confirmadas",/empresas/sport-business/octavos-de-final-del-mundial-2026-clasificados-cruces-y-fechas-confirmadas/,412,Mundial 2026: conoce los cruces confirmados de los Octavos de Final tras los partidos de hoy,/empresas/sport-business/mundial-2026-conoce-los-cruces-confirmados-de-los-octavos-de-final/,201
Elba Reyes,actualidad,0.45,Votaciones del Juego de Estrellas MLB 2026: ¿Qué dominicanos serán titulares?,/actualidad/votaciones-del-juego-de-estrellas-mlb-2026-que-dominicanos-seran-titulares/,642,¿Cómo quedó el Juego de Estrellas 2026 de la MLB y cómo les fue a los dominicanos?,/actualidad/como-quedo-el-juego-de-estrellas-2026-de-la-mlb-y-como-les-fue-a-los-dominicanos/,106
Elba Reyes,devices,0.45,Ocultar número en WhatsApp 2026: Cómo funciona el nuevo nombre de usuario,/technology/devices/ocultar-numero-en-whatsapp-2026-como-funciona-el-nuevo-nombre-de-usuario/,248,Nombres de usuario en WhatsApp 2026: Cómo crear el tuyo y ocultar tu número,/technology/devices/nombres-de-usuario-en-whatsapp-2026-como-crear-el-tuyo-y-ocultar-tu-numero/,120
Elba Reyes,devices,0.45,WhatsApp : Cómo chatear con alguien sin agregar su número de teléfono.,/technology/devices/whatsapp-como-chatear-con-alguien-sin-agregar-su-numero-de-telefono/,148,¿Cómo funciona la nueva herramienta de WhatsApp para chatear con alguien sin pedirle su número?,/technology/devices/como-funciona-la-nueva-herramienta-de-whatsapp-para-chatear-con-alguien-sin-pedirle-su-numero/,143
Elba Reyes,sport business,0.45,Mundial 2026: conoce los cruces confirmados de los Octavos de Final tras los partidos de hoy,/empresas/sport-business/mundial-2026-conoce-los-cruces-confirmados-de-los-octavos-de-final-tras-los-partidos-de-hoy/,1602,"Octavos de final del Mundial 2026: clasificados, cruces y fechas confirmadas",/empresas/sport-business/octavos-de-final-del-mundial-2026-clasificados-cruces-y-fechas-confirmadas/,412
Elba Reyes,sport business,0.45,"Mundial 2026: cruces de semifinales, equipos clasificados y fechas de los partidos",/empresas/sport-business/mundial-2026-cruces-de-semifinales-equipos-clasificados-y-fechas-de-los-partidos/,1308,"Octavos de final del Mundial 2026: clasificados, cruces y fechas confirmadas",/empresas/sport-business/octavos-de-final-del-mundial-2026-clasificados-cruces-y-fechas-confirmadas/,412
Elba Reyes,experiencias,0.45,Ranking 2026: Las 10 mejores ciudades del mundo para vivir y trabajar,/lifestyle/experiencias/ranking-2026-las-10-mejores-ciudades-del-mundo-para-vivir-y-trabajar/,262,Las 10 ciudades con mejor calidad de vida en el mundo para vivir y trabajar,/lifestyle/experiencias/las-10-ciudades-con-mejor-calidad-de-vida-en-el-mundo-para-vivir-y-trabajar/,76
