autor,entidad,tipo,notas_mes,estado,motivo,ratio_declive_impresiones,ratio_tendencia_reciente
Ana Sosa,IA,entidad,4,ACTIVA,aporte diario de impresiones estable o al alza en los últimos días,,-0.172
Ana Sosa,inteligencia artificial,tema,4,CONCLUIDA,aporte diario de impresiones cayó a -49% de su nivel de hace unos días,0.084,-0.494
Ana Sosa,Mundial,tema,1,CONCLUIDA,impresiones del mes en 4% de su pico mensual histórico,0.042,
Ana Sosa,pone a prueba,tema,1,CONCLUIDA,impresiones del mes en 0% de su pico mensual histórico,0.0,
Ana Sosa,EE UU,entidad,5,SIN_DATOS,sin señal de declive detectada,,
Ana Sosa,Estados Unidos,entidad,3,SIN_DATOS,sin señal de declive detectada,,
Ana Sosa,China,entidad,2,SIN_DATOS,sin señal de declive detectada,,
Ana Sosa,Elon Musk,entidad,2,SIN_DATOS,sin señal de declive detectada,,
Ana Sosa,Venezuela,entidad,2,SIN_DATOS,sin señal de declive detectada,,
Ana Sosa,Ormuz,entidad,2,SIN_DATOS,sin señal de declive detectada,,
Ana Sosa,global cuánto podría subir,tema,2,SIN_DATOS,sin señal de declive detectada,,
Ana Sosa,continúa la crisis,tema,2,SIN_DATOS,sin señal de declive detectada,,
Ana Sosa,estrecho de ormuz,tema,2,SIN_DATOS,sin señal de declive detectada,,
Ana Sosa,US,entidad,1,SIN_DATOS,sin señal de declive detectada,,
Ana Sosa,Apple,entidad,1,SIN_DATOS,sin señal de declive detectada,,
Ana Sosa,GLP,entidad,1,SIN_DATOS,sin señal de declive detectada,,
Ana Sosa,York,entidad,1,SIN_DATOS,sin señal de declive detectada,,
Ana Sosa,turismo global,tema,1,SIN_DATOS,sin señal de declive detectada,,
Ana Sosa,Trump,entidad,1,SIN_DATOS,sin señal de declive detectada,,
Ana Sosa,Irán,entidad,1,SIN_DATOS,sin señal de declive detectada,,
Ana Sosa,medicamentos glp,tema,1,SIN_DATOS,sin señal de declive detectada,,
Ana Sosa,Caribe,entidad,1,SIN_DATOS,sin señal de declive detectada,,
Ana Sosa,Meta,entidad,1,SIN_DATOS,sin señal de declive detectada,,
Andrea Mercedes,EE UU,entidad,14,ACTIVA,aporte diario de impresiones estable o al alza en los últimos días,0.345,0.563
Andrea Mercedes,resultados de leidsa,entidad,6,ACTIVA,sigue en 30% de su pico mensual histórico,0.301,
Andrea Mercedes,América Latina,entidad,6,ACTIVA,sigue en 55% de su pico mensual histórico,0.551,
Andrea Mercedes,US,entidad,5,ACTIVA,aporte diario de impresiones estable o al alza en los últimos días,0.221,0.528
Andrea Mercedes,Gobierno,entidad,3,ACTIVA,sigue en 20% de su pico mensual histórico,0.2,
Andrea Mercedes,dominicana,entidad,3,ACTIVA,aporte diario de impresiones estable o al alza en los últimos días,1.0,-0.891
Andrea Mercedes,código penal,entidad,2,ACTIVA,aporte diario de impresiones estable o al alza en los últimos días,1.0,0.488
Andrea Mercedes,España,entidad,2,ACTIVA,sigue en 19% de su pico mensual histórico,0.189,
Andrea Mercedes,Brasil,entidad,2,ACTIVA,sigue en 40% de su pico mensual histórico,0.404,
Andrea Mercedes,Elon Musk,entidad,2,ACTIVA,aporte diario de impresiones estable o al alza en los últimos días,,0.365
Andrea Mercedes,acceder al beneficio,tema,2,ACTIVA,aporte diario de impresiones estable o al alza en los últimos días,,0.761
Andrea Mercedes,musk sufre la pérdida,tema,2,ACTIVA,aporte diario de impresiones estable o al alza en los últimos días,,0.364
Andrea Mercedes,patrimonio neto,tema,2,ACTIVA,aporte diario de impresiones estable o al alza en los últimos días,,0.364
Andrea Mercedes,Niño,entidad,1,ACTIVA,sigue en 68% de su pico mensual histórico,0.678,
Andrea Mercedes,tribunal constitucional,entidad,1,ACTIVA,sigue en 100% de su pico mensual histórico,1.0,
Andrea Mercedes,C,entidad,1,ACTIVA,sigue en 54% de su pico mensual histórico,0.539,
Andrea Mercedes,cuánto dinero,tema,1,ACTIVA,sigue en 24% de su pico mensual histórico,0.24,
Andrea Mercedes,Blanca,entidad,1,ACTIVA,sigue en 100% de su pico mensual histórico,1.0,
Andrea Mercedes,sismo de magnitud,tema,1,ACTIVA,aporte diario de impresiones estable o al alza en los últimos días,,1.272
Andrea Mercedes,Santo Domingo,entidad,5,CONCLUIDA,impresiones del mes en 15% de su pico mensual histórico,0.148,
Andrea Mercedes,bono a mil,entidad,5,CONCLUIDA,aporte diario de impresiones cayó a 18% de su nivel de hace unos días,,0.175
Andrea Mercedes,Colombia,entidad,4,CONCLUIDA,aporte diario de impresiones cayó a 0% de su nivel de hace unos días,0.013,0.001
Andrea Mercedes,Donald Trump,entidad,4,CONCLUIDA,impresiones del mes en 2% de su pico mensual histórico,0.015,
Andrea Mercedes,eclipse solar,tema,3,CONCLUIDA,aporte diario de impresiones cayó a 0% de su nivel de hace unos días,0.185,0.005
Andrea Mercedes,siete meses,tema,3,CONCLUIDA,aporte diario de impresiones cayó a 30% de su nivel de hace unos días,,0.298
Andrea Mercedes,Abinader,entidad,2,CONCLUIDA,impresiones del mes en 4% de su pico mensual histórico,0.045,
Andrea Mercedes,Caribe,entidad,2,CONCLUIDA,aporte diario de impresiones cayó a -2995% de su nivel de hace unos días,0.081,-29.947
Andrea Mercedes,York,entidad,2,CONCLUIDA,impresiones del mes en 0% de su pico mensual histórico,0.003,
Andrea Mercedes,metro de santo,tema,2,CONCLUIDA,aporte diario de impresiones cayó a 17% de su nivel de hace unos días,0.036,0.168
Andrea Mercedes,Luna,entidad,2,CONCLUIDA,impresiones del mes en 0% de su pico mensual histórico,0.001,
Andrea Mercedes,tus hijos están,tema,2,CONCLUIDA,aporte diario de impresiones cayó a 7% de su nivel de hace unos días,,0.069
Andrea Mercedes,mil cómo consultar,tema,2,CONCLUIDA,aporte diario de impresiones cayó a 7% de su nivel de hace unos días,,0.069
Andrea Mercedes,están en la lista,tema,2,CONCLUIDA,aporte diario de impresiones cayó a 7% de su nivel de hace unos días,,0.069
Andrea Mercedes,estabilidad del peso,tema,2,CONCLUIDA,aporte diario de impresiones cayó a 8% de su nivel de hace unos días,,0.077
Andrea Mercedes,Venezuela,entidad,1,CONCLUIDA,impresiones del mes en 13% de su pico mensual histórico,0.129,
Andrea Mercedes,Trump,entidad,1,CONCLUIDA,impresiones del mes en 9% de su pico mensual histórico,0.091,
Andrea Mercedes,papa león,entidad,1,CONCLUIDA,impresiones del mes en 7% de su pico mensual histórico,0.07,
Andrea Mercedes,casa blanca,tema,1,CONCLUIDA,impresiones del mes en 1% de su pico mensual histórico,0.008,
Andrea Mercedes,China,entidad,1,CONCLUIDA,impresiones del mes en 2% de su pico mensual histórico,0.019,
Andrea Mercedes,Abelardo de la Espriella,entidad,1,CONCLUIDA,impresiones del mes en 9% de su pico mensual histórico,0.093,
Andrea Mercedes,Santiago,entidad,1,CONCLUIDA,impresiones del mes en 6% de su pico mensual histórico,0.056,
Andrea Mercedes,NASA,entidad,1,CONCLUIDA,impresiones del mes en 6% de su pico mensual histórico,0.062,
Andrea Mercedes,tormenta tropical,tema,1,CONCLUIDA,impresiones del mes en 1% de su pico mensual histórico,0.013,
Andrea Mercedes,momento del impactante terremoto,tema,1,CONCLUIDA,aporte diario de impresiones cayó a 0% de su nivel de hace unos días,,0.0
Andrea Mercedes,terremoto de que sacudió,tema,1,CONCLUIDA,aporte diario de impresiones cayó a 0% de su nivel de hace unos días,,0.0
Andrea Mercedes,IA,entidad,1,CONCLUIDA,impresiones del mes en 1% de su pico mensual histórico,0.012,
Andrea Mercedes,primer país,tema,1,CONCLUIDA,aporte diario de impresiones cayó a 4% de su nivel de hace unos días,0.093,0.04
Andrea Mercedes,cuánto costará,tema,1,CONCLUIDA,impresiones del mes en 8% de su pico mensual histórico,0.085,
Andrea Mercedes,próxima semana,tema,1,CONCLUIDA,impresiones del mes en 0% de su pico mensual histórico,0.0,
Andrea Mercedes,Estados Unidos,entidad,10,SIN_DATOS,sin señal de declive detectada,,
Andrea Mercedes,año escolar,tema,4,SIN_DATOS,sin señal de declive detectada,,
Andrea Mercedes,elecciones en brasil,tema,4,SIN_DATOS,sin señal de declive detectada,,
Andrea Mercedes,Europa,entidad,4,SIN_DATOS,sin señal de declive detectada,,
Andrea Mercedes,Ito Bisonó,entidad,3,SIN_DATOS,sin señal de declive detectada,,
Andrea Mercedes,Flávio Bolsonaro,entidad,3,SIN_DATOS,sin señal de declive detectada,,
Andrea Mercedes,inicio del año escolar,tema,3,SIN_DATOS,sin señal de declive detectada,,
Andrea Mercedes,Atlántico,entidad,3,SIN_DATOS,sin señal de declive detectada,,
Andrea Mercedes,elecciones en brasil lula,entidad,3,SIN_DATOS,sin señal de declive detectada,,
Andrea Mercedes,Banco Central,entidad,3,SIN_DATOS,sin señal de declive detectada,,
Andrea Mercedes,truth social,tema,3,SIN_DATOS,sin señal de declive detectada,,
Andrea Mercedes,Cuba,entidad,2,SIN_DATOS,sin señal de declive detectada,,
Andrea Mercedes,Luis Abinader,entidad,2,SIN_DATOS,sin señal de declive detectada,,
Andrea Mercedes,cuánto cuesta,tema,2,SIN_DATOS,sin señal de declive detectada,,
Andrea Mercedes,nuevas restricciones,tema,2,SIN_DATOS,sin señal de declive detectada,,
Andrea Mercedes,Espriella,entidad,2,SIN_DATOS,sin señal de declive detectada,,
Andrea Mercedes,Schengen,entidad,2,SIN_DATOS,sin señal de declive detectada,,
Andrea Mercedes,Patriot Passport,entidad,2,SIN_DATOS,sin señal de declive detectada,,
Andrea Mercedes,deuda pública,tema,2,SIN_DATOS,sin señal de declive detectada,,
Andrea Mercedes,millones de visitantes,tema,2,SIN_DATOS,sin señal de declive detectada,,
Andrea Mercedes,terremotos de magnitud,tema,2,SIN_DATOS,sin señal de declive detectada,,
Andrea Mercedes,visa que alejan,tema,2,SIN_DATOS,sin señal de declive detectada,,
Andrea Mercedes,alejan a los estudiantes,tema,2,SIN_DATOS,sin señal de declive detectada,,
Andrea Mercedes,importados en república dominicana,tema,2,SIN_DATOS,sin señal de declive detectada,,
Andrea Mercedes,alianza en arizona,entidad,2,SIN_DATOS,sin señal de declive detectada,,
Andrea Mercedes,dominicana entrar al negocio,tema,2,SIN_DATOS,sin señal de declive detectada,,
Andrea Mercedes,importante para república dominicana,tema,2,SIN_DATOS,sin señal de declive detectada,,
Andrea Mercedes,semiconductores con alianza,tema,2,SIN_DATOS,sin señal de declive detectada,,
Andrea Mercedes,quién mueve,tema,2,SIN_DATOS,sin señal de declive detectada,,
Andrea Mercedes,cuesta viajar a estados,tema,2,SIN_DATOS,sin señal de declive detectada,,
Andrea Mercedes,unidos desde república dominicana,tema,2,SIN_DATOS,sin señal de declive detectada,,
Andrea Mercedes,competencia para claro,tema,2,SIN_DATOS,sin señal de declive detectada,,
Andrea Mercedes,nuevas restricciones de visa,tema,2,SIN_DATOS,sin señal de declive detectada,,
Andrea Mercedes,reclamos de la adp,entidad,2,SIN_DATOS,sin señal de declive detectada,,
Andrea Mercedes,renuncia del canciller roberto,entidad,2,SIN_DATOS,sin señal de declive detectada,,
Andrea Mercedes,Claro y Altice Viettel,entidad,2,SIN_DATOS,sin señal de declive detectada,,
Andrea Mercedes,Tim Curry,entidad,2,SIN_DATOS,sin señal de declive detectada,,
Andrea Mercedes,Dolly Parton,entidad,2,SIN_DATOS,sin señal de declive detectada,,
Andrea Mercedes,Viettel,entidad,2,SIN_DATOS,sin señal de declive detectada,,
Andrea Mercedes,nombran a ito bisonó,tema,2,SIN_DATOS,sin señal de declive detectada,,
Andrea Mercedes,dominicana aceptan la renuncia,tema,2,SIN_DATOS,sin señal de declive detectada,,
Andrea Mercedes,alista para ofrecer telefonía,tema,2,SIN_DATOS,sin señal de declive detectada,,
Andrea Mercedes,pugna por cupos,tema,2,SIN_DATOS,sin señal de declive detectada,,
Andrea Mercedes,estudiantes extranjeros,tema,2,SIN_DATOS,sin señal de declive detectada,,
Andrea Mercedes,habrá docencia,tema,2,SIN_DATOS,sin señal de declive detectada,,
Andrea Mercedes,escolar marcado por reclamos,tema,2,SIN_DATOS,sin señal de declive detectada,,
Andrea Mercedes,Santa Lucía y Matías Ramón Mella,entidad,2,SIN_DATOS,sin señal de declive detectada,,
Andrea Mercedes,provincias tendría república dominicana,tema,2,SIN_DATOS,sin señal de declive detectada,,
Andrea Mercedes,dominicana con la creación,tema,2,SIN_DATOS,sin señal de declive detectada,,
Andrea Mercedes,plantean que inabie,tema,2,SIN_DATOS,sin señal de declive detectada,,
Andrea Mercedes,campo dominicano,tema,2,SIN_DATOS,sin señal de declive detectada,,
Andrea Mercedes,comedores económicos adquieran,entidad,2,SIN_DATOS,sin señal de declive detectada,,
Andrea Mercedes,única sede del gobierno,tema,2,SIN_DATOS,sin señal de declive detectada,,
Andrea Mercedes,turismo en república dominicana,tema,2,SIN_DATOS,sin señal de declive detectada,,
Andrea Mercedes,república dominicana rompe récord,tema,2,SIN_DATOS,sin señal de declive detectada,,
Andrea Mercedes,récord con millones,tema,2,SIN_DATOS,sin señal de declive detectada,,
Andrea Mercedes,visitantes en siete meses,tema,2,SIN_DATOS,sin señal de declive detectada,,
Andrea Mercedes,Miami,entidad,2,SIN_DATOS,sin señal de declive detectada,,
Andrea Mercedes,dos ciudades,tema,2,SIN_DATOS,sin señal de declive detectada,,
Andrea Mercedes,caro vivir,tema,2,SIN_DATOS,sin señal de declive detectada,,
Andrea Mercedes,salario mínimo,tema,2,SIN_DATOS,sin señal de declive detectada,,
Andrea Mercedes,poder adquisitivo,tema,2,SIN_DATOS,sin señal de declive detectada,,
Andrea Mercedes,países de europa,tema,2,SIN_DATOS,sin señal de declive detectada,,
Andrea Mercedes,europa con mejor salario,tema,2,SIN_DATOS,sin señal de declive detectada,,
Andrea Mercedes,mínimo y mayor poder,tema,2,SIN_DATOS,sin señal de declive detectada,,
Andrea Mercedes,vive la mayoría,tema,2,SIN_DATOS,sin señal de declive detectada,,
Andrea Mercedes,divide la población,tema,2,SIN_DATOS,sin señal de declive detectada,,
Andrea Mercedes,mayoría de los dominicanos,tema,2,SIN_DATOS,sin señal de declive detectada,,
Andrea Mercedes,población entre la capital,tema,2,SIN_DATOS,sin señal de declive detectada,,
Andrea Mercedes,capital y las provincias,tema,2,SIN_DATOS,sin señal de declive detectada,,
Andrea Mercedes,Gobierno en Colombia,entidad,2,SIN_DATOS,sin señal de declive detectada,,
Andrea Mercedes,bogotá dejará,entidad,2,SIN_DATOS,sin señal de declive detectada,,
Andrea Mercedes,mantienen normales,tema,2,SIN_DATOS,sin señal de declive detectada,,
Andrea Mercedes,encuestas ante flávio bolsonaro,tema,2,SIN_DATOS,sin señal de declive detectada,,
Andrea Mercedes,bolsonaro pero la contienda,tema,2,SIN_DATOS,sin señal de declive detectada,,
Andrea Mercedes,presuntamente comercializar accesos rápidos,tema,2,SIN_DATOS,sin señal de declive detectada,,
Andrea Mercedes,privilegios en truth social,entidad,2,SIN_DATOS,sin señal de declive detectada,,
Andrea Mercedes,Demandan a Donald Trump,entidad,2,SIN_DATOS,sin señal de declive detectada,,
Andrea Mercedes,República Dominicana y Colombia,entidad,2,SIN_DATOS,sin señal de declive detectada,,
Andrea Mercedes,vuelos entre república dominicana,tema,2,SIN_DATOS,sin señal de declive detectada,,
Andrea Mercedes,argumentos de washington,entidad,2,SIN_DATOS,sin señal de declive detectada,,
Andrea Mercedes,como punto de transbordo,tema,2,SIN_DATOS,sin señal de declive detectada,,
Andrea Mercedes,transbordo de productos chinos,tema,2,SIN_DATOS,sin señal de declive detectada,,
Andrea Mercedes,tormenta política en europa,tema,2,SIN_DATOS,sin señal de declive detectada,,
Andrea Mercedes,tratados impiden expulsar,tema,2,SIN_DATOS,sin señal de declive detectada,,
Andrea Mercedes,zona schengen,tema,2,SIN_DATOS,sin señal de declive detectada,,
Andrea Mercedes,españa de la zona,tema,2,SIN_DATOS,sin señal de declive detectada,,
Andrea Mercedes,estados unidos reembolsa,tema,2,SIN_DATOS,sin señal de declive detectada,,
Andrea Mercedes,impulsa una nueva emisión,tema,2,SIN_DATOS,sin señal de declive detectada,,
Andrea Mercedes,imagen de donald trump,tema,2,SIN_DATOS,sin señal de declive detectada,,
Andrea Mercedes,patriot passport con imagen,tema,2,SIN_DATOS,sin señal de declive detectada,,
Andrea Mercedes,emisión del patriot passport,tema,2,SIN_DATOS,sin señal de declive detectada,,
Andrea Mercedes,importadores por aranceles anulados,tema,2,SIN_DATOS,sin señal de declive detectada,,
Andrea Mercedes,millones a importadores,tema,2,SIN_DATOS,sin señal de declive detectada,,
Andrea Mercedes,crisis del petróleo,tema,2,SIN_DATOS,sin señal de declive detectada,,
Andrea Mercedes,unidos en y cuánto,tema,2,SIN_DATOS,sin señal de declive detectada,,
Andrea Mercedes,caros de estados unidos,tema,2,SIN_DATOS,sin señal de declive detectada,,
Andrea Mercedes,cuánto cuesta comprar casa,tema,2,SIN_DATOS,sin señal de declive detectada,,
Andrea Mercedes,mercados inmobiliarios más caros,tema,2,SIN_DATOS,sin señal de declive detectada,,
Andrea Mercedes,prevé que la crisis,tema,2,SIN_DATOS,sin señal de declive detectada,,
Andrea Mercedes,alta demanda impulsa,tema,2,SIN_DATOS,sin señal de declive detectada,,
Andrea Mercedes,negocio de los semiconductores,tema,2,SIN_DATOS,sin señal de declive detectada,,
Andrea Mercedes,fallo histórico,tema,1,SIN_DATOS,sin señal de declive detectada,,
Andrea Mercedes,redes sociales,tema,1,SIN_DATOS,sin señal de declive detectada,,
Andrea Mercedes,pasajes de avión,tema,1,SIN_DATOS,sin señal de declive detectada,,
Andrea Mercedes,sabe hasta ahora,tema,1,SIN_DATOS,sin señal de declive detectada,,
Andrea Mercedes,primer semestre,tema,1,SIN_DATOS,sin señal de declive detectada,,
Andrea Mercedes,Ceuta,entidad,1,SIN_DATOS,sin señal de declive detectada,,
Andrea Mercedes,Superintendencia,entidad,1,SIN_DATOS,sin señal de declive detectada,,
Andrea Mercedes,JCE,entidad,1,SIN_DATOS,sin señal de declive detectada,,
Andrea Mercedes,durante años,tema,1,SIN_DATOS,sin señal de declive detectada,,
Andrea Mercedes,Xi Jinping,entidad,1,SIN_DATOS,sin señal de declive detectada,,
Andrea Mercedes,Mescyt,entidad,1,SIN_DATOS,sin señal de declive detectada,,
Andrea Mercedes,unión de paramount,tema,1,SIN_DATOS,sin señal de declive detectada,,
Andrea Mercedes,juicio que busca frenar,tema,1,SIN_DATOS,sin señal de declive detectada,,
Andrea Mercedes,freno de la justicia,tema,1,SIN_DATOS,sin señal de declive detectada,,
Andrea Mercedes,dos años,tema,1,SIN_DATOS,sin señal de declive detectada,,
Andrea Mercedes,razones detrás,tema,1,SIN_DATOS,sin señal de declive detectada,,
Andrea Mercedes,Paramount y Warner Bros,entidad,1,SIN_DATOS,sin señal de declive detectada,,
Andrea Mercedes,justicia a hollywood ponen,entidad,1,SIN_DATOS,sin señal de declive detectada,,
Andrea Mercedes,demanda histórica,tema,1,SIN_DATOS,sin señal de declive detectada,,
Andrea Mercedes,niño más fuerte,tema,1,SIN_DATOS,sin señal de declive detectada,,
Andrea Mercedes,pública de república dominicana,tema,1,SIN_DATOS,sin señal de declive detectada,,
Andrea Mercedes,aumentó la deuda pública,tema,1,SIN_DATOS,sin señal de declive detectada,,
Andrea Mercedes,ciudadanía por nacimiento,tema,1,SIN_DATOS,sin señal de declive detectada,,
Andrea Mercedes,mercado laboral,tema,1,SIN_DATOS,sin señal de declive detectada,,
Andrea Mercedes,inteligencia artificial,tema,1,SIN_DATOS,sin señal de declive detectada,,
Andrea Mercedes,alerta sanitaria,tema,1,SIN_DATOS,sin señal de declive detectada,,
Darling Gil,DR,entidad,3,SIN_DATOS,sin señal de declive detectada,,
Darling Gil,The Best,entidad,3,SIN_DATOS,sin señal de declive detectada,,
Darling Gil,región norte,entidad,2,SIN_DATOS,sin señal de declive detectada,,
Darling Gil,verano brilla,tema,2,SIN_DATOS,sin señal de declive detectada,,
Darling Gil,CLERHP,entidad,1,SIN_DATOS,sin señal de declive detectada,,
Darling Gil,innovación y atención personalizada,tema,1,SIN_DATOS,sin señal de declive detectada,,
Edwin Lozada,Argentina,entidad,1,ACTIVA,sigue en 17% de su pico mensual histórico,0.171,
Edwin Lozada,Lionel Messi,entidad,7,CONCLUIDA,aporte diario de impresiones cayó a 10% de su nivel de hace unos días,,0.103
Edwin Lozada,juegos centroamericanos,entidad,4,CONCLUIDA,aporte diario de impresiones cayó a 5% de su nivel de hace unos días,1.0,0.046
Edwin Lozada,Santo Domingo,entidad,2,CONCLUIDA,aporte diario de impresiones cayó a 6% de su nivel de hace unos días,1.0,0.056
Edwin Lozada,santo domingo en vivo,tema,2,CONCLUIDA,aporte diario de impresiones cayó a 5% de su nivel de hace unos días,1.0,0.05
Edwin Lozada,Jorge Messi,entidad,2,CONCLUIDA,aporte diario de impresiones cayó a 10% de su nivel de hace unos días,,0.097
Edwin Lozada,sismo de magnitud,tema,2,CONCLUIDA,aporte diario de impresiones cayó a 0% de su nivel de hace unos días,,0.003
Edwin Lozada,República Dominicana en los Juegos Centroamericanos,entidad,2,CONCLUIDA,aporte diario de impresiones cayó a 6% de su nivel de hace unos días,,0.059
Edwin Lozada,Mundial,tema,1,CONCLUIDA,impresiones del mes en 16% de su pico mensual histórico,0.156,
Edwin Lozada,Colombia,entidad,1,CONCLUIDA,aporte diario de impresiones cayó a 0% de su nivel de hace unos días,0.003,0.0
Edwin Lozada,alerta de tsunami,tema,1,CONCLUIDA,impresiones del mes en 0% de su pico mensual histórico,0.005,
Edwin Lozada,Venezuela,entidad,1,CONCLUIDA,impresiones del mes en 0% de su pico mensual histórico,0.003,
Edwin Lozada,medallero santo,tema,1,CONCLUIDA,aporte diario de impresiones cayó a 5% de su nivel de hace unos días,1.0,0.052
Edwin Lozada,FIFA,entidad,2,SIN_DATOS,sin señal de declive detectada,,
Edwin Lozada,sabe sobre la causa,tema,2,SIN_DATOS,sin señal de declive detectada,,
Edwin Lozada,cinturón de fuego,tema,2,SIN_DATOS,sin señal de declive detectada,,
Edwin Lozada,ocurren tantos terremotos,tema,2,SIN_DATOS,sin señal de declive detectada,,
Edwin Lozada,pacífico qué países,entidad,2,SIN_DATOS,sin señal de declive detectada,,
Edwin Lozada,Dolly Parton,entidad,2,SIN_DATOS,sin señal de declive detectada,,
Edwin Lozada,Abinader,entidad,1,SIN_DATOS,sin señal de declive detectada,,
Elba Reyes,precio del dólar,tema,20,ACTIVA,sigue en 15% de su pico mensual histórico,0.154,
Elba Reyes,dólar hoy en república,tema,20,ACTIVA,sigue en 19% de su pico mensual histórico,0.193,
Elba Reyes,Apple,entidad,15,ACTIVA,aporte diario de impresiones estable o al alza en los últimos días,1.0,57.959
Elba Reyes,iphone pro,tema,11,ACTIVA,aporte diario de impresiones estable o al alza en los últimos días,1.0,0.465
Elba Reyes,Pro,entidad,10,ACTIVA,aporte diario de impresiones estable o al alza en los últimos días,1.0,0.753
Elba Reyes,Juegos Centroamericanos Santo Domingo,entidad,7,ACTIVA,aporte diario de impresiones estable o al alza en los últimos días,1.0,0.456
Elba Reyes,centroamericanos santo domingo agenda,tema,7,ACTIVA,aporte diario de impresiones estable o al alza en los últimos días,,0.473
Elba Reyes,festival presidente,entidad,7,ACTIVA,aporte diario de impresiones estable o al alza en los últimos días,,8.578
Elba Reyes,eclipse solar,tema,6,ACTIVA,aporte diario de impresiones estable o al alza en los últimos días,0.973,-0.013
Elba Reyes,WhatsApp,entidad,4,ACTIVA,aporte diario de impresiones estable o al alza en los últimos días,1.0,0.754
Elba Reyes,Santo Domingo,entidad,4,ACTIVA,aporte diario de impresiones estable o al alza en los últimos días,0.215,0.171
Elba Reyes,MLB,entidad,3,ACTIVA,sigue en 26% de su pico mensual histórico,0.26,
Elba Reyes,paso a paso,tema,2,ACTIVA,aporte diario de impresiones estable o al alza en los últimos días,1.0,0.338
Elba Reyes,precio estimado,tema,2,ACTIVA,aporte diario de impresiones estable o al alza en los últimos días,1.0,-0.097
Elba Reyes,Olímpico,entidad,2,ACTIVA,sigue en 100% de su pico mensual histórico,1.0,
Elba Reyes,bono a mil,tema,2,ACTIVA,aporte diario de impresiones estable o al alza en los últimos días,,1.298
Elba Reyes,Marileidy Paulino,entidad,2,ACTIVA,aporte diario de impresiones estable o al alza en los últimos días,,0.404
Elba Reyes,Netflix,entidad,1,ACTIVA,sigue en 83% de su pico mensual histórico,0.833,
Elba Reyes,Latinoamérica,entidad,1,ACTIVA,sigue en 29% de su pico mensual histórico,0.292,
Elba Reyes,América Latina,entidad,1,ACTIVA,sigue en 22% de su pico mensual histórico,0.217,
Elba Reyes,fin de semana,tema,1,ACTIVA,aporte diario de impresiones estable o al alza en los últimos días,0.231,-2.008
Elba Reyes,iphone pro max,entidad,1,ACTIVA,aporte diario de impresiones estable o al alza en los últimos días,1.0,-0.17
Elba Reyes,mejores ciudades,tema,1,ACTIVA,sigue en 26% de su pico mensual histórico,0.259,
Elba Reyes,liberar espacio,tema,1,ACTIVA,aporte diario de impresiones estable o al alza en los últimos días,1.0,0.384
Elba Reyes,récord histórico,tema,1,ACTIVA,sigue en 17% de su pico mensual histórico,0.173,
Elba Reyes,centroamericanos y del caribe,tema,1,ACTIVA,sigue en 100% de su pico mensual histórico,1.0,
Elba Reyes,Spider Man,entidad,1,ACTIVA,sigue en 100% de su pico mensual histórico,1.0,
Elba Reyes,Juegos Centroamericanos y del Caribe Santo Domingo,entidad,1,ACTIVA,sigue en 100% de su pico mensual histórico,1.0,
Elba Reyes,tus chats,tema,1,ACTIVA,aporte diario de impresiones estable o al alza en los últimos días,1.0,7.303
Elba Reyes,fecha de lanzamiento,tema,1,ACTIVA,aporte diario de impresiones estable o al alza en los últimos días,1.0,0.666
Elba Reyes,Reino Unido,entidad,1,ACTIVA,aporte diario de impresiones estable o al alza en los últimos días,0.323,-21.478
Elba Reyes,antes de morir,tema,1,ACTIVA,sigue en 100% de su pico mensual histórico,1.0,
Elba Reyes,melissa núñez,entidad,1,ACTIVA,aporte diario de impresiones estable o al alza en los últimos días,1.0,0.661
Elba Reyes,medalla de oro,tema,1,ACTIVA,sigue en 100% de su pico mensual histórico,1.0,
Elba Reyes,cuánto costará,tema,1,ACTIVA,sigue en 100% de su pico mensual histórico,1.0,
Elba Reyes,podrá ver,tema,1,ACTIVA,aporte diario de impresiones estable o al alza en los últimos días,1.0,0.004
Elba Reyes,eclipse solar total,tema,1,ACTIVA,aporte diario de impresiones estable o al alza en los últimos días,1.0,-0.016
Elba Reyes,Amazon,entidad,1,ACTIVA,aporte diario de impresiones estable o al alza en los últimos días,,0.358
Elba Reyes,juegos centroamericanos,entidad,10,CONCLUIDA,aporte diario de impresiones cayó a 13% de su nivel de hace unos días,1.0,0.133
Elba Reyes,resultados de la lotería,tema,7,CONCLUIDA,aporte diario de impresiones cayó a -1603% de su nivel de hace unos días,0.114,-16.028
Elba Reyes,lotería quiniela real,entidad,7,CONCLUIDA,aporte diario de impresiones cayó a -1611% de su nivel de hace unos días,0.114,-16.106
Elba Reyes,cuánto dinero,tema,6,CONCLUIDA,impresiones del mes en 6% de su pico mensual histórico,0.062,
Elba Reyes,Estados Unidos,entidad,5,CONCLUIDA,impresiones del mes en 4% de su pico mensual histórico,0.036,
Elba Reyes,Mundial,tema,3,CONCLUIDA,impresiones del mes en 14% de su pico mensual histórico,0.136,
Elba Reyes,España,entidad,3,CONCLUIDA,impresiones del mes en 2% de su pico mensual histórico,0.018,
Elba Reyes,resultados de leidsa,entidad,3,CONCLUIDA,aporte diario de impresiones cayó a 284% de su nivel de hace unos días,0.034,2.842
Elba Reyes,Cristiano Ronaldo,entidad,3,CONCLUIDA,impresiones del mes en 14% de su pico mensual histórico,0.14,
Elba Reyes,Quiniela Real del domingo,entidad,2,CONCLUIDA,aporte diario de impresiones cayó a -247% de su nivel de hace unos días,0.031,-2.474
Elba Reyes,Punta Cana,entidad,2,CONCLUIDA,impresiones del mes en 13% de su pico mensual histórico,0.127,
Elba Reyes,Bono,entidad,2,CONCLUIDA,aporte diario de impresiones cayó a 103% de su nivel de hace unos días,0.039,1.033
Elba Reyes,Venezuela,entidad,2,CONCLUIDA,aporte diario de impresiones cayó a 7% de su nivel de hace unos días,0.023,0.068
Elba Reyes,inteligencia artificial,tema,2,CONCLUIDA,impresiones del mes en 2% de su pico mensual histórico,0.02,
Elba Reyes,explicación científica,tema,2,CONCLUIDA,aporte diario de impresiones cayó a 7% de su nivel de hace unos días,0.403,0.07
Elba Reyes,artistas confirmados,tema,2,CONCLUIDA,impresiones del mes en 1% de su pico mensual histórico,0.007,
Elba Reyes,redes sociales,tema,2,CONCLUIDA,aporte diario de impresiones cayó a 22% de su nivel de hace unos días,,0.22
Elba Reyes,juan luis guerra,entidad,2,CONCLUIDA,aporte diario de impresiones cayó a 8% de su nivel de hace unos días,,0.076
Elba Reyes,dejará de funcionar,tema,1,CONCLUIDA,aporte diario de impresiones cayó a 4% de su nivel de hace unos días,1.0,0.044
Elba Reyes,FIFA,entidad,1,CONCLUIDA,impresiones del mes en 14% de su pico mensual histórico,0.138,
Elba Reyes,Juan Soto,entidad,1,CONCLUIDA,impresiones del mes en 14% de su pico mensual histórico,0.141,
Elba Reyes,US,entidad,1,CONCLUIDA,impresiones del mes en 12% de su pico mensual histórico,0.118,
Elba Reyes,Google,entidad,1,CONCLUIDA,aporte diario de impresiones cayó a -21% de su nivel de hace unos días,1.0,-0.211
Elba Reyes,Shakira,entidad,1,CONCLUIDA,impresiones del mes en 2% de su pico mensual histórico,0.025,
Elba Reyes,dominicana,entidad,1,CONCLUIDA,impresiones del mes en 10% de su pico mensual histórico,0.103,
Elba Reyes,Miami,entidad,1,CONCLUIDA,impresiones del mes en 11% de su pico mensual histórico,0.111,
Elba Reyes,caras del mundo,tema,1,CONCLUIDA,impresiones del mes en 16% de su pico mensual histórico,0.163,
Elba Reyes,espectáculo de clausura,tema,1,CONCLUIDA,impresiones del mes en 1% de su pico mensual histórico,0.012,
Elba Reyes,juegos,entidad,1,CONCLUIDA,aporte diario de impresiones cayó a 44% de su nivel de hace unos días,0.001,0.445
Elba Reyes,cuánto recaudó,tema,1,CONCLUIDA,impresiones del mes en 15% de su pico mensual histórico,0.15,
Elba Reyes,príncipe harry,tema,1,CONCLUIDA,impresiones del mes en 2% de su pico mensual histórico,0.021,
Elba Reyes,fin de una era,tema,1,CONCLUIDA,impresiones del mes en 3% de su pico mensual histórico,0.032,
Elba Reyes,medallas ganó república dominicana,tema,1,CONCLUIDA,aporte diario de impresiones cayó a 7% de su nivel de hace unos días,1.0,0.066
Elba Reyes,fortuna de cristiano ronaldo,tema,1,CONCLUIDA,impresiones del mes en 13% de su pico mensual histórico,0.128,
Elba Reyes,Zoe Saldaña,entidad,1,CONCLUIDA,impresiones del mes en 1% de su pico mensual histórico,0.014,
Elba Reyes,mundo donde,tema,1,CONCLUIDA,aporte diario de impresiones cayó a 1% de su nivel de hace unos días,,0.009
Elba Reyes,eclipse lunar,tema,5,SIN_DATOS,sin señal de declive detectada,,
Elba Reyes,Reinas del Caribe,entidad,3,SIN_DATOS,sin señal de declive detectada,,
Elba Reyes,terremoto en colombia,entidad,3,SIN_DATOS,sin señal de declive detectada,,
Elba Reyes,visita del papa españa,tema,3,SIN_DATOS,sin señal de declive detectada,,
Elba Reyes,dinero genera la visita,tema,3,SIN_DATOS,sin señal de declive detectada,,
Elba Reyes,NBA,entidad,2,SIN_DATOS,sin señal de declive detectada,,
Elba Reyes,precio del iphone pro,tema,2,SIN_DATOS,sin señal de declive detectada,,
Elba Reyes,mejores lugares,tema,2,SIN_DATOS,sin señal de declive detectada,,
Elba Reyes,iphone plegable,tema,2,SIN_DATOS,sin señal de declive detectada,,
Elba Reyes,mapa de los millonarios,tema,2,SIN_DATOS,sin señal de declive detectada,,
Elba Reyes,mudando la riqueza mundial,tema,2,SIN_DATOS,sin señal de declive detectada,,
Elba Reyes,Hayden Panettiere,entidad,2,SIN_DATOS,sin señal de declive detectada,,
Elba Reyes,república dominicana dónde verlo,tema,2,SIN_DATOS,sin señal de declive detectada,,
Elba Reyes,desafíos para lograrlo,tema,2,SIN_DATOS,sin señal de declive detectada,,
Elba Reyes,producir los alimentos,tema,2,SIN_DATOS,sin señal de declive detectada,,
Elba Reyes,necesita agua,tema,2,SIN_DATOS,sin señal de declive detectada,,
Elba Reyes,visado está afectado,tema,2,SIN_DATOS,sin señal de declive detectada,,
Elba Reyes,estados unidos revocará mil,tema,2,SIN_DATOS,sin señal de declive detectada,,
Elba Reyes,república dominicana para ver,tema,2,SIN_DATOS,sin señal de declive detectada,,
Elba Reyes,lugares de república dominicana,tema,2,SIN_DATOS,sin señal de declive detectada,,
Elba Reyes,harry y meghan,entidad,2,SIN_DATOS,sin señal de declive detectada,,
Elba Reyes,lista restringida,tema,2,SIN_DATOS,sin señal de declive detectada,,
Elba Reyes,clausura de los juegos,tema,2,SIN_DATOS,sin señal de declive detectada,,
Elba Reyes,primeros artistas confirmados,tema,2,SIN_DATOS,sin señal de declive detectada,,
Elba Reyes,presidente revelan los primeros,tema,2,SIN_DATOS,sin señal de declive detectada,,
Elba Reyes,pruebas de atletismo,tema,2,SIN_DATOS,sin señal de declive detectada,,
Elba Reyes,relación con los sismos,tema,2,SIN_DATOS,sin señal de declive detectada,,
Elba Reyes,sismos de venezuela,tema,2,SIN_DATOS,sin señal de declive detectada,,
Elba Reyes,tiene relación,tema,2,SIN_DATOS,sin señal de declive detectada,,
Elba Reyes,Centroamericanos,entidad,2,SIN_DATOS,sin señal de declive detectada,,
Elba Reyes,ver las pruebas,tema,2,SIN_DATOS,sin señal de declive detectada,,
Elba Reyes,Cristiano Ronaldo y Georgina Rodríguez,entidad,2,SIN_DATOS,sin señal de declive detectada,,
Elba Reyes,estadio olímpico,tema,2,SIN_DATOS,sin señal de declive detectada,,
Elba Reyes,reservar las boletas gratuitas,tema,2,SIN_DATOS,sin señal de declive detectada,,
Elba Reyes,DR,entidad,2,SIN_DATOS,sin señal de declive detectada,,
Elba Reyes,The Best,entidad,2,SIN_DATOS,sin señal de declive detectada,,
Elba Reyes,ministerio de trabajo,entidad,2,SIN_DATOS,sin señal de declive detectada,,
Elba Reyes,agua y otros desafíos,tema,2,SIN_DATOS,sin señal de declive detectada,,
Elba Reyes,IA,entidad,1,SIN_DATOS,sin señal de declive detectada,,
Elba Reyes,EE UU,entidad,1,SIN_DATOS,sin señal de declive detectada,,
Elba Reyes,Aybar,entidad,1,SIN_DATOS,sin señal de declive detectada,,
Elba Reyes,Mark Zuckerberg,entidad,1,SIN_DATOS,sin señal de declive detectada,,
Elba Reyes,mercado de valores,tema,1,SIN_DATOS,sin señal de declive detectada,,
Elba Reyes,Trump,entidad,1,SIN_DATOS,sin señal de declive detectada,,
Elba Reyes,clase media,tema,1,SIN_DATOS,sin señal de declive detectada,,
Elba Reyes,quiénes están detrás,tema,1,SIN_DATOS,sin señal de declive detectada,,
Elba Reyes,Disney,entidad,1,SIN_DATOS,sin señal de declive detectada,,
Elba Reyes,destinos donde,tema,1,SIN_DATOS,sin señal de declive detectada,,
Elba Reyes,repetirá en años,tema,1,SIN_DATOS,sin señal de declive detectada,,
Elba Reyes,cuánto costó,tema,1,SIN_DATOS,sin señal de declive detectada,,
Elba Reyes,gama alta,tema,1,SIN_DATOS,sin señal de declive detectada,,
Elba Reyes,grandes fortunas,tema,1,SIN_DATOS,sin señal de declive detectada,,
Elba Reyes,lluvia de meteoros,tema,1,SIN_DATOS,sin señal de declive detectada,,
Elba Reyes,samsung galaxy,entidad,1,SIN_DATOS,sin señal de declive detectada,,
Elba Reyes,artistas fechas,tema,1,SIN_DATOS,sin señal de declive detectada,,
Elba Reyes,Louis Vuitton,entidad,1,SIN_DATOS,sin señal de declive detectada,,
Elba Reyes,isla dinámica,entidad,1,SIN_DATOS,sin señal de declive detectada,,
Elba Reyes,histórico en apple,tema,1,SIN_DATOS,sin señal de declive detectada,,
Elba Reyes,ciudad colonial,entidad,1,SIN_DATOS,sin señal de declive detectada,,
Elba Reyes,está convirtiendo,tema,1,SIN_DATOS,sin señal de declive detectada,,
Elba Reyes,turismo de lujo,tema,1,SIN_DATOS,sin señal de declive detectada,,
Elba Reyes,calor extremo,tema,1,SIN_DATOS,sin señal de declive detectada,,
Elba Reyes,mundo para comer,tema,1,SIN_DATOS,sin señal de declive detectada,,
Elba Reyes,Cuba,entidad,1,SIN_DATOS,sin señal de declive detectada,,
Elba Reyes,Telegram,entidad,1,SIN_DATOS,sin señal de declive detectada,,
Elba Reyes,modelos afectados,tema,1,SIN_DATOS,sin señal de declive detectada,,
Gabriel Rico Albarrán,EE UU,entidad,3,ACTIVA,sigue en 41% de su pico mensual histórico,0.414,
Gabriel Rico Albarrán,Ucrania,entidad,2,ACTIVA,sigue en 39% de su pico mensual histórico,0.388,
Gabriel Rico Albarrán,Luna,entidad,2,ACTIVA,sigue en 17% de su pico mensual histórico,0.169,
Gabriel Rico Albarrán,Europa,entidad,1,ACTIVA,sigue en 45% de su pico mensual histórico,0.454,
Gabriel Rico Albarrán,Mundial,tema,1,CONCLUIDA,impresiones del mes en 22% de su pico mensual histórico,0.216,
Gabriel Rico Albarrán,Estados Unidos,entidad,1,CONCLUIDA,impresiones del mes en 8% de su pico mensual histórico,0.08,
Gabriel Rico Albarrán,Noruega,entidad,1,CONCLUIDA,impresiones del mes en 1% de su pico mensual histórico,0.009,
Gabriel Rico Albarrán,China,entidad,9,SIN_DATOS,sin señal de declive detectada,,
Gabriel Rico Albarrán,Rusia,entidad,6,SIN_DATOS,sin señal de declive detectada,,
Gabriel Rico Albarrán,IA,entidad,5,SIN_DATOS,sin señal de declive detectada,,
Gabriel Rico Albarrán,US,entidad,4,SIN_DATOS,sin señal de declive detectada,,
Gabriel Rico Albarrán,DR,entidad,4,SIN_DATOS,sin señal de declive detectada,,
Gabriel Rico Albarrán,The Best,entidad,4,SIN_DATOS,sin señal de declive detectada,,
Gabriel Rico Albarrán,América Latina,entidad,3,SIN_DATOS,sin señal de declive detectada,,
Gabriel Rico Albarrán,Taiwán,entidad,3,SIN_DATOS,sin señal de declive detectada,,
Gabriel Rico Albarrán,Canal de Panamá,entidad,3,SIN_DATOS,sin señal de declive detectada,,
Gabriel Rico Albarrán,Kim Jong,entidad,3,SIN_DATOS,sin señal de declive detectada,,
Gabriel Rico Albarrán,Agrotech Summit,entidad,3,SIN_DATOS,sin señal de declive detectada,,
Gabriel Rico Albarrán,región norte,entidad,2,SIN_DATOS,sin señal de declive detectada,,
Gabriel Rico Albarrán,Japón,entidad,2,SIN_DATOS,sin señal de declive detectada,,
Gabriel Rico Albarrán,Ormuz,entidad,2,SIN_DATOS,sin señal de declive detectada,,
Gabriel Rico Albarrán,Trump,entidad,2,SIN_DATOS,sin señal de declive detectada,,
Gabriel Rico Albarrán,FIFA,entidad,2,SIN_DATOS,sin señal de declive detectada,,
Gabriel Rico Albarrán,maniobras militares,tema,2,SIN_DATOS,sin señal de declive detectada,,
Gabriel Rico Albarrán,Infantino,entidad,2,SIN_DATOS,sin señal de declive detectada,,
Gabriel Rico Albarrán,primera vez,tema,2,SIN_DATOS,sin señal de declive detectada,,
Gabriel Rico Albarrán,ejercicios militares,tema,2,SIN_DATOS,sin señal de declive detectada,,
Gabriel Rico Albarrán,Moscú,entidad,2,SIN_DATOS,sin señal de declive detectada,,
Gabriel Rico Albarrán,México,entidad,2,SIN_DATOS,sin señal de declive detectada,,
Gabriel Rico Albarrán,León XIV,entidad,2,SIN_DATOS,sin señal de declive detectada,,
Gabriel Rico Albarrán,inteligencia artificial,tema,1,SIN_DATOS,"sin nota nueva o notas ya antiguas (señal de volumen/silencio, sin dato de impresiones)",,
Gabriel Rico Albarrán,dominicana,entidad,1,SIN_DATOS,sin señal de declive detectada,,
Gabriel Rico Albarrán,donde convergen,tema,1,SIN_DATOS,sin señal de declive detectada,,
Gabriel Rico Albarrán,summit punto de encuentro,tema,1,SIN_DATOS,sin señal de declive detectada,,
Gabriel Rico Albarrán,YouTube,entidad,1,SIN_DATOS,sin señal de declive detectada,,
Gabriel Rico Albarrán,York,entidad,1,SIN_DATOS,sin señal de declive detectada,,
Gabriel Rico Albarrán,Cibao,entidad,1,SIN_DATOS,sin señal de declive detectada,,
Gabriel Rico Albarrán,nuevos acuerdos,tema,1,SIN_DATOS,sin señal de declive detectada,,
Gabriel Rico Albarrán,Pacífico,entidad,1,SIN_DATOS,sin señal de declive detectada,,
Gabriel Rico Albarrán,real,entidad,1,SIN_DATOS,sin señal de declive detectada,,
Gabriel Rico Albarrán,japón apuesta,tema,1,SIN_DATOS,sin señal de declive detectada,,
Gabriel Rico Albarrán,dispara sus ganancias,tema,1,SIN_DATOS,sin señal de declive detectada,,
Gabriel Rico Albarrán,Panamá,entidad,1,SIN_DATOS,sin señal de declive detectada,,
Gabriel Rico Albarrán,Aramco,entidad,1,SIN_DATOS,sin señal de declive detectada,,
Gabriel Rico Albarrán,mes tras convertirse,tema,1,SIN_DATOS,sin señal de declive detectada,,
Gabriel Rico Albarrán,convertirse en figura,tema,1,SIN_DATOS,sin señal de declive detectada,,
Gabriel Rico Albarrán,figura del mundial,tema,1,SIN_DATOS,sin señal de declive detectada,,
Gabriel Rico Albarrán,vozinha firma con colo,entidad,1,SIN_DATOS,sin señal de declive detectada,,
Gabriel Rico Albarrán,Alibaba,entidad,1,SIN_DATOS,sin señal de declive detectada,,
Gabriel Rico Albarrán,nuevas reglas,tema,1,SIN_DATOS,sin señal de declive detectada,,
Gabriel Rico Albarrán,innovación y tecnología,tema,1,SIN_DATOS,sin señal de declive detectada,,
Gabriel Rico Albarrán,segundo trimestre,tema,1,SIN_DATOS,sin señal de declive detectada,,
Gabriel Rico Albarrán,claves para entender,tema,1,SIN_DATOS,sin señal de declive detectada,,
Gabriel Rico Albarrán,Niño,entidad,1,SIN_DATOS,sin señal de declive detectada,,
Gabriel Rico Albarrán,BID,entidad,1,SIN_DATOS,sin señal de declive detectada,,
Gabriel Rico Albarrán,encuentro donde,tema,1,SIN_DATOS,sin señal de declive detectada,,
Jhojhanni Fiorini,América Latina,entidad,19,ACTIVA,aporte diario de impresiones estable o al alza en los últimos días,0.418,0.849
Jhojhanni Fiorini,EE UU,entidad,9,ACTIVA,sigue en 34% de su pico mensual histórico,0.343,
Jhojhanni Fiorini,países de américa latina,tema,8,ACTIVA,aporte diario de impresiones estable o al alza en los últimos días,0.427,0.56
Jhojhanni Fiorini,US,entidad,4,ACTIVA,sigue en 29% de su pico mensual histórico,0.289,
Jhojhanni Fiorini,Caribe,entidad,4,ACTIVA,sigue en 41% de su pico mensual histórico,0.412,
Jhojhanni Fiorini,cuánto costará,tema,4,ACTIVA,sigue en 57% de su pico mensual histórico,0.572,
Jhojhanni Fiorini,Latinoamérica,entidad,3,ACTIVA,sigue en 29% de su pico mensual histórico,0.291,
Jhojhanni Fiorini,Estados Unidos,entidad,3,ACTIVA,sigue en 20% de su pico mensual histórico,0.201,
Jhojhanni Fiorini,IA,entidad,2,ACTIVA,sigue en 82% de su pico mensual histórico,0.825,
Jhojhanni Fiorini,ranking global,tema,2,ACTIVA,sigue en 30% de su pico mensual histórico,0.295,
Jhojhanni Fiorini,mejores países,tema,2,ACTIVA,sigue en 19% de su pico mensual histórico,0.193,
Jhojhanni Fiorini,países donde,tema,2,ACTIVA,aporte diario de impresiones estable o al alza en los últimos días,,0.544
Jhojhanni Fiorini,poderosos del mundo,tema,2,ACTIVA,sigue en 28% de su pico mensual histórico,0.283,
Jhojhanni Fiorini,Apple,entidad,1,ACTIVA,aporte diario de impresiones estable o al alza en los últimos días,1.0,-49.297
Jhojhanni Fiorini,iphone pro,tema,1,ACTIVA,aporte diario de impresiones estable o al alza en los últimos días,1.0,-2.612
Jhojhanni Fiorini,Pro,entidad,1,ACTIVA,aporte diario de impresiones estable o al alza en los últimos días,1.0,-1.865
Jhojhanni Fiorini,PIB,entidad,1,ACTIVA,sigue en 41% de su pico mensual histórico,0.413,
Jhojhanni Fiorini,riesgo país,tema,1,ACTIVA,sigue en 20% de su pico mensual histórico,0.196,
Jhojhanni Fiorini,Elon Musk,entidad,1,ACTIVA,sigue en 69% de su pico mensual histórico,0.692,
Jhojhanni Fiorini,guía completa,tema,1,ACTIVA,aporte diario de impresiones estable o al alza en los últimos días,0.281,1.082
Jhojhanni Fiorini,oro del mundo,tema,1,ACTIVA,aporte diario de impresiones estable o al alza en los últimos días,,0.539
Jhojhanni Fiorini,grandes inversores,tema,1,ACTIVA,sigue en 98% de su pico mensual histórico,0.975,
Jhojhanni Fiorini,economías con mayor crecimiento,tema,1,ACTIVA,sigue en 21% de su pico mensual histórico,0.208,
Jhojhanni Fiorini,países con las mayores,tema,1,ACTIVA,aporte diario de impresiones estable o al alza en los últimos días,,0.537
Jhojhanni Fiorini,fortaleza económica,tema,1,ACTIVA,aporte diario de impresiones estable o al alza en los últimos días,,0.537
Jhojhanni Fiorini,mayores reservas de oro,tema,1,ACTIVA,aporte diario de impresiones estable o al alza en los últimos días,,0.537
Jhojhanni Fiorini,avanzados en tecnología,tema,1,ACTIVA,aporte diario de impresiones estable o al alza en los últimos días,,1.238
Jhojhanni Fiorini,países más avanzados,tema,1,ACTIVA,aporte diario de impresiones estable o al alza en los últimos días,,1.238
Jhojhanni Fiorini,ranking de la fortaleza,tema,1,ACTIVA,aporte diario de impresiones estable o al alza en los últimos días,,0.537
Jhojhanni Fiorini,resultados de las loterías,tema,14,CONCLUIDA,impresiones del mes en 10% de su pico mensual histórico,0.096,
Jhojhanni Fiorini,ver fútbol,tema,9,CONCLUIDA,impresiones del mes en 5% de su pico mensual histórico,0.046,
Jhojhanni Fiorini,ver fútbol en vivo,tema,9,CONCLUIDA,impresiones del mes en 0% de su pico mensual histórico,0.002,
Jhojhanni Fiorini,Google,entidad,6,CONCLUIDA,impresiones del mes en 5% de su pico mensual histórico,0.047,
Jhojhanni Fiorini,Wall Street,entidad,4,CONCLUIDA,impresiones del mes en 13% de su pico mensual histórico,0.13,
Jhojhanni Fiorini,horarios y dónde ver,tema,4,CONCLUIDA,impresiones del mes en 14% de su pico mensual histórico,0.144,
Jhojhanni Fiorini,frente al dólar,tema,4,CONCLUIDA,aporte diario de impresiones cayó a 85% de su nivel de hace unos días,0.147,0.847
Jhojhanni Fiorini,TV,entidad,3,CONCLUIDA,impresiones del mes en 0% de su pico mensual histórico,0.002,
Jhojhanni Fiorini,Colombia,entidad,3,CONCLUIDA,impresiones del mes en 4% de su pico mensual histórico,0.037,
Jhojhanni Fiorini,Abinader,entidad,3,CONCLUIDA,impresiones del mes en 14% de su pico mensual histórico,0.14,
Jhojhanni Fiorini,Shein,entidad,3,CONCLUIDA,aporte diario de impresiones cayó a 25% de su nivel de hace unos días,,0.248
Jhojhanni Fiorini,peso dominicano,tema,3,CONCLUIDA,impresiones del mes en 4% de su pico mensual histórico,0.04,
Jhojhanni Fiorini,Mundial,tema,2,CONCLUIDA,impresiones del mes en 6% de su pico mensual histórico,0.058,
Jhojhanni Fiorini,dominicana,entidad,2,CONCLUIDA,impresiones del mes en 14% de su pico mensual histórico,0.139,
Jhojhanni Fiorini,economía dominicana,tema,2,CONCLUIDA,impresiones del mes en 7% de su pico mensual histórico,0.07,
Jhojhanni Fiorini,España,entidad,2,CONCLUIDA,impresiones del mes en 2% de su pico mensual histórico,0.021,
Jhojhanni Fiorini,precio del dólar,tema,2,CONCLUIDA,impresiones del mes en 1% de su pico mensual histórico,0.007,
Jhojhanni Fiorini,subvalorada frente al dólar,tema,2,CONCLUIDA,aporte diario de impresiones cayó a 3% de su nivel de hace unos días,,0.031
Jhojhanni Fiorini,país está sobrevalorada,tema,2,CONCLUIDA,aporte diario de impresiones cayó a 3% de su nivel de hace unos días,,0.031
Jhojhanni Fiorini,índice big mac,entidad,2,CONCLUIDA,aporte diario de impresiones cayó a 3% de su nivel de hace unos días,,0.031
Jhojhanni Fiorini,China,entidad,1,CONCLUIDA,impresiones del mes en 7% de su pico mensual histórico,0.071,
Jhojhanni Fiorini,inteligencia artificial,tema,1,CONCLUIDA,impresiones del mes en 5% de su pico mensual histórico,0.054,
Jhojhanni Fiorini,ranking de los países,tema,1,CONCLUIDA,aporte diario de impresiones cayó a 15% de su nivel de hace unos días,0.354,0.151
Jhojhanni Fiorini,Nvidia,entidad,1,CONCLUIDA,impresiones del mes en 4% de su pico mensual histórico,0.035,
Jhojhanni Fiorini,Harvard,entidad,1,CONCLUIDA,impresiones del mes en 17% de su pico mensual histórico,0.171,
Jhojhanni Fiorini,calidad de vida,tema,1,CONCLUIDA,aporte diario de impresiones cayó a 28% de su nivel de hace unos días,0.231,0.28
Jhojhanni Fiorini,salario mínimo,tema,1,CONCLUIDA,impresiones del mes en 3% de su pico mensual histórico,0.03,
Jhojhanni Fiorini,precio de la gasolina,tema,1,CONCLUIDA,impresiones del mes en 6% de su pico mensual histórico,0.056,
Jhojhanni Fiorini,FMI,entidad,1,CONCLUIDA,impresiones del mes en 7% de su pico mensual histórico,0.069,
Jhojhanni Fiorini,Donald Trump,entidad,1,CONCLUIDA,impresiones del mes en 2% de su pico mensual histórico,0.017,
Jhojhanni Fiorini,México,entidad,1,CONCLUIDA,impresiones del mes en 16% de su pico mensual histórico,0.163,
Jhojhanni Fiorini,récord histórico,tema,1,CONCLUIDA,impresiones del mes en 1% de su pico mensual histórico,0.008,
Jhojhanni Fiorini,mercado laboral,tema,1,CONCLUIDA,impresiones del mes en 40% de su pico mensual histórico,0.404,
Jhojhanni Fiorini,horarios canales,tema,1,CONCLUIDA,impresiones del mes en 0% de su pico mensual histórico,0.001,
Jhojhanni Fiorini,tres países,tema,1,CONCLUIDA,impresiones del mes en 6% de su pico mensual histórico,0.062,
Jhojhanni Fiorini,ricas del mundo,tema,1,CONCLUIDA,impresiones del mes en 8% de su pico mensual histórico,0.081,
Jhojhanni Fiorini,mayores productores,tema,1,CONCLUIDA,impresiones del mes en 5% de su pico mensual histórico,0.052,
Jhojhanni Fiorini,crecimiento de latinoamérica,tema,1,CONCLUIDA,impresiones del mes en 0% de su pico mensual histórico,0.005,
Jhojhanni Fiorini,américa latina frente,tema,1,CONCLUIDA,impresiones del mes en 15% de su pico mensual histórico,0.147,
Jhojhanni Fiorini,precios de la gasolina,tema,1,CONCLUIDA,impresiones del mes en 2% de su pico mensual histórico,0.015,
Jhojhanni Fiorini,hora juegan,tema,1,CONCLUIDA,impresiones del mes en 0% de su pico mensual histórico,0.0,
Jhojhanni Fiorini,dos años,tema,1,CONCLUIDA,impresiones del mes en 6% de su pico mensual histórico,0.065,
Jhojhanni Fiorini,personas más ricas,tema,1,CONCLUIDA,impresiones del mes en 0% de su pico mensual histórico,0.003,
Jhojhanni Fiorini,canales y dónde ver,tema,1,CONCLUIDA,impresiones del mes en 0% de su pico mensual histórico,0.0,
Jhojhanni Fiorini,redes sociales,tema,1,CONCLUIDA,impresiones del mes en 2% de su pico mensual histórico,0.018,
Jhojhanni Fiorini,cables submarinos,tema,4,SIN_DATOS,sin señal de declive detectada,,
Jhojhanni Fiorini,Meta,entidad,3,SIN_DATOS,sin señal de declive detectada,,
Jhojhanni Fiorini,SpaceX,entidad,3,SIN_DATOS,sin señal de declive detectada,,
Jhojhanni Fiorini,grandes fortunas del azúcar,tema,3,SIN_DATOS,sin señal de declive detectada,,
Jhojhanni Fiorini,magnate detrás de central,entidad,3,SIN_DATOS,sin señal de declive detectada,,
Jhojhanni Fiorini,muere alfonso fanjul,entidad,3,SIN_DATOS,sin señal de declive detectada,,
Jhojhanni Fiorini,tarjetas de crédito,tema,3,SIN_DATOS,sin señal de declive detectada,,
Jhojhanni Fiorini,monedas latinoamericanas,tema,3,SIN_DATOS,sin señal de declive detectada,,
Jhojhanni Fiorini,iphone plegable,tema,2,SIN_DATOS,sin señal de declive detectada,,
Jhojhanni Fiorini,Banco Central,entidad,2,SIN_DATOS,sin señal de declive detectada,,
Jhojhanni Fiorini,eclipse solar,tema,2,SIN_DATOS,sin señal de declive detectada,,
Jhojhanni Fiorini,Disney,entidad,2,SIN_DATOS,sin señal de declive detectada,,
Jhojhanni Fiorini,Gobierno,entidad,2,SIN_DATOS,sin señal de declive detectada,,
Jhojhanni Fiorini,reconstrucción de colombia,tema,2,SIN_DATOS,sin señal de declive detectada,,
Jhojhanni Fiorini,mundo para jubilarse,tema,2,SIN_DATOS,sin señal de declive detectada,,
Jhojhanni Fiorini,mejores países del mundo,tema,2,SIN_DATOS,sin señal de declive detectada,,
Jhojhanni Fiorini,balance comercial regional,tema,2,SIN_DATOS,sin señal de declive detectada,,
Jhojhanni Fiorini,exporta américa latina,tema,2,SIN_DATOS,sin señal de declive detectada,,
Jhojhanni Fiorini,principales mercados,tema,2,SIN_DATOS,sin señal de declive detectada,,
Jhojhanni Fiorini,CEPAL,entidad,2,SIN_DATOS,sin señal de declive detectada,,
Jhojhanni Fiorini,salida a bolsa,tema,2,SIN_DATOS,sin señal de declive detectada,,
Jhojhanni Fiorini,firmeza del peso dominicano,tema,2,SIN_DATOS,sin señal de declive detectada,,
Jhojhanni Fiorini,dominicano al ingreso récord,tema,2,SIN_DATOS,sin señal de declive detectada,,
Jhojhanni Fiorini,central atribuye la firmeza,tema,2,SIN_DATOS,sin señal de declive detectada,,
Jhojhanni Fiorini,alertas de los economistas,tema,2,SIN_DATOS,sin señal de declive detectada,,
Jhojhanni Fiorini,crédito y las alertas,tema,2,SIN_DATOS,sin señal de declive detectada,,
Jhojhanni Fiorini,dominicanos en tarjetas,tema,2,SIN_DATOS,sin señal de declive detectada,,
Jhojhanni Fiorini,deben los dominicanos,tema,2,SIN_DATOS,sin señal de declive detectada,,
Jhojhanni Fiorini,abultado saldo que deben,tema,2,SIN_DATOS,sin señal de declive detectada,,
Jhojhanni Fiorini,terremoto y cuánto costará,tema,2,SIN_DATOS,sin señal de declive detectada,,
Jhojhanni Fiorini,financiar la reconstrucción,tema,2,SIN_DATOS,sin señal de declive detectada,,
Jhojhanni Fiorini,récord en las zonas,tema,2,SIN_DATOS,sin señal de declive detectada,,
Jhojhanni Fiorini,megaproyecto de google,tema,2,SIN_DATOS,sin señal de declive detectada,,
Jhojhanni Fiorini,caribe la red,tema,2,SIN_DATOS,sin señal de declive detectada,,
Jhojhanni Fiorini,mundo cuáles encabezan,tema,2,SIN_DATOS,sin señal de declive detectada,,
Jhojhanni Fiorini,turismo en españa,tema,2,SIN_DATOS,sin señal de declive detectada,,
Jhojhanni Fiorini,zonas de visión total,tema,2,SIN_DATOS,sin señal de declive detectada,,
Jhojhanni Fiorini,españa con hoteles llenos,tema,2,SIN_DATOS,sin señal de declive detectada,,
Jhojhanni Fiorini,eclipse solar dispara,tema,2,SIN_DATOS,sin señal de declive detectada,,
Jhojhanni Fiorini,ranking de influencias,tema,2,SIN_DATOS,sin señal de declive detectada,,
Jhojhanni Fiorini,países más poderosos,tema,2,SIN_DATOS,sin señal de declive detectada,,
Jhojhanni Fiorini,red de cables submarinos,tema,2,SIN_DATOS,sin señal de declive detectada,,
Jhojhanni Fiorini,ubican américa latina,tema,2,SIN_DATOS,sin señal de declive detectada,,
Jhojhanni Fiorini,cara en qué lugar,tema,2,SIN_DATOS,sin señal de declive detectada,,
Jhojhanni Fiorini,lugar queda república dominicana,tema,2,SIN_DATOS,sin señal de declive detectada,,
Jhojhanni Fiorini,latina donde la gasolina,tema,2,SIN_DATOS,sin señal de declive detectada,,
Jhojhanni Fiorini,conectividad en república dominicana,tema,2,SIN_DATOS,sin señal de declive detectada,,
Jhojhanni Fiorini,transformará la conectividad,tema,2,SIN_DATOS,sin señal de declive detectada,,
Jhojhanni Fiorini,cables submarinos que transformará,tema,2,SIN_DATOS,sin señal de declive detectada,,
Jhojhanni Fiorini,estadounidense en la economía,tema,2,SIN_DATOS,sin señal de declive detectada,,
Jhojhanni Fiorini,tasas de los bonos,tema,2,SIN_DATOS,sin señal de declive detectada,,
Jhojhanni Fiorini,subida de las tasas,tema,2,SIN_DATOS,sin señal de declive detectada,,
Jhojhanni Fiorini,influye la subida,tema,2,SIN_DATOS,sin señal de declive detectada,,
Jhojhanni Fiorini,bonos del tesoro estadounidense,tema,2,SIN_DATOS,sin señal de declive detectada,,
Jhojhanni Fiorini,dólar hoy en república,tema,2,SIN_DATOS,sin señal de declive detectada,,
Jhojhanni Fiorini,Viettel,entidad,2,SIN_DATOS,sin señal de declive detectada,,
Jhojhanni Fiorini,exportaciones de cacao dominicano,tema,2,SIN_DATOS,sin señal de declive detectada,,
Jhojhanni Fiorini,récord cacaotero,tema,2,SIN_DATOS,sin señal de declive detectada,,
Jhojhanni Fiorini,nuevos comandantes,tema,2,SIN_DATOS,sin señal de declive detectada,,
Jhojhanni Fiorini,fuerza aérea quiénes,tema,2,SIN_DATOS,sin señal de declive detectada,,
Jhojhanni Fiorini,abinader realiza nuevas designaciones,tema,2,SIN_DATOS,sin señal de declive detectada,,
Jhojhanni Fiorini,ejército y la fuerza,tema,2,SIN_DATOS,sin señal de declive detectada,,
Jhojhanni Fiorini,quiénes son los nuevos,tema,2,SIN_DATOS,sin señal de declive detectada,,
Jhojhanni Fiorini,gasoil regular,tema,2,SIN_DATOS,sin señal de declive detectada,,
Jhojhanni Fiorini,millones de dólares,tema,2,SIN_DATOS,sin señal de declive detectada,,
Jhojhanni Fiorini,submarinos internet y economía,tema,2,SIN_DATOS,sin señal de declive detectada,,
Jhojhanni Fiorini,alza en los precios,tema,2,SIN_DATOS,sin señal de declive detectada,,
Jhojhanni Fiorini,rutas de cables submarinos,tema,2,SIN_DATOS,sin señal de declive detectada,,
Jhojhanni Fiorini,google destaca beneficios,tema,2,SIN_DATOS,sin señal de declive detectada,,
Jhojhanni Fiorini,transbordo de productos,tema,2,SIN_DATOS,sin señal de declive detectada,,
Jhojhanni Fiorini,productos de origen chino,tema,2,SIN_DATOS,sin señal de declive detectada,,
Jhojhanni Fiorini,dominicana aclara cómo opera,tema,2,SIN_DATOS,sin señal de declive detectada,,
Jhojhanni Fiorini,Gobierno de República Dominicana,entidad,2,SIN_DATOS,sin señal de declive detectada,,
Jhojhanni Fiorini,américa latina que liderarán,tema,2,SIN_DATOS,sin señal de declive detectada,,
Jhojhanni Fiorini,economía y las monedas,tema,2,SIN_DATOS,sin señal de declive detectada,,
Jhojhanni Fiorini,prepara apple,tema,1,SIN_DATOS,sin señal de declive detectada,,
Jhojhanni Fiorini,Centroamérica,entidad,1,SIN_DATOS,sin señal de declive detectada,,
Jhojhanni Fiorini,Xiaomi,entidad,1,SIN_DATOS,sin señal de declive detectada,,
Jhojhanni Fiorini,canasta básica,tema,1,SIN_DATOS,sin señal de declive detectada,,
Jhojhanni Fiorini,universidades de latinoamérica,tema,1,SIN_DATOS,sin señal de declive detectada,,
Jhojhanni Fiorini,pagados del mundo,tema,1,SIN_DATOS,sin señal de declive detectada,,
Jhojhanni Fiorini,Huawei,entidad,1,SIN_DATOS,sin señal de declive detectada,,
Jhojhanni Fiorini,Z,entidad,1,SIN_DATOS,sin señal de declive detectada,,
Jhojhanni Fiorini,Android,entidad,1,SIN_DATOS,sin señal de declive detectada,,
Jhojhanni Fiorini,MiPymes,entidad,1,SIN_DATOS,sin señal de declive detectada,,
Jhojhanni Fiorini,países con mejor equilibrio,tema,1,SIN_DATOS,sin señal de declive detectada,,
Jhojhanni Fiorini,pib la inflación,tema,1,SIN_DATOS,sin señal de declive detectada,,
Jhojhanni Fiorini,impactaría al pib,tema,1,SIN_DATOS,sin señal de declive detectada,,
Jhojhanni Fiorini,colombia así impactaría,tema,1,SIN_DATOS,sin señal de declive detectada,,
Jhojhanni Fiorini,sismo en colombia,tema,1,SIN_DATOS,sin señal de declive detectada,,
Jhojhanni Fiorini,Sudamérica,entidad,1,SIN_DATOS,sin señal de declive detectada,,
Jhojhanni Fiorini,robots humanoides,tema,1,SIN_DATOS,sin señal de declive detectada,,
Jhojhanni Fiorini,bancos centrales,tema,1,SIN_DATOS,sin señal de declive detectada,,
Jhojhanni Fiorini,real madrid,entidad,1,SIN_DATOS,sin señal de declive detectada,,
Jhojhanni Fiorini,Microsoft,entidad,1,SIN_DATOS,sin señal de declive detectada,,
Jhojhanni Fiorini,nómadas digitales,tema,1,SIN_DATOS,sin señal de declive detectada,,
Jhojhanni Fiorini,Spirit Airlines,entidad,1,SIN_DATOS,sin señal de declive detectada,,
Jhojhanni Fiorini,reserva federal,entidad,1,SIN_DATOS,sin señal de declive detectada,,
Jhojhanni Fiorini,USD,entidad,1,SIN_DATOS,sin señal de declive detectada,,
Jhojhanni Fiorini,American Airlines,entidad,1,SIN_DATOS,sin señal de declive detectada,,
Jhojhanni Fiorini,Apple Event,entidad,1,SIN_DATOS,sin señal de declive detectada,,
Jhojhanni Fiorini,guerra comercial,tema,1,SIN_DATOS,sin señal de declive detectada,,
Jhojhanni Fiorini,cuánto ganan,tema,1,SIN_DATOS,sin señal de declive detectada,,
Jhojhanni Fiorini,citadas por los algoritmos,tema,1,SIN_DATOS,sin señal de declive detectada,,
Jhojhanni Fiorini,marcas gigantes más citadas,tema,1,SIN_DATOS,sin señal de declive detectada,,
Jhojhanni Fiorini,París,entidad,1,SIN_DATOS,sin señal de declive detectada,,
Jhojhanni Fiorini,duro golpe,tema,1,SIN_DATOS,sin señal de declive detectada,,
Karime Rivas,Estados Unidos,entidad,2,ACTIVA,aporte diario de impresiones estable o al alza en los últimos días,,1.049
Karime Rivas,sufragio femenino,tema,1,ACTIVA,aporte diario de impresiones estable o al alza en los últimos días,,1.23
Karime Rivas,US,entidad,1,CONCLUIDA,impresiones del mes en 2% de su pico mensual histórico,0.015,
Karime Rivas,Gisele Bündchen,entidad,1,CONCLUIDA,impresiones del mes en 1% de su pico mensual histórico,0.014,
Karime Rivas,María Dimitrova,entidad,1,CONCLUIDA,aporte diario de impresiones cayó a 27% de su nivel de hace unos días,,0.267
Karime Rivas,IA,entidad,1,SIN_DATOS,sin señal de declive detectada,,
Karime Rivas,Marileidy Paulino,entidad,1,SIN_DATOS,sin señal de declive detectada,,
Karime Rivas,Trump,entidad,1,SIN_DATOS,"sin nota nueva o notas ya antiguas (señal de volumen/silencio, sin dato de impresiones)",,
Karime Rivas,ONU,entidad,1,SIN_DATOS,sin señal de declive detectada,,
Karime Rivas,Leavitt,entidad,1,SIN_DATOS,sin señal de declive detectada,,
Karime Rivas,Juegos Centroamericanos y del Caribe,entidad,1,SIN_DATOS,sin señal de declive detectada,,
Karime Rivas,Zara,entidad,1,SIN_DATOS,sin señal de declive detectada,,
Karime Rivas,Japón,entidad,1,SIN_DATOS,sin señal de declive detectada,,
Karime Rivas,Isabel Allende,entidad,1,SIN_DATOS,sin señal de declive detectada,,
Karime Rivas,Karol G,entidad,1,SIN_DATOS,sin señal de declive detectada,,
Karime Rivas,dos mujeres,tema,1,SIN_DATOS,sin señal de declive detectada,,
Karime Rivas,karoline leavitt,tema,1,SIN_DATOS,sin señal de declive detectada,,
Karime Rivas,Marta Ortega,entidad,1,SIN_DATOS,sin señal de declive detectada,,
Karime Rivas,MIPYMES,entidad,1,SIN_DATOS,sin señal de declive detectada,,
Karime Rivas,Sanae Takaichi,entidad,1,SIN_DATOS,sin señal de declive detectada,,
Karime Rivas,Zoe Saldaña,entidad,1,SIN_DATOS,sin señal de declive detectada,,
Karime Rivas,Rusia,entidad,1,SIN_DATOS,sin señal de declive detectada,,
Karime Rivas,yulia naválnaya,entidad,1,SIN_DATOS,sin señal de declive detectada,,
Karime Rivas,Reinas del Caribe,entidad,1,SIN_DATOS,sin señal de declive detectada,,
Karime Rivas,presidenta ejecutiva,tema,1,SIN_DATOS,sin señal de declive detectada,,
Karime Rivas,Alexandria Ocasio Cortez,entidad,1,SIN_DATOS,sin señal de declive detectada,,
Karime Rivas,Katy Perry,entidad,1,SIN_DATOS,sin señal de declive detectada,,
Miguel Vega,China,entidad,2,ACTIVA,aporte diario de impresiones estable o al alza en los últimos días,,-0.006
Miguel Vega,millones de personas,tema,2,ACTIVA,aporte diario de impresiones estable o al alza en los últimos días,,-0.006
Miguel Vega,personas tras lluvias históricas,tema,2,CONCLUIDA,aporte diario de impresiones cayó a 0% de su nivel de hace unos días,,0.004
Miguel Vega,china evacúa a millones,tema,2,CONCLUIDA,aporte diario de impresiones cayó a 0% de su nivel de hace unos días,,0.004
Miguel Vega,tifón dolphin,entidad,2,CONCLUIDA,aporte diario de impresiones cayó a 0% de su nivel de hace unos días,,0.004
Miguel Vega,pionero del comercio moderno,entidad,2,CONCLUIDA,aporte diario de impresiones cayó a 25% de su nivel de hace unos días,,0.249
Miguel Vega,España,entidad,1,CONCLUIDA,impresiones del mes en 0% de su pico mensual histórico,0.001,
Miguel Vega,Trump,entidad,2,SIN_DATOS,sin señal de declive detectada,,
Miguel Vega,Irán,entidad,2,SIN_DATOS,sin señal de declive detectada,,
Miguel Vega,Ucrania,entidad,1,SIN_DATOS,sin señal de declive detectada,,
Miguel Vega,Rusia,entidad,1,SIN_DATOS,sin señal de declive detectada,,
Miguel Vega,Ceuta,entidad,1,SIN_DATOS,sin señal de declive detectada,,
Miguel Vega,entrada masiva,tema,1,SIN_DATOS,sin señal de declive detectada,,
Miguel Vega,EE UU,entidad,1,SIN_DATOS,sin señal de declive detectada,,
Miguel Vega,Macron,entidad,1,SIN_DATOS,sin señal de declive detectada,,
Miguel Vega,Estados Unidos,entidad,1,SIN_DATOS,sin señal de declive detectada,,
Miguel Vega,C,entidad,1,SIN_DATOS,sin señal de declive detectada,,
Miguel Vega,Luna,entidad,1,SIN_DATOS,sin señal de declive detectada,,
Miranda Cross,bay una nueva visión,entidad,2,SIN_DATOS,sin señal de declive detectada,,
Miranda Cross,futuro de montecristi,entidad,2,SIN_DATOS,sin señal de declive detectada,,
Rodrigo Muñoz,US,entidad,16,ACTIVA,aporte diario de impresiones estable o al alza en los últimos días,,7.541
Rodrigo Muñoz,Meta,entidad,3,ACTIVA,sigue en 29% de su pico mensual histórico,0.289,
Rodrigo Muñoz,inteligencia artificial,tema,6,CONCLUIDA,aporte diario de impresiones cayó a 1% de su nivel de hace unos días,,0.006
Rodrigo Muñoz,IA,entidad,4,CONCLUIDA,impresiones del mes en 2% de su pico mensual histórico,0.015,
Rodrigo Muñoz,Irán,entidad,2,CONCLUIDA,impresiones del mes en 0% de su pico mensual histórico,0.001,
Rodrigo Muñoz,América Latina,entidad,1,CONCLUIDA,impresiones del mes en 8% de su pico mensual histórico,0.081,
Rodrigo Muñoz,mundial,tema,1,CONCLUIDA,impresiones del mes en 15% de su pico mensual histórico,0.15,
Rodrigo Muñoz,Amazon,entidad,1,CONCLUIDA,impresiones del mes en 51% de su pico mensual histórico,0.508,
Rodrigo Muñoz,Trump,entidad,1,CONCLUIDA,impresiones del mes en 0% de su pico mensual histórico,0.001,
Rodrigo Muñoz,Mark Zuckerberg,entidad,1,CONCLUIDA,aporte diario de impresiones cayó a 1% de su nivel de hace unos días,,0.006
Rodrigo Muñoz,EE UU,entidad,5,SIN_DATOS,sin señal de declive detectada,,
Rodrigo Muñoz,Estados Unidos,entidad,3,SIN_DATOS,sin señal de declive detectada,,
Rodrigo Muñoz,Elon Musk,entidad,2,SIN_DATOS,sin señal de declive detectada,,
Rodrigo Muñoz,Nvidia,entidad,2,SIN_DATOS,sin señal de declive detectada,,
Rodrigo Muñoz,warner bros,tema,2,SIN_DATOS,sin señal de declive detectada,,
Rodrigo Muñoz,millones para fabricar,tema,2,SIN_DATOS,sin señal de declive detectada,,
Rodrigo Muñoz,China,entidad,1,SIN_DATOS,sin señal de declive detectada,,
Rodrigo Muñoz,ChatGPT,entidad,1,SIN_DATOS,sin señal de declive detectada,,
Rodrigo Muñoz,Wall Street,entidad,1,SIN_DATOS,sin señal de declive detectada,,
Rodrigo Muñoz,España,entidad,1,SIN_DATOS,sin señal de declive detectada,,
Rodrigo Muñoz,América,entidad,1,SIN_DATOS,sin señal de declive detectada,,
Rodrigo Muñoz,centroamérica y república,entidad,1,SIN_DATOS,sin señal de declive detectada,,
Rodrigo Muñoz,desafía a chatgpt,tema,1,SIN_DATOS,sin señal de declive detectada,,
Rodrigo Muñoz,Google,entidad,1,SIN_DATOS,sin señal de declive detectada,,
Rodrigo Muñoz,ChatGPT y Claude,entidad,1,SIN_DATOS,sin señal de declive detectada,,
Rodrigo Muñoz,Tierra,entidad,1,SIN_DATOS,sin señal de declive detectada,,
Rodrigo Muñoz,Hollywood,entidad,1,SIN_DATOS,sin señal de declive detectada,,
Rodrigo Muñoz,energía nuclear,tema,1,SIN_DATOS,sin señal de declive detectada,,
Rodrigo Muñoz,paramount y warner,entidad,1,SIN_DATOS,sin señal de declive detectada,,
Rodrigo Muñoz,Japón,entidad,1,SIN_DATOS,sin señal de declive detectada,,
Rodrigo Muñoz,Sony,entidad,1,SIN_DATOS,sin señal de declive detectada,,
Rodrigo Muñoz,SpaceX,entidad,1,SIN_DATOS,sin señal de declive detectada,,
Rodrigo Muñoz,dispara sus ganancias,tema,1,SIN_DATOS,sin señal de declive detectada,,
Rodrigo Muñoz,bros discovery,entidad,1,SIN_DATOS,sin señal de declive detectada,,
Rodrigo Muñoz,Intel,entidad,1,SIN_DATOS,sin señal de declive detectada,,
Rodrigo Muñoz,NASA,entidad,1,SIN_DATOS,sin señal de declive detectada,,
Rodrigo Muñoz,récord histórico,tema,1,SIN_DATOS,sin señal de declive detectada,,
Rodrigo Muñoz,goldman sachs,entidad,1,SIN_DATOS,sin señal de declive detectada,,
Rodrigo Muñoz,apuesta de elon musk,tema,1,SIN_DATOS,sin señal de declive detectada,,
