h1,title_tag,meta_desc,primer_parrafo,num_parrafos,num_h2,h2_textos,tiene_lista_tabla,num_tags,tags_textos,num_enlaces_internos,parrafo_primer_enlace,ancla_primer_enlace,anclas_todas,palabras_body,img_url,img_ancho,img_alt,autor_jsonld,seccion_jsonld,fecha_publicacion,keywords_jsonld,es_sindicado,error,ruta
Lluvia de meteoros Perseidas: cómo y cuándo verla en República Dominicana,Perseidas 2026: cuándo y dónde verlas desde RD,Las Perseidas 2026 alcanzarán su máximo el 13 de agosto. Descubre cuándo y dónde verlas desde República Dominicana y cómo observarlas mejor.,"La buena noticia para quienes quieran observarlas desdeRepública Dominicanaes que no hace falta un telescopio ni ningún equipo especializado. De hecho, uno de los mejores aliados será algo mucho más sencillo, encontrar un lugar oscuro, lejos de las luces de la ciudad, y tener un poco de paciencia.",20,1,¿Cuándo será el mejor momento para mirar al cielo?,False,5,"republica dominicana, ciencia, astronomia, perseidas, lluvia-de-estrellas",9,1.0,República Dominicana,República Dominicana | ¿Tendrá el cerebro su propio Ozempic? | Doble lluvia de meteoros se verá en República Dominicana: Horarios y mejores lugares para observarla | lluvia de meteoros | Lluvia de meteoros Líridas 2026: ¿Se verán las Líridas en República Dominicana? Fecha exacta y hora del pico | Suscríbete a la revista | regístrate a nuestros newsletters | Suscríbete a la revista | regístrate a nuestros newsletters,759,https://revistamercado.do/wp-content/uploads/2026/08/Lluvia-de-meteoros-Perseidas-como-y-cuando-verla-en-Republica-Dominicana.webp,1560.0,Cielo nocturno lleno de estrellas y trazos luminosos de meteoros sobre un paisaje oscuro durante una lluvia de estrellas.,Elba Reyes,Actualidad,2026-08-12T16:11:32-04:00,"republica dominicana, ciencia, astronomia, no-paywall, perseidas, lluvia-de-estrellas",False,,/actualidad/lluvia-de-meteoros-perseidas-como-y-cuando-verla-en-republica-dominicana
Los países del mundo donde no se podrá ver el eclipse solar del 12 de agosto y la explicación astronómica,Eclipse solar del 12 de agosto: ¿qué países no lo verán?,El eclipse solar del 12 de agosto no será visible en todo el mundo. Conoce qué países podrán verlo y cuáles quedarán fuera de su trayectoria.,"El cielo del próximo 12 de agosto tendrá un protagonista indiscutible, un eclipse solar total que cruzará parte del hemisferio norte y convertirá durante unos minutos el día en noche en determinadas zonas. Sin embargo, aunque se trata deuno de los fenómenos astronómicos más esperados de 2026, no será visible desde todos los rincones del planeta.",18,1,¿Qué países quedarán fuera?,False,2,"astronomia, Eclipse solar",8,2.0,SpaceX: Elon Musk quiere llevar robots a la Luna para alcanzar los US$1 billón en ingresos,SpaceX: Elon Musk quiere llevar robots a la Luna para alcanzar los US$1 billón en ingresos | el eclipse del 12 de agosto | Curiosidades que debes conocer sobre el eclipse solar total del 12 de agosto | Eclipse solar de agosto: El error común que puede costar tu visión permanentemente | Suscríbete a la revista | regístrate a nuestros newsletters | Suscríbete a la revista | regístrate a nuestros newsletters,668,https://revistamercado.do/wp-content/uploads/2026/08/Los-paises-del-mundo-donde-no-se-podra-ver-el-eclipse-solar-del-12-de-agosto-y-la-explicacion-astronomica.webp,1560.0,"Vista panorámica de una ciudad moderna al atardecer, con un rascacielos de cristal destacado en primer plano y montañas nevadas al fondo.",Elba Reyes,Actualidad,2026-08-10T15:50:50-04:00,"astronomia, Eclipse solar, norecents, no-paywall",False,,/actualidad/los-paises-del-mundo-donde-no-se-podra-ver-el-eclipse-solar-del-12-de-agosto-y-la-explicacion-astronomica
Resultados de las loterías del 02 de agosto de 2026 en República Dominicana,Resultados de las loterías del 02 de agosto de 2026 en República Dominicana,"Resultados de las loterías del 2 de agosto de 2026: consulta los números ganadores de la Lotería Nacional, Leidsa, Lotería Real, Loteka, las loterías americanas y otros sorteos de República...",Importante:verifica siempre los resultados con la entidad oficial de cada lotería antes de realizar cualquier reclamación.,3,10,Resultados de la Lotería Nacional | Resultados de Leidsa | Resultados de la Lotería Real | Resultados de Loteka | Resultados de las loterías americanas | Resultados de La Primera | Resultados de La Suerte | Resultados de LoteDom | Resultados de Anguila | Resultados de King Lottery,True,1,resultados de lotería,4,2.0,Suscríbete a la revista,Suscríbete a la revista | regístrate a nuestros newsletters | Suscríbete a la revista | regístrate a nuestros newsletters,48,https://revistamercado.do/wp-content/uploads/2026/02/Loteria-República-Dominicana.jpg,1000.0,"Conjunto de bolas numeradas de lotería almacenadas en filas, con diferentes números visibles sobre superficies blancas, representando un sorteo de azar.",Jhojhanni Fiorini,Actualidad,2026-08-03T07:46:47-04:00,"no-paywall, resultados de lotería",False,,/actualidad/resultados-de-las-loterias-del-02-de-agosto-de-2026-en-republica-dominicana
Resultados de las loterías del 03 de agosto de 2026 en República Dominicana,Resultados de la lotería del 3 de agosto,"Consulta los resultados de las loterías del 3 de agosto: Lotería Nacional, Leidsa, Lotería Real, Loteka, loterías americanas y más.",Importante:verifica siempre los resultados con la entidad oficial de cada lotería antes de realizar cualquier reclamación.,2,10,Resultados de la Lotería Nacional | Resultados de Leidsa | Resultados de la Lotería Real | Resultados de Loteka | Resultados de las loterías americanas | Resultados de La Primera | Resultados de La Suerte | Resultados de LoteDom | Resultados de Anguila | Resultados de King Lottery,True,2,"lotería, resultados de lotería",2,2.0,Suscríbete a la revista,Suscríbete a la revista | regístrate a nuestros newsletters,32,https://revistamercado.do/wp-content/uploads/2026/02/Loteria-República-Dominicana.jpg,1000.0,"Conjunto de bolas numeradas de lotería almacenadas en filas, con diferentes números visibles sobre superficies blancas, representando un sorteo de azar.",Jhojhanni Fiorini,Actualidad,2026-08-04T09:26:51-04:00,"no-paywall, lotería, resultados de lotería",False,,/actualidad/resultados-de-las-loterias-del-03-de-agosto-de-2026-en-republica-dominicana
Resultados de las loterías del 05 de agosto de 2026 en República Dominicana,Resultados de Loterías del 5 de agosto 2026 | Nacional y Leidsa,"Consulta los resultados de las loterías del 5 de agosto de 2026: Nacional, Leidsa, Lotería Real, Loteka, Americanas, La Primera, La Suerte.",Importante:verifica siempre los resultados con la entidad oficial de cada lotería antes de realizar cualquier reclamación.,2,12,Resultados de la Lotería Nacional | Resultados de Leidsa | Resultados de la Lotería Real | Resultados de Loteka | Resultados de las loterías americanas | Resultados de La Primera | Resultados de La Suerte | Resultados de LoteDom | Resultados de Anguila | Resultados de King Lottery | Resultados de Nueva York | Resultados de Haiti Bolet,True,2,"lotería, resultados de lotería",2,2.0,Suscríbete a la revista,Suscríbete a la revista | regístrate a nuestros newsletters,32,https://revistamercado.do/wp-content/uploads/2026/02/Loteria-República-Dominicana.jpg,1000.0,"Conjunto de bolas numeradas de lotería almacenadas en filas, con diferentes números visibles sobre superficies blancas, representando un sorteo de azar.",Jhojhanni Fiorini,Actualidad,2026-08-06T08:37:14-04:00,"no-paywall, lotería, resultados de lotería",False,,/actualidad/resultados-de-las-loterias-del-05-de-agosto-de-2026-en-republica-dominicana
Resultados de las loterías del 31 de julio de 2026 en República Dominicana,Resultados de las loterías del 31 de julio de 2026,"Consulta los resultados de las loterías del 31 de julio de 2026 en República Dominicana: Lotería Nacional, Leidsa, Lotería Real y Loteka.",Importante:verifica siempre los resultados con la entidad oficial de cada lotería antes de realizar cualquier reclamación.,3,10,Resultados de la Lotería Nacional | Resultados de Leidsa | Resultados de la Lotería Real | Resultados de Loteka | Resultados de las loterías americanas | Resultados de La Primera | Resultados de La Suerte | Resultados de LoteDom | Resultados de Anguila | Resultados de King Lottery,True,1,lotería,4,2.0,Suscríbete a la revista,Suscríbete a la revista | regístrate a nuestros newsletters | Suscríbete a la revista | regístrate a nuestros newsletters,48,,,,Elba Reyes,Actualidad,2026-08-01T09:58:14-04:00,"norecents, no-paywall, lotería",False,,/actualidad/resultados-de-las-loterias-del-31-de-julio-de-2026-en-republica-dominicana
Resultados de Leidsa del miércoles 12 de agosto de 2026 en República Dominicana,Resultados de Leidsa del miércoles 12 de agosto en RD,"Consulta los resultados oficiales de Leidsa del miércoles 12 de agosto de 2026, incluyendo Loto, Loto Más, Quiniela y Súper Más.","El Loto Más volvió a concentrarla atención de miles de jugadoresen República Dominicana tras el sorteo realizado este miércoles 12 de agosto de 2026, debido a que se mantiene como uno de los juegos complementarios con mayor interés económico dentro de la oferta de laLotería Electrónica Internacional Dominicana (Leidsa).",15,4,Número ganador del Loto Más del 12 de agosto | Resultados completos de Leidsa este miércoles | ¿Por qué el Loto Más genera mayor expectativa? | Cuándo se realizan los sorteos de Leidsa,True,2,"loterías, resultados de lotería",3,1.0,la atención de miles de jugadores,la atención de miles de jugadores | Suscríbete a la revista | regístrate a nuestros newsletters,285,https://revistamercado.do/wp-content/uploads/2026/05/Resultados-de-la-Loto-Loteria-Nacional-y-Leidsa-sabado-5-de-marzo-2022.jpg,1138.0,Primer plano de varios bolos blancos con números negros flotando sobre un fondo azul difuminado.,Andrea Mercedes,Actualidad,2026-08-13T09:10:29-04:00,"no-paywall, loterías, resultados de lotería",False,,/actualidad/resultados-de-leidsa-del-miercoles-12-de-agosto-de-2026-en-republica-dominicana
Resultados de Leidsa del miércoles 5 de agosto de 2026 en República Dominicana,Resultados de Leidsa del miércoles 5 de agosto en RD,"Consulta los resultados oficiales de Leidsa del miércoles 5 de agosto de 2026, incluyendo Loto, Loto Más, Quiniela y Súper Más.","El Loto Más volvió a concentrarla atención de miles de jugadoresen República Dominicana tras el sorteo realizado este miércoles 5 de agosto de 2026, debido a que se mantiene como uno de los juegos complementarios con mayor interés económico dentro de la oferta de laLotería Electrónica Internacional Dominicana (Leidsa).",15,4,Número ganador del Loto Más del 5 de agosto | Resultados completos de Leidsa este miércoles | ¿Por qué el Loto Más genera mayor expectativa? | Cuándo se realizan los sorteos de Leidsa,True,2,"loterías, resultados de lotería",3,1.0,la atención de miles de jugadores,la atención de miles de jugadores | Suscríbete a la revista | regístrate a nuestros newsletters,285,https://revistamercado.do/wp-content/uploads/2026/05/Resultados-de-la-Loto-Loteria-Nacional-y-Leidsa-sabado-5-de-marzo-2022.jpg,1138.0,Primer plano de varios bolos blancos con números negros flotando sobre un fondo azul difuminado.,Andrea Mercedes,Actualidad,2026-08-06T08:26:55-04:00,"no-paywall, loterías, resultados de lotería",False,,/actualidad/resultados-de-leidsa-del-miercoles-6-de-agosto-de-2026-en-republica-dominicana
Resultados de Leidsa del sábado 1 de agosto de 2026 en República Dominicana,Resultados de Leidsa del sábado 1 de agosto de 2026 en República Dominicana,"Consulta los resultados oficiales de Leidsa del sábado 1 de agosto de 2026, incluyendo Loto, Loto Más, Quiniela y Súper Más.","El Loto Más volvió a concentrarla atención de miles de jugadoresen República Dominicana tras el sorteo realizado estesábado 1 de julio de 2026, debido a que se mantiene como uno de los juegos complementarios con mayor interés económico dentro de la oferta de laLotería Electrónica Internacional Dominicana (Leidsa).",16,4,Número ganador del Loto Más del 1 de agosto | Resultados completos de Leidsa este sábado | ¿Por qué el Loto Más genera mayor expectativa? | Cuándo se realizan los sorteos de Leidsa,True,2,"lotería, resultados de lotería",5,1.0,la atención de miles de jugadores,la atención de miles de jugadores | Suscríbete a la revista | regístrate a nuestros newsletters | Suscríbete a la revista | regístrate a nuestros newsletters,301,https://revistamercado.do/wp-content/uploads/2026/05/Resultados-de-la-Loto-Loteria-Nacional-y-Leidsa-sabado-5-de-marzo-2022.jpg,1138.0,Primer plano de varios bolos blancos con números negros flotando sobre un fondo azul difuminado.,Andrea Mercedes,Actualidad,2026-08-02T09:01:02-04:00,"no-paywall, lotería, resultados de lotería",False,,/actualidad/resultados-de-leidsa-del-sabado-1-de-agosto-de-2026-en-republica-dominicana
Revelan la causa de muerte del boxeador Prichard Colón tras casi una década de secuelas,Muere Prichard Colón: qué ocurrió en la pelea que cambió su vida,El exboxeador puertorriqueño Prichard Colón falleció tras años de secuelas por la grave lesión cerebral que sufrió durante una pelea en 2015.,"Elexboxeador puertorriqueñoPrichard Colónmurió a los 33 años, más de una década después de sufrir una grave lesión cerebral durante una pelea que cambió por completo su vida y puso sobre la mesa los riesgos de los golpes ilegales en el boxeo. Su fallecimiento fue confirmado este jueves 13 de agosto por su padre y exentrenador, Richard Colón.",28,6,¿Qué le ocurrió a Prichard Colón durante la pelea? | La carrera de Colón terminó en pleno ascenso | Golpes ilegales quedaron bajo mayor atención | ¿Por qué son peligrosos los golpes en la parte posterior de la cabeza? | Década de rehabilitación después del boxeo | Legado de Prichard Colón dentro del boxeo,True,6,"Salud, deportes, boxeo, Puerto Rico, prichard colón, causa de muerte",6,4.0,¿Cuánto dinero mueve la pelea de Jake Paul vs. Mike Tyson?,"¿Cuánto dinero mueve la pelea de Jake Paul vs. Mike Tyson? | Muere Hayden Panettiere, actriz de Heroes y Nashville, a los 36 años, esto es lo que se sabe sobre la causa de su muerte | Marcello Hernández y los ESPYS 2026: El humor como puente hacia la permanencia cultural del deporte | Los 10 atletas mejor pagados de 2025: Fortunas, récords y negocios | Suscríbete a la revista | regístrate a nuestros newsletters",873,https://revistamercado.do/wp-content/uploads/2026/08/Revelan-la-causa-de-muerte-del-boxeador-Prichard-Colón-tras-casi-una-década-de-secuelas.png,1920.0,"Fotografía en blanco y negro del boxeador puertorriqueño Prichard Colón sobre el cuadrilátero, ajustándose los guantes con expresión pensativa.",Andrea Mercedes,Actualidad,2026-08-14T11:23:22-04:00,"Salud, deportes, boxeo, Puerto Rico, no-paywall, prichard colón, causa de muerte",False,,/actualidad/revelan-la-causa-de-muerte-del-boxeador-prichard-colon-tras-casi-una-decada-de-secuelas
Terafab: por qué Elon Musk construye una fábrica de chips cinco veces mayor que el edificio más grande del mundo,"Elon Musk construye Terafab, la mayor fábrica de chips","Elon Musk construye Terafab junto a Tesla y SpaceX, una fábrica de chips de 100 millones de pies cuadrados en Texas.","La primera fase contempla una inversión superior aUS$16.800 millonesy la creación de3.000 empleos. Pero el tamaño de Terafab responde a una ambición todavía mayor: reunir bajo un mismo techo la fabricación de chips, memoria, lógica y empaquetado avanzado para atender la futura demanda de capacidad de cómputo de Tesla y SpaceX.",15,3,Una fábrica de 100 millones de pies cuadrados | Flash Sale | Flash Sale,False,5,"Elon Musk, chips semiconductores, business-sense, fortune, terafab",0,,,,280,https://revistamercado.do/wp-content/uploads/2026/08/elon-musk-terefab.jpg,1550.0,,Ana Sosa,Business,2026-08-11T06:53:58-04:00,"Elon Musk, chips semiconductores, exclusive-subscribers, business-sense, daily-cover-story, fortune, terafab",True,,/business/terafab-por-que-elon-musk-construye-una-fabrica-de-chips-cinco-veces-mayor-que-el-edificio-mas-grande-del-mundo
50 años inspirando a un país a convertirse en Catadores,50 años inspirando a un país a convertirse en Catadores,"El Catador ha construido su historia sobre un criterio único, relaciones basadas en la confianza y un legado que ha contribuido a transformar la cultura del vino.

La pasión de la...",,0,0,,False,0,,0,,,,0,https://revistamercado.do/wp-content/uploads/2026/07/El-Catador-Portada-para-Web-ver-2-scaled.webp,2560.0,,Darling Gil,Brand Content,2026-08-06T15:53:25-04:00,"no-paywall, inside-the-magazine",False,,/empresas/brand-content/50-anos-inspirando-a-un-pais-a-convertirse-en-catadores
Calidad que genera confianza,Calidad que genera confianza,"El procesamiento de huevo pasteurizado responde a una industria que exige mayor seguridad alimentaria, valor agregado y capacidad para nuevos mercados.

La evolución del mercado de alimentos con altos estándares de...",,0,0,,False,0,,0,,,,0,https://revistamercado.do/wp-content/uploads/2026/07/Huevos-Don-Papito-Portada-para-Web-copy-copy-1-scaled.webp,2560.0,,Miranda Cross,Brand Content,2026-08-11T09:49:42-04:00,"no-paywall, inside-the-magazine",False,,/empresas/brand-content/calidad-que-genera-confianza
"In memoriam | Alfy Fanjul, el Rey del azúcar","In memoriam | Alfy Fanjul, el Rey del azúcar","El empresario y magnate cubano-estadounidense,  presidente de Central Romana y Casa de Campo, deja un legado que trasciende el tiempo en República Dominicana y Estados Unidos.

Alfonso Fanjul, conocido cariñosamente como...",,0,0,,False,0,,0,,,,0,https://revistamercado.do/wp-content/uploads/2026/08/12b5cb4d-1210-4c57-bb4a-b04ed84b9c59.jpg,1920.0,,Miguel Vega,Empresas,2026-08-05T07:51:48-04:00,"Central Romana Corporation, in memoriam, no-paywall, coverstory, Alfy Fanjul, daily-cover-story",False,,/empresas/in-memoriam-alfy-fanjul-el-rey-del-azucar
Los países de América Latina con mayor deuda pública en 2026,Los países de América Latina con mayor deuda pública en 2026,"La comparación regional deja claro que América Latina está lejos de presentar una situación fiscal uniforme. Bolivia, Brasil y Surinam concentran los niveles más elevados de deuda pública respecto al...",Fuente: FMI e IIF. Proyecciones para 2026.,15,0,,True,5,"economia, América Latina, PIB, deuda pública, Money Invest",6,4.0,Los 10 millonarios más ricos de Latinoamérica en 2026: Así marchan sus fortunas a mitad de año,Los 10 millonarios más ricos de Latinoamérica en 2026: Así marchan sus fortunas a mitad de año | Los multimillonarios más jóvenes del mundo en 2026 | Suscríbete a la revista | regístrate a nuestros newsletters | Suscríbete a la revista | regístrate a nuestros newsletters,542,https://revistamercado.do/wp-content/uploads/2026/08/Los-países-de-América-Latina-con-mayor-deuda-pública-en-2026.webp,1560.0,"Una persona coloca un bloque de madera con un símbolo de porcentaje ascendente junto a varias pilas de monedas en crecimiento, representando el aumento de tasas, deuda o indicadores financieros.",Jhojhanni Fiorini,Empresas,2026-08-11T13:40:38-04:00,"economia, América Latina, PIB, deuda pública, no-paywall, Money Invest",False,,/empresas/los-paises-de-america-latina-con-mayor-deuda-publica-en-2026
¿Cuántas medallas lleva República Dominicana en los Juegos Centroamericanos 2026?,¿Cuántas medallas lleva RD en Santo Domingo 2026?,Conoce cuántas preseas ha conseguido la delegación de RD y cómo marcha en la clasificación .,"ElComité Olímpico Dominicano (COD)calificó como histórica y sobresaliente la actuación de la delegación nacional, que se mantiene entre las cinco mejores del medallero general y consiguió alcanzar por tercera ocasión en su historia la barrera de las 30 medallas de oro en unos Juegos Centroamericanos y del Caribe.",41,10,"¿Cuántas medallas tiene República Dominicana en Santo Domingo 2026? | República Dominicana supera las 120 medallas | Una actuación histórica para República Dominicana | El atletismo fue clave para superar las 100 medallas | Karate también impulsó la cosecha dominicana | Halterofilia, canotaje y otros deportes también aportan | ¿En qué posición está República Dominicana? | República Dominicana ya superó su actuación de San Salvador 2023 | ¿Cuál es el récord de medallas de oro de República Dominicana? | ¿Cuándo terminan los Juegos Centroamericanos Santo Domingo 2026?",False,6,"Santo Domingo 2026, noticias-economicas-RD, Juegos Centroamericanos y del Caribe 2026, noticias RD, medallero-santo-domingo-2026, deportes-rd",7,3.0,agenda de los Juegos Centroamericanos Santo Domingo 2026,agenda de los Juegos Centroamericanos Santo Domingo 2026 | ¿Qué deportes le han dado más medallas a República Dominicana en Santo Domingo 2026? | agenda de los Juegos Centroamericanos Santo Domingo 2026 | Suscríbete a la revista | regístrate a nuestros newsletters | Suscríbete a la revista | regístrate a nuestros newsletters,998,https://revistamercado.do/wp-content/uploads/2026/07/¿Cuantas-medallas-gano-Republica-Dominicana-en-la-quinta-jornada-de-Santo-Domingo-2026_.webp,1560.0,"Medallas de oro, plata y bronce de los Juegos Centroamericanos y del Caribe Santo Domingo 2026 junto al logotipo oficial del evento.",Edwin Lozada,Sport Business,2026-08-05T11:07:19-04:00,"no-paywall, Santo Domingo 2026, noticias-economicas-RD, Juegos Centroamericanos y del Caribe 2026, noticias RD, medallero-santo-domingo-2026, deportes-rd",False,,/empresas/sport-business/cuantas-medallas-republica-dominicana-juegos-centroamericanos-2026
¿Cuántas medallas ganó República Dominicana en los Juegos Centroamericanos 2026 y en qué puesto terminó?,RD termina Santo Domingo 2026 con 150 medallas,"RD ganó 150 medallas en Santo Domingo 2026: 46 de oro, 37 de plata y 67 de bronce. Así quedó en el medallero.","La delegación anfitriona terminó con 150 medallas: 46 de oro, 37 de plata y 67 de bronce. Con estos resultados, República Dominicana finalizó en elquinto lugar del medallero general, detrás de México, Colombia, Cuba y Venezuela.",45,14,¿Cuántas medallas ganó República Dominicana en Santo Domingo 2026? | República Dominicana logra su mejor cosecha histórica | El sóftbol masculino conquista el último oro dominicano | Crismery Santana aporta plata y bronce | Ezequiel Germán suma dos medallas de bronce | De 118 a 150 medallas en el cierre de los Juegos | El boxeo dominicano protagonizó un cierre histórico | El atletismo fue uno de los grandes motores de República Dominicana | Karate también fue clave en el medallero | Las Reinas del Caribe vuelven a ganar el oro | ¿En qué posición terminó República Dominicana? | Medallero final de Santo Domingo 2026 | ¿Quién ganó el medallero de los Juegos Centroamericanos 2026? | Santo Domingo 2026 deja una marca histórica,True,6,"republica dominicana, Juegos Centroamericanos, noticias-economicas-RD, olimpismo, atletismo-rd, medallero-deportivo",6,4.0,¿Qué deportes le dieron más medallas a República Dominicana en Santo Domingo 2026?,¿Qué deportes le dieron más medallas a República Dominicana en Santo Domingo 2026? | Juan Luis Guerra encabezará el show musical en la clausura de los Juegos Centroamericanos 2026 | Suscríbete a la revista | regístrate a nuestros newsletters | Suscríbete a la revista | regístrate a nuestros newsletters,972,https://revistamercado.do/wp-content/uploads/2026/08/¿Cuantas-medallas-suma-Republica-Dominicana-y-en-que-puesto-esta-en-los-Juegos-Centroamericanos_-copy.webp,1560.0,Tabla de posiciones de los Juegos Centroamericanos con banderas de países participantes y el logotipo de Santo Domingo 2026.,Elba Reyes,Sport Business,2026-08-06T11:58:23-04:00,"republica dominicana, Juegos Centroamericanos, no-paywall, noticias-economicas-RD, olimpismo, atletismo-rd, medallero-deportivo",False,,/empresas/sport-business/cuantas-medallas-suma-republica-dominicana-y-en-que-puesto-esta-en-los-juegos-centroamericanos
"🔴 Medallero Santo Domingo 2026 EN VIVO hoy, 8 de agosto | Así terminó RD",Medallero Juegos Centroamericanos 2026: tabla en vivo,"Consulta el medallero de los Juegos Centroamericanos Santo Domingo 2026. Revisa cuántos oros, platas y bronces lleva cada país.","La delegación anfitriona terminó con 150 medallas: 46 de oro, 37 de plata y 67 de bronce. Con estos resultados, República Dominicana finalizó en elquinto lugar del medallero general, detrás de México, Colombia, Cuba y Venezuela.",42,14,Medallero final de los Juegos Centroamericanos 2026 | ¿Cuántas medallas ganó República Dominicana en Santo Domingo 2026? | República Dominicana firmó un cierre histórico | El sóftbol masculino aporta uno de los últimos oros | Crismery Santana suma plata y bronce en halterofilia | Ezequiel Germán gana dos medallas de bronce | El boxeo protagonizó una actuación histórica | El atletismo fue el principal motor de la delegación | Las Reinas del Caribe extienden su dominio | Karate termina con una gran cosecha | República Dominicana logra su mejor actuación histórica | ¿En qué posición terminó República Dominicana? | México gana el medallero de Santo Domingo 2026 | Santo Domingo 2026 llega a su final,True,6,"Santo Domingo 2026, noticias-economicas-RD, Juegos Centroamericanos y del Caribe 2026, noticias RD, medallero-santo-domingo-2026, deportes-rd",6,3.0,"Ceremonia de clausura de Santo Domingo 2026 EN VIVO: hora, dónde ver y show de Juan Luis Guerra","Ceremonia de clausura de Santo Domingo 2026 EN VIVO: hora, dónde ver y show de Juan Luis Guerra | ¿Qué deportes le dieron más medallas a República Dominicana en Santo Domingo 2026? | Suscríbete a la revista | regístrate a nuestros newsletters | Suscríbete a la revista | regístrate a nuestros newsletters",837,https://revistamercado.do/wp-content/uploads/2026/07/Medallero-Santo-Domingo-2026-EN-VIVO-hoy-28-de-julio-¿Cómo-va-RD-copy.webp,1560.0,,Edwin Lozada,Sport Business,2026-08-04T19:16:32-04:00,"no-paywall, Santo Domingo 2026, noticias-economicas-RD, Juegos Centroamericanos y del Caribe 2026, noticias RD, medallero-santo-domingo-2026, deportes-rd",False,,/empresas/sport-business/medallero-juegos-centroamericanos-2026-en-vivo
¿Quiénes son los nuevos dueños de Los Angeles Lakers? Así fue la venta récord por US$12.500 millones,¿Quién compró los Lakers? Venta récord por US$12.500 millones,"Bob Iger, CEO de Disney, y el inversionista Josh Kushner lideran la compra de Los Angeles Lakers por US$12.500 millones","La operación marca un cambio histórico para la organización angelina, que durante décadas estuvo ligada a la familia Buss y que en los últimos años había pasado al control del empresario Mark Walter, propietario también de los Dodgers de Los Ángeles.",35,8,Una venta histórica para el deporte estadounidense | ¿Quiénes son los nuevos dueños? | Kushner probablemente aportó la mayor parte de la inversión | Jeanie Buss seguirá teniendo un papel clave | Los nuevos propietarios prometen respetar el legado de los Lakers | Magic Johnson respalda la operación | Los Lakers afrontan una nueva etapa deportiva | Una franquicia que multiplicó su valor de forma extraordinaria,True,14,"Los Angeles Lakers, Thrive Capital, Magic Johnson, Jeanie Buss, Josh Kushner, Luka Dončić, Negocios, baloncesto, NBA, Lebron James, deportes, bob iger, Estados Unidos, Disney",5,33.0,Paramount vs. Warner: Qué sigue en la batalla legal por los derechos de transmisión de la NBA,Paramount vs. Warner: Qué sigue en la batalla legal por los derechos de transmisión de la NBA | Suscríbete a la revista | regístrate a nuestros newsletters | Suscríbete a la revista | regístrate a nuestros newsletters,820,https://revistamercado.do/wp-content/uploads/2026/08/Josh-Kushner-Bob-Iger-comprarán-Lakers-copy.jpg,1315.0,,Rodrigo Muñoz,Sport Business,2026-08-13T14:01:28-04:00,"Los Angeles Lakers, Thrive Capital, Magic Johnson, Jeanie Buss, Josh Kushner, Luka Dončić, no-paywall, Negocios, baloncesto, NBA, Lebron James, deportes, bob iger, Estados Unidos, Disney",False,,/empresas/sport-business/quienes-son-los-nuevos-duenos-de-los-angeles-lakers-asi-fue-la-venta-record-por-us12-500-millones
"Vozinha firma con Colo Colo y ganará US$30,000 al mes tras convertirse en figura del Mundial 2026","Colo Colo ficha a 'Vozinha', la gran figura de Cabo Verde en el Mundial","El portero de CAbo Verde, 'Vozinha', firmó contrato con Colo Colo por seis meses con opción a renovación. Recibirá 30,000 dólares mensuales","El portero caboverdianoJosimar José Évora Dias, conocido como ‘Vozinha‘, firmó este lunes su contrato con Colo Colo de Chile, convirtiéndose en el fichaje más mediático del fútbol sudamericano tras su destacada actuación con la debutante Cabo Verde en el Mundial 2026. El club anunció la noticia en su cuenta oficial de Instagram, cuyos posteos desde la llegada del jugador al país acumulan más de cuatro millones de visualizaciones.",14,2,"Exámenes, firma y camiseta en un mismo día | El debut y el superclásico en el horizonte",False,3,"Colo Colo, Cabo Verde, Josimar José Évora Dias",6,4.0,Carlos Cordeiro renuncia a la FIFA por su rechazo al plan de vender parte del Mundial,Carlos Cordeiro renuncia a la FIFA por su rechazo al plan de vender parte del Mundial | Rebelión de los gigantes: Real Madrid y Juventus se unen al boicot contra los planes comerciales de la FIFA | Suscríbete a la revista | regístrate a nuestros newsletters | Suscríbete a la revista | regístrate a nuestros newsletters,530,https://revistamercado.do/wp-content/uploads/2026/08/Colo-Colo-ficha-a-Vozinha-la-gran-figura-de-Cabo-Verde-en-el-Mundial-2026.jpg,1315.0,"Colo Colo ficha a 'Vozinha', la gran figura de Cabo Verde en el Mundial 2026",Gabriel Rico Albarrán,Sport Business,2026-08-05T07:00:24-04:00,"no-paywall, Colo Colo, Cabo Verde, Josimar José Évora Dias",False,,/empresas/sport-business/vozinha-firma-con-colo-colo-y-ganara-us30000-al-mes-tras-convertirse-en-figura-del-mundial-2026
RAAS Solar trae Tesla Solar Roof a RD: ¿qué aporta un techo generador a un país que busca mayor autonomía en su suministro eléctrico?,Tesla Solar Roof llega a RD con RAAS Solar: cómo funciona,RAAS Solar trae Tesla Solar Roof a República Dominicana. ¿Cómo funciona el techo solar y qué puede aportar al suministro eléctrico de una vivienda?,"A finales de julio,RAAS Solar introdujo en el mercado dominicano Tesla Solar Roof, un sistema que sustituye parte de la cubierta convencional de una vivienda por tejas fotovoltaicas capaces de generar electricidad.",25,3,"De una meta de 1,000 techos semanales a 32 en el trimestre de mayor despliegue estimado por Wood Mackenzie. | Flash Sale | Flash Sale",False,0,,0,,,,729,https://revistamercado.do/wp-content/uploads/2026/08/RAAS-SOLAR.jpg,1550.0,,Ana Sosa,Business,2026-08-12T06:21:44-04:00,"exclusive-subscribers, daily-cover-story",True,,/empresas/tesla-solar-roof-raas-solar-republica-dominicana
TotalEnergies vende su participación del 30 % en Kan a Carlos Slim mientras fortalece su plataforma para el Caribe desde República Dominicana,TotalEnergies vende su participación del 30 % en Kan a Carlos Slim mientras fortalece su plataforma para el Caribe desde República Dominicana,"La venta de la participación de TotalEnergies en el descubrimiento Kan, ubicado en el Bloque 30 de México, coincidió con nuevas inversiones en gas natural, energías renovables y generación eléctrica...","Mientras reducía su participación en un descubrimiento petrolero operado por un tercero, TotalEnergies ampliaba su presencia en un mercado en el que combinagas natural, energías renovables, la comercialización de combustiblesy nuevos proyectos degeneración eléctrica.",15,2,Flash Sale | Flash Sale,False,0,,0,,,,350,https://revistamercado.do/wp-content/uploads/2026/08/TOTAL-ENERGIES-IMAGEN-PRINCIPAL.jpg,1550.0,,Ana Sosa,Business,2026-08-03T07:46:59-04:00,"exclusive-subscribers, daily-cover-story",True,,/empresas/totalenergies-vende-su-participacion-del-30-en-kan-a-carlos-slim-mientras-fortalece-su-plataforma-para-el-caribe-desde-republica-dominicana
Así quedó la Luna tras el impacto de un cohete de SpaceX: un satélite captó el antes y el después,Corea del Sur capta impacto de cohete en la Luna,Satélite de la agencia espacial de Corea del Sur capta el antes y el después del impacto en la Luna del cohete de SpaceX,"El satélite, apodado‘Danuri’, «comenzó las observaciones aproximadamente 30 minutos antes del impacto, y mediante el control de su órbita, pasó varias veces sobre el punto de impacto, realizando un total de 8 sesiones de grabación», explicó en lared social XelInstituto de Investigación Aeroespacial de Corea(KARI).",9,0,,False,3,"NASA, impacto en la Luna, agencia espacial de Corea del Sur",6,2.0,Artemis II: el secreto europeo que hizo posible la misión a la Luna,"Artemis II: el secreto europeo que hizo posible la misión a la Luna | Descubren la primera exoluna fuera del sistema solar, un hallazgo histórico para la astronomía | Suscríbete a la revista | regístrate a nuestros newsletters | Suscríbete a la revista | regístrate a nuestros newsletters",265,https://revistamercado.do/wp-content/uploads/2026/08/Corea-del-Sur-capta-el-antes-y-el-después-copy.jpg,1315.0,,Miguel Vega,Actualidad,2026-08-06T18:50:00-04:00,"NASA, no-paywall, impacto en la Luna, agencia espacial de Corea del Sur",False,,/internacional/asi-quedo-la-luna-tras-el-impacto-de-un-cohete-de-spacex-un-satelite-capto-el-antes-y-el-despues
Tres playas dominicanas elegidas entre las mejores del mundo en The World’s 50 Best Beaches 2026,Las mejores playas de República Dominicana en 2026,Conoce las mejores playas de República Dominicana que destacan en 2026 entre las más reconocidas del Caribe y Norteamérica.,"La edición 2026 deThe World’s 50 Best Beachesvuelve a poner la mirada sobre República Dominicana. La selección internacional, elaborada a partir del trabajo de jueces, embajadores de playas y el equipo especializado de la plataforma, incluye aCanto de la Playa entre las 50 mejores del planeta. La playa de Isla Saona ocupa el puesto número 20 del ranking mundial.",17,1,"Canto de la Playa, el gran salto internacional",False,6,"republica dominicana, turismo, Isla Saona, Bahía de las Águilas, playas, la-vida",9,2.0,Inteligencia artificial crea nuevos virus: 16 genomas diseñados por IA resultaron viables,"Inteligencia artificial crea nuevos virus: 16 genomas diseñados por IA resultaron viables | Isla Saona | Qué hacer en República Dominicana con tus hijos: Hoteles familiares, excursiones y playas tranquilas | Samaná | Playas sin sargazo en República Dominicana: la lista que necesitas antes de salir de vacaciones | Suscríbete a la revista | regístrate a nuestros newsletters | Suscríbete a la revista | regístrate a nuestros newsletters",699,https://revistamercado.do/wp-content/uploads/2026/08/Tres-playas-dominicanas-elegidas-entre-las-mejores-del-mundo-en-The-Worlds-50-Best-Beaches-2026.webp,1560.0,"Playa tropical con aguas turquesas, arena clara, palmeras y grandes formaciones rocosas cubiertas de vegetación bajo un cielo azul.",Elba Reyes,Experiencias,2026-08-13T12:27:59-04:00,"republica dominicana, turismo, Isla Saona, Bahía de las Águilas, playas, no-paywall, la-vida",False,,/lifestyle/experiencias/tres-playas-dominicanas-elegidas-entre-las-mejores-del-mundo-en-the-worlds-50-best-beaches-2026
¿Cuáles son las 10 economías con la mayor inflación del planeta en 2026 según el FMI?,¿Cuáles son las 10 economías con mayor inflación en 2026? FMI,"Conoce las 10 economías con mayor inflación en 2026 según el FMI. Venezuela lidera el ranking, seguida por Sudán, Irán, Argentina y Turquía.","De acuerdo con las proyecciones delFondo Monetario Internacional (FMI), Venezuela encabeza el ranking mundial con una inflación estimada de387.4%durante 2026. Le siguen Sudán, con75.1%, eIrán, con68.9%.",31,3,"Venezuela vuelve a liderar el ranking mundial de inflación | Argentina, Turquía y Bolivia también enfrentan fuertes presiones sobre los precios | La inflación mundial se aleja de los niveles extremos, pero el riesgo no desaparece",True,4,"FMI, Inflación, macroeconomía, paises-con-la-inflacion-mas-extrema-del-mundo-2026",13,1.0,Fondo Monetario Internacional (FMI),"Fondo Monetario Internacional (FMI) | Irán | La inteligencia artificial factura miles de millones. ¿Basta para justificar la inversión? | FMI | Top 10 de países donde la riqueza está más concentrada en 2026, según informe de UBS | FMI | Irán | Cuáles son los 10 países con el peor tráfico y más tiempo perdido en América Latina? | Países con mayor deuda con el FMI: El ranking de las economías más endeudadas | Suscríbete a la revista | regístrate a nuestros newsletters | Suscríbete a la revista | regístrate a nuestros newsletters",984,https://revistamercado.do/wp-content/uploads/2026/08/¿Cuáles-son-las-10-economías-con-la-mayor-inflación-del-planeta-en-2026-según-el-FMI.webp,1560.0,"Balanza dorada con una canasta de alimentos en un lado y pilas de monedas en el otro, junto a un globo terráqueo, representando el impacto de la inflación en la economía mundial.",Jhojhanni Fiorini,Finanzas,2026-08-03T13:34:48-04:00,"FMI, Inflación, macroeconomía, no-paywall, paises-con-la-inflacion-mas-extrema-del-mundo-2026",False,,/market-brief/finanzas/cuales-son-las-10-economias-con-la-mayor-inflacion-del-planeta-en-2026-segun-el-fmi
"The Best of DR 2026, una noche de admiración y reconocimiento a lo mejor del país","The Best of DR 2026, noche de reconocimiento a lo mejor del país","Revista Mercado celebtró su ic;onico evento de verano, The Best of DR 2026, en el que reconoció a lo mejor del talento del país. Además...","Durante la celebración del eventoThe Best of DR 2026desde la Zona Colonial en Portazul, revista Mercado galardonó a más de 40 figuras destacadas dentro de las categorías de gastronomía, entretenimiento, arte y cultura, shopping, moda, deportes, negocios y servicios.",36,1,Los galardonados enThe Best of DR 2026,True,2,"The Best of The Best, The Best of DR 2026",5,5.0,la edición de agosto de revista Mercado,la edición de agosto de revista Mercado | Suscríbete a la revista | regístrate a nuestros newsletters | Suscríbete a la revista | regístrate a nuestros newsletters,825,https://revistamercado.do/wp-content/uploads/2026/08/The-Best-of-DR-2026-una-noche-de-admiración-y-reconocimiento-a-lo-mejor-del-país.jpeg,1560.0,"The Best of DR 2026, una noche de admiración y reconocimiento a lo mejor del país",Gabriel Rico Albarrán,Daily News,2026-08-13T21:20:10-04:00,"The Best of The Best, no-paywall, The Best of DR 2026",False,,/mercado-exchange/the-best-of-dr-2026-una-noche-de-admiracion-y-reconocimiento-a-lo-mejor-del-pais
Dos mujeres atletas encabezan las ganancias de los Juegos Centroamericanos y del Caribe 2026,Mujeres atletas encabezan lista de premios en Centroamericanos,Dos atletas dominicanas lideran los mayores incentivos económicos de Santo Domingo 2026. Estas son sus cifras y sus historias.,"Aunque los ingresos recurrentes de una deportista de alto rendimiento aún dista mucho de los recibidos por una medalla, los Juegos Centroamericanos y del Caribe Santo Domingo 2026 dejaron una factura deportiva que también puede leerse como una radiografía económica.",42,6,Liranyi Alonso: cuatro oros y una señal de madurez competitiva | Brenda Castillo: el valor económico de una carrera con resultados | El siguiente capítulo de Castillo ya está fuera de la RD | ¿Cuánto gana una atleta de alto rendimiento en la República Dominicana? | Santo Domingo 2026 también deja una pregunta sobre cómo se remunera el rendimiento | Una cuenta pública que todavía necesita precisión,False,2,"Juegos Centroamericanos y del Caribe 2026, mujeres atletas",4,41.0,Suscríbete a la revista,Suscríbete a la revista | regístrate a nuestros newsletters | Suscríbete a la revista | regístrate a nuestros newsletters,1518,https://revistamercado.do/wp-content/uploads/2026/08/mujeres-como-mayores-ganadoras-en-juegos-centroamericanos.jpg,1280.0,,Karime Rivas,Leadership,2026-08-14T10:46:30-04:00,"no-paywall, Juegos Centroamericanos y del Caribe 2026, mujeres atletas",False,,/mercado-women/leadership/mujeres-atletas-ganaron-mas-dinero-en-los-juegos-centroamericanos
Erika Kirk sacude a Estados Unidos con una idea que cuestiona un siglo de sufragio femenino,Erika Kirk cuestiona un siglo de sufragio femenino,"Erika Kirk desató una polémica en EE.UU. al respaldar el ""voto por hogar"". Así cambiaría el voto femenino y el mapa electoral del país.","Durante décadas, el derecho al voto femenino en Estados Unidos había permanecido fuera del terreno de las grandes disputas constitucionales. La aprobación de la Decimonovena Enmienda en 1920 parecía haber convertido el sufragio de las mujeres en un consenso democrático irreversible.",48,6,"La declaración que encendió la controversia | Qué significa realmente el «voto por hogar» | El impacto que tendría sobre el mapa electoral estadounidense | ¿Podría eliminarse realmente el voto femenino en Estados Unidos? | El movimiento tradwife y la disputa por el significado del feminismo | Más que un debate sobre el voto, una discusión sobre la representación democrática",True,3,"Estados Unidos, Erika Kirk, voto femenino",2,48.0,Suscríbete a la revista,Suscríbete a la revista | regístrate a nuestros newsletters,1205,https://revistamercado.do/wp-content/uploads/2026/08/Firefly_Gemini-Flash_Dame-un-close-up-de-esa-imagen-poniendo-a-la-personalidad-femenina-con-una-mirada-má-831926-copy.jpeg,1280.0,,Karime Rivas,Trends,2026-08-05T19:19:25-04:00,"Estados Unidos, no-paywall, Erika Kirk, voto femenino",False,,/mercado-women/trends/erika-kirk-cuestiona-sufragio-femenino
THE BEST OF DR 2026: JUEGAN BIEN Y LIMPIO,THE BEST OF DR 2026: JUEGAN BIEN Y LIMPIO,"Llegó agosto. Y, como ocurre con los grandes torneos, el público ya sabe lo que toca: salta al terreno de juego una nueva edición de The Best of DR. Porque...","El verano de 2026 tiene acento futbolero. Mientras el planeta entero aún celebra el Mundial, en República Dominicana también se juega un campeonato muy especial: el de las buenas ideas, los proyectos que transforman ciudades, las marcas que innovan, los emprendedores que nunca bajan los brazos y las historias que demuestran que el talento dominicano siempre juega en primera división. Aquí los goles no se marcan únicamente con un balón. También llegan con un taco que se convierte en fenómeno gastronómico, con un merengue que, 45 años después, sigue poniendo a bailar a varias generaciones, con un parque que devuelve la ciudad a sus ciudadanos o con un mercado que cambia la dinámica de un barrio entero.",7,0,,False,1,inside-the-magazine,4,6.0,Suscríbete a la revista,Suscríbete a la revista | regístrate a nuestros newsletters | Suscríbete a la revista | regístrate a nuestros newsletters,432,https://revistamercado.do/wp-content/uploads/2026/08/WhatsApp-Image-2026-08-07-at-11.58.22-AM.jpeg,2560.0,,Darling Gil,De la revista,2026-08-05T17:53:44-04:00,"no-paywall, inside-the-magazine, inside-the-magazine-cover",False,,/mercado/the-best-of-dr-2026-juegan-bien-y-limpio
Bono a Mil 2026-2027: Cómo consultar con tu cédula si tus hijos están en la lista,Bono a Mil 2026-2027: verifica con tu cédula si tus hijos califican,El Minerd habilitó la consulta del Bono a Mil 2026-2027. Verifica con tu cédula si tus hijos son beneficiarios del incentivo escolar.,"ElBono a Mil 2026-2027ya se encuentra disponible para consulta, luego de que elMinisterio de Educación de la República Dominicana (Minerd)activara el proceso de registro y verificación para que padres, madres y tutores puedan confirmar si sus hijos figuran entre los beneficiarios del programa, que entrega un incentivo deRD$1,000 por cada estudiante inscrito y activo en una escuela pública.",23,5,¿Quiénes reciben el Bono a Mil 2026-2027? | Cómo consultar con tu cédula si tus hijos están en la lista | ¿Dónde obtener el ID del estudiante? | ¿Cómo se cobra el Bono a Mil? | ¿Qué hacer si tus hijos no aparecen en la lista?,True,4,"republica dominicana, subsidios, educación, desarrollo social",7,2.0,año escolar 2026-2027,año escolar 2026-2027 | La caída en bolsa de IBM reabre la mayor duda sobre la inteligencia artificial | Bono a Mil 2026-2027: todo lo que debes saber para acceder al beneficio | ¿Cuánto cuestan los libros de texto para el año escolar 2026-2027 y cómo funciona el ‘cambiazo’ en RD? | al centro educativo | Suscríbete a la revista | regístrate a nuestros newsletters,557,https://revistamercado.do/wp-content/uploads/2026/08/Bono-a-Mil-2026-2027-Cómo-consultar-con-tu-cédula-si-tus-hijos-están-en-la-lista-copy.webp,1560.0,"Vista posterior de un niño con mochila azul cargando un libro y tomado de la mano de un adulto, superpuesta con la imagen en primer plano de una cédula de identidad dominicana sostenida por una mano.",Andrea Mercedes,Daily News,2026-08-05T12:13:07-04:00,"republica dominicana, subsidios, educación, no-paywall, desarrollo social",False,,/money-invest/daily-news/bono-a-mil-2026-2027-como-consultar-con-tu-cedula-si-tus-hijos-estan-en-la-lista
Cómo funcionará el recorrido directo en el Metro de Santo Domingo tras eliminar la transferencia en la estación María Montez,Así funcionará la Línea 2C del Metro de Santo Domingo sin transfer,Ahora los pasajeros de la Línea 2C del Metro de Santo Domingo ahora podrán continuar hacia Los Alcarrizos o la Línea 2 sin cambiar de tren.,"ElMetro de Santo Domingocomenzó unanueva etapa de operación para los pasajeros de la Línea 2C, luego deeliminar el transferque se realizaba enla estación María Montez, ubicada en elkilómetro 9 de la autopista Duarte. Desde este domingo, los usuarios pueden continuar dentro del mismo tren sin desmontarse para realizar la conexión con la Línea 2.",26,6,¿Qué cambia para los pasajeros del Metro de Santo Domingo? | ¿Cómo será el recorrido desde Los Alcarrizos? | ¿Qué andén deben utilizar ahora los pasajeros? | ¿Por qué se eliminó el transfer en María Montez? | ¿El Metro de Los Alcarrizos seguirá siendo gratis? | ¿Qué representa el cambio para los usuarios?,True,5,"Santo Domingo, Metro de Santo Domingo, movilidad urbana, transporte publico, opret",8,1.0,Metro de Santo Domingo,Metro de Santo Domingo | Foro Nacional para el Pleno Desarrollo: ¿cómo Meta RD 2036 busca que República Dominicana supere la trampa del ingreso medio? | Metro de Santo Domingo | Metro de Santo Domingo mejora línea 2C: pasajeros de Los Alcarrizos ya no necesitan cambiar de tren | Falla eléctrica paraliza el Metro de Santo Domingo: qué pasó realmente | no tendrán que bajarse del tren | Suscríbete a la revista | regístrate a nuestros newsletters,811,https://revistamercado.do/wp-content/uploads/2026/08/Cómo-funcionará-el-recorrido-directo-en-el-Metro-de-Santo-Domingo-tras-eliminar-la-transferencia-en-la-estación-María-Montez-copy.webp,1560.0,"Un tren del Metro de Santo Domingo avanzando por una vía elevada, superpuesto con un mapa del trazado de la Línea 2C y sus estaciones hacia Los Alcarrizos.",Andrea Mercedes,Daily News,2026-08-10T13:11:12-04:00,"Santo Domingo, Metro de Santo Domingo, movilidad urbana, transporte publico, no-paywall, opret",False,,/money-invest/daily-news/como-funcionara-el-recorrido-directo-en-el-metro-de-santo-domingo-tras-eliminar-la-transferencia-en-la-estacion-maria-montez
¿Cuáles son los 10 terremotos de magnitud mayor a 7 que se han registrado en el mundo en lo que va de 2026?,¿Cuáles son los terremotos más fuertes de 2026?,"Conoce los terremotos más fuertes de 2026, su magnitud, ubicación, víctimas y daños, desde el sismo de 7.8 en Filipinas hasta el de Colombia.","Losterremotos de magnitud mayor a 7marcan elpanorama sísmico de 2026, con al menos 10 eventos registrados en distintas partes del mundo hasta agosto. Los movimientos de mayor intensidad han afectado principalmente zonas de alta actividad tectónica y han dejado víctimas, daños estructurales y comunidades bajo emergencia.",28,7,Venezuela registró dos de los terremotos más fuertes de 2026 | Filipinas registró el terremoto de mayor magnitud del año | Colombia suma un terremoto de magnitud 7.4 al balance de 2026 | México registró un terremoto de magnitud 7.4 | Japón enfrentó un terremoto de magnitud 6.8 | ¿Por qué algunos terremotos son más destructivos que otros? | 2026 concentra terremotos de gran magnitud en distintas regiones,True,5,"prevención, ciencia, Terremotos, fenómenos naturales, sismologia",10,4.0,¿Está aumentando realmente la cantidad de terremotos en el planeta o es solo una percepción mediática?,¿Está aumentando realmente la cantidad de terremotos en el planeta o es solo una percepción mediática? | Venezuela protagonizó uno de los episodios sísmicos más graves del año | Filipinas fue escenario del terremoto de mayor magnitud | terremoto que afectó a Colombia | Qué es el Anillo de Fuego y por qué concentra los terremotos más fuertes del mundo | México se sumó a la lista de países afectados por grandes movimientos sísmicos | Japón registró uno de los movimientos sísmicos relevantes del año | Expertos sísmicos advierten que República Dominicana está en espera de un gran terremoto | Suscríbete a la revista | regístrate a nuestros newsletters,924,https://revistamercado.do/wp-content/uploads/2026/08/¿Cuáles-son-los-terremotos-de-magnitud-mayor-a-7-que-se-han-registrado-en-el-mundo-en-lo-que-va-de-2026_-1.webp,1560.0,"Mapa mundi satelital centrado en el Océano Pacífico con diez círculos concéntricos rojos que marcan los epicentros de grandes terremotos en Asia, Oceanía y América.",Andrea Mercedes,Daily News,2026-08-11T12:18:17-04:00,"prevención, ciencia, no-paywall, Terremotos, fenómenos naturales, sismologia",False,,/money-invest/daily-news/cuales-son-los-10-terremotos-de-magnitud-mayor-a-7-que-se-han-registrado-en-el-mundo-en-lo-que-va-de-2026
Cuántas provincias tendría República Dominicana con la creación de Santa Lucía y Matías Ramón Mella,Las nuevas provincias que podrían cambiar el mapa de RD,"República Dominicana tiene 31 provincias, pero dos proyectos de ley plantean crear Santa Lucía y Matías Ramón Mella y elevar la cifra a 33.",La creación deSanta LucíayMatías Ramón Mellamodificaríala división territorial de República Dominicanasi ambos proyectos de ley son aprobados porel Congreso Nacionaly posteriormente promulgados por elPoder Ejecutivo. Las iniciativas plantean convertir territorios que actualmente pertenecen a las provincias San Juan y Santo Domingo endos nuevas demarcaciones provinciales.,28,6,¿Cuáles son las dos nuevas provincias que se proponen crear? | Santa Lucía se crearía a partir de territorios de San Juan | ¿Qué territorio abarcaría Matías Ramón Mella? | ¿Cuántas provincias tiene actualmente RD? | ¿Cuántas provincias tendría el país si se aprueban ambas propuestas? | ¿Qué falta para crear Santa Lucía y Matías Ramón Mella?,True,4,"provincias de RD, división territorial, territorio dominicano, nuevas provincias RD",10,1.0,el Congreso Nacional,"el Congreso Nacional | República Dominicana | Luis Abinader apuesta por reformas e innovación para acelerar el desarrollo en República Dominicana | ¿Dónde vive la mayoría de los dominicanos? Así se divide la población entre la capital y las provincias | Santo Domingo | República Dominicana | ¿Cómo funcionará el plan del 911 en República Dominicana para instalar más de 10,400 cámaras de seguridad? | República Dominicana | Suscríbete a la revista | regístrate a nuestros newsletters",771,https://revistamercado.do/wp-content/uploads/2026/08/Cuántas-provincias-tendría-República-Dominicana-con-la-creación-de-Santa-Lucía-y-Matías-Ramón-Mella-copy.webp,1560.0,Mapa ilustrado de la República Dominicana con dos marcadores de ubicación rojos en las zonas de San Juan y Santo Domingo resaltadas en naranja.,Andrea Mercedes,Daily News,2026-08-11T17:15:46-04:00,"no-paywall, provincias de RD, división territorial, territorio dominicano, nuevas provincias RD",False,,/money-invest/daily-news/cuantas-provincias-tendria-republica-dominicana-con-la-creacion-de-santa-lucia-y-matias-ramon-mella
El presidente Luis Abinader asume la presidencia del PRM para el período 2026-2030,El presidente Luis Abinader asume la presidencia del PRM para el período 2026-2030,El presidente Luis Abinader encabezará la dirección nacional del PRM para 2026-2030 tras ser escogido en una plancha unitaria. La nueva...,"El presidente de República Dominicana,Luis Abinader, asumirá la presidencia del oficialista Partido Revolucionario Moderno (PRM) para el período 2026-2030, tras ser escogido este domingo como integrante de una plancha unitaria que también definió al resto de la dirección nacional de la colectividad.",18,1,Ascención y Garrigó Mejía completan la nueva cúpula del partido,False,2,"Luis Abinader, Partido Revolucionario Moderno",5,16.0,¿En qué puesto terminó República Dominicana en los Juegos Centroamericanos 2026? Así fue su actuación histórica,¿En qué puesto terminó República Dominicana en los Juegos Centroamericanos 2026? Así fue su actuación histórica | Suscríbete a la revista | regístrate a nuestros newsletters | Suscríbete a la revista | regístrate a nuestros newsletters,412,https://revistamercado.do/wp-content/uploads/2026/08/El-presidente-Luis-Abinader-asume-la-presidencia-del-PRM-para-el-período-2026-2030.jpeg,1315.0,El presidente Luis Abinader asume la presidencia del PRM para el período 2026-2030,Gabriel Rico Albarrán,Daily News,2026-08-10T15:39:24-04:00,"Luis Abinader, no-paywall, Partido Revolucionario Moderno",False,,/money-invest/daily-news/el-presidente-luis-abinader-asume-la-presidencia-del-prm-para-el-periodo-2026-2030
Los 5 países de América Latina con mayor calidad de vida en 2026: Revelan el ranking de Wharton,Los 5 países de América Latina con mejor calidad de vida en 2026,"México lidera el ranking de calidad de vida en América Latina en 2026, seguido por Argentina, Brasil, Uruguay y Chile, según Wharton.","El ranking analiza a85 países que concentran el 93% del PIB mundial y el 78% de la población global, y evalúa distintos factores relacionados con la percepción internacional de las naciones.",34,3,"México lidera el ranking de calidad de vida en América Latina | Argentina, Brasil y Uruguay completan los primeros puestos | ¿Qué países latinoamericanos quedaron más rezagados?",False,4,"banca-latinoamerica, paises-latinoamerica-mayor-morosidad-bancaria-ranking, morosidad-bancaria, economia-latinoamerica",16,3.0,América Latina,"América Latina | Rusia no ve que la pelota esté en su tejado en relación con las negociaciones con Ucrania | Estados Unidos | Canadá | Países con mayor deuda con el FMI: El ranking de las economías más endeudadas | Argentina ocupa el segundo lugar de América Latina | la inflación | Brasil | Top 10 de países donde la riqueza está más concentrada en 2026, según informe de UBS | Brasil | Cuáles son los 10 países con el peor tráfico y más tiempo perdido en América Latina? | Perú | Suscríbete a la revista | regístrate a nuestros newsletters | Suscríbete a la revista | regístrate a nuestros newsletters",882,https://revistamercado.do/wp-content/uploads/2026/08/Los-5-países-de-América-Latina-con-mayor-calidad-de-vida-en-2026-según-clasificación-de-Wharton.webp,1560.0,"Vista panorámica de Zúrich, Suiza, con el río Limmat, edificios históricos, iglesias y una zona urbana rodeada de colinas, representando una ciudad con alta calidad de vida.",Jhojhanni Fiorini,Internacional,2026-08-04T11:50:56-04:00,"no-paywall, banca-latinoamerica, paises-latinoamerica-mayor-morosidad-bancaria-ranking, morosidad-bancaria, economia-latinoamerica",False,,/money-invest/daily-news/los-5-paises-de-america-latina-con-mayor-calidad-de-vida-en-2026-revelan-el-ranking-de-wharton
"Muere Alfonso Fanjul, el magnate detrás de Central Romana y una de las grandes fortunas del azúcar","Muere Alfonso Fanjul, el “Rey del Azúcar” y magnate de Central Romana","Alfonso Fanjul, conocido como el “Rey del Azúcar”, murió a los 89 años. Conoce su legado en Central Romana y Casa de Campo.","Su muerte pone fin a una trayectoria empresarial de varias décadas vinculada al crecimiento deCentral Romana Corporation, uno de los grupos económicos más importantes del país.",20,3,Alfonso Fanjul y la transformación de Central Romana | El vínculo de Fanjul con Casa de Campo | El legado de Alfonso “Alfy” Fanjul,False,0,,6,5.0,¿Por qué Javier Milei quiere impedir que los futuros gobiernos vuelvan a imprimir dinero?,¿Por qué Javier Milei quiere impedir que los futuros gobiernos vuelvan a imprimir dinero? | José «Pepe» Fanjul Jr. liderará Central Romana como su presidente | Suscríbete a la revista | regístrate a nuestros newsletters | Suscríbete a la revista | regístrate a nuestros newsletters,623,https://revistamercado.do/wp-content/uploads/2026/08/FANJUL-NUEVA-VISUAL-scaled-1.jpg,1560.0,,Jhojhanni Fiorini,Internacional,2026-08-04T14:09:31-04:00,no-paywall,False,,/money-invest/daily-news/muere-alfonso-fanjul-el-magnate-detras-de-central-romana-y-una-de-las-grandes-fortunas-del-azucar
Nuevo Código Penal entra en vigor en República Dominicana: estos son los principales cambios,¿Qué cambia con el nuevo Código Penal en RD?,"La Ley 74-25 entra en vigor con nuevos delitos, penas de hasta 40 años y cambios que transforman el sistema penal dominicano.","La aplicación delnuevo Código Penalinicia este 3 de agosto enRepública Dominicana, una reforma que sustituye la legislación vigente desde 1884 y marca un cambio histórico para el sistema de justicia penal del país. La entrada en vigor ocurre un año después de la promulgación dela Ley 74-25, cumpliendo el plazo de 12 meses establecido en su artículo 393.",25,6,Nuevo Código Penal reemplaza una ley con más de 140 años | Penas de hasta 40 años y acumulaciones de 60 años | Nuevos delitos que incorpora la legislación | Un Código que sigue bajo debate | Los temas que marcaron casi tres décadas de discusión | Nuevo escenario para la justicia dominicana,True,3,"Código Penal, Ley 74-25, noticias RD",9,1.0,nuevo Código Penal,nuevo Código Penal | El capitalismo de Elon Musk que Adam Smith no aprobaría | el Código Penal | Abinader oficializa el Código Penal y designa comisión para evaluar futuras reformas | ¿Qué cambia en la justicia dominicana? Desglose de los artículos clave del nuevo Código Penal | nuevo Código Penal | nuevo Código Penal | Suscríbete a la revista | regístrate a nuestros newsletters,613,https://revistamercado.do/wp-content/uploads/2026/08/Nuevo-Código-Penal-entra-en-vigor-en-República-Dominicana-estos-son-los-principales-cambios.webp,1560.0,"Un libro del Código Penal de la República Dominicana sobre un escritorio de madera junto a un mazo de juez, una balanza de la justicia y la bandera dominicana al fondo.",Andrea Mercedes,Daily News,2026-08-03T10:23:32-04:00,"no-paywall, Código Penal, Ley 74-25, noticias RD",False,,/money-invest/daily-news/nuevo-codigo-penal-entra-en-vigor-en-republica-dominicana-estos-son-los-principales-cambios
Ranking: ¿Cuáles son los países más avanzados en tecnología en el mundo?,Países más avanzados en tecnología: Top 10 en 2026,"Descubre el ranking de los 10 países más avanzados en tecnología en 2026 y las claves de su liderazgo en IA, robótica, chips, innovación.","Lainteligencia artificial, los semiconductores, la computación cuántica, la robótica, las telecomunicaciones y las tecnologías verdesestán redefiniendo el mapa de la innovación.",31,2,Los 10 países más avanzados en tecnología en 2026 | ¿Qué convierte a un país en una potencia tecnológica?,False,3,"tecnología, inteligencia artificial, innovación",8,1.0,inteligencia artificial,inteligencia artificial | SpaceX: Elon Musk quiere llevar robots a la Luna para alcanzar los US$1 billón en ingresos | Ranking 2026: Estos son los mejores países para emigrar y el lugar que ocupa Latam | Países más baratos para jubilarse en América Latina | Suscríbete a la revista | regístrate a nuestros newsletters | Suscríbete a la revista | regístrate a nuestros newsletters,807,https://revistamercado.do/wp-content/uploads/2026/08/Ranking-¿Cuáles-son-los-países-más-avanzados-en-tecnología-en-el-mundo.webp,1560.0,"Panorámica del distrito financiero de Shanghái con rascacielos modernos, incluida la Torre Perla Oriental, combinada con elementos digitales que representan innovación, conectividad y desarrollo tecnológico.",Jhojhanni Fiorini,Internacional,2026-08-07T13:05:57-04:00,"tecnología, inteligencia artificial, innovación, no-paywall",False,,/money-invest/daily-news/ranking-cuales-son-los-paises-mas-avanzados-en-tecnologia-en-el-mundo
Alerta de terremoto en iPhone y Android: ¿por qué unos teléfonos notifican los sismos y otros no?,Alerta de terremoto en iPhone y Android: cómo activarla,¿Por qué Android alerta de terremotos y el iPhone no? Conozca las diferencias entre ambos sistemas y cómo activar las alertas sísmicas.,"El sismo, con unamagnitud reportada de 7.4y epicentro en San José del Palmar, Chocó, generó numerosas reacciones en redes sociales. Mientras algunos usuarios aseguraron haber recibido una advertencia en sus teléfonos Android, otros, especialmente propietarios de iPhone, dijeron que no escucharon ninguna notificación.",24,3,¿Por qué Android puede alertar de un terremoto y el iPhone no? | ¿Por qué un celular Android tampoco recibió la alerta sísmica? | Cómo activar la alerta de terremoto en Android y las alertas de emergencia en iPhone,False,1,iPhone,9,1.0,magnitud reportada de 7.4,magnitud reportada de 7.4 | ¿Está aumentando realmente la cantidad de terremotos en el planeta o es solo una percepción mediática? | terremoto | ¿Cuáles son los 10 terremotos de magnitud mayor a 7 que se han registrado en el mundo en lo que va de 2026? | Qué es el Anillo de Fuego y por qué concentra los terremotos más fuertes del mundo | Suscríbete a la revista | regístrate a nuestros newsletters | Suscríbete a la revista | regístrate a nuestros newsletters,765,https://revistamercado.do/wp-content/uploads/2026/08/Alerta-de-terremoto-en-iPhone-y-Android-¿por-qué-unos-teléfonos-notifican-los-sismos-y-otros-no.webp,1560.0,"Dos teléfonos móviles muestran una alerta de sismo con un ícono rojo de advertencia y ondas sísmicas, representando las notificaciones de terremotos en iPhone y Android.",Jhojhanni Fiorini,Devices,2026-08-11T16:33:13-04:00,"iPhone, no-paywall",False,,/technology/devices/alerta-de-terremoto-en-iphone-y-android-por-que-unos-telefonos-notifican-los-sismos-y-otros-no
Apple cambiará el calendario de lanzamiento del iPhone 18: ¿por qué los modelos no llegarán en el mismo año?,iPhone 18 cambiará su fecha de lanzamiento: llegará por partes,El iPhone 18 marcará un cambio en la estrategia de Apple: los modelos Pro llegarían en 2026 y el iPhone 18 estándar en 2027.,"La generación deliPhone 18será la primera en romper de manera clara con esa dinámica. La razón es sencilla, aunque sus implicaciones son importantes. Apple prepara una estrategia de lanzamientos dividida en dos momentos. Los modelos más sofisticados llegarían en la segunda mitad de 2026, mientras queel iPhone 18 convencional y otros equipos de la familia quedarían para la primavera de 2027.",18,1,Un iPhone 18 que llegará por partes,False,5,"tecnología, apple, Smartphones, Money Invest, iphone 18",4,1.0,iPhone 18,iPhone 18 | El Congreso podría devolver a Trump una amplia autoridad arancelaria tras el fallo de la Corte Suprema | Colores del iPhone plegable: se filtran las dos opciones que prepara Apple para su debut | La empresa que fabrica los chips de Apple y Nvidia rompe todos sus récords gracias a la IA,724,https://revistamercado.do/wp-content/uploads/2026/08/Apple-cambiara-el-calendario-de-lanzamiento-del-iPhone-18-¿por-que-los-modelos-no-llegaran-en-el-mismo-ano_.webp,1560.0,Persona sosteniendo un iPhone de color rojo frente a un calendario que muestra los años 2026 y 2027.,Elba Reyes,Devices,2026-08-12T12:59:39-04:00,"tecnología, apple, Smartphones, no-paywall, Money Invest, iphone 18",False,,/technology/devices/apple-cambiara-el-calendario-de-lanzamiento-del-iphone-18-por-que-los-modelos-no-llegaran-en-el-mismo-ano
Colores del iPhone plegable: se filtran las dos opciones que prepara Apple para su debut,Colores del iPhone plegable: se filtran las 2 opciones de Apple,Apple prepara dos colores para su primer iPhone plegable. Una filtración revela los posibles acabados y confirma que el negro quedaría fuera.,"Las imágenes filtradas muestran dos posibles acabados para el futuro teléfono:plata y azul oscuro. Aunque todavía no existe confirmación oficial por parte de Apple, las fotografías aportan nuevas pistas sobre uno de los detalles que todavía permanecían en duda.",22,3,El iPhone plegable apostaría por el plata y un azul oscuro | Un diseño de cámara que también deja pistas | Apple prepara un debut conservador para su primer plegable,False,0,,9,3.0,Terafab: por qué Elon Musk construye una fábrica de chips cinco veces mayor que el edificio más grande del mundo,Terafab: por qué Elon Musk construye una fábrica de chips cinco veces mayor que el edificio más grande del mundo | iPhone | El iPhone 17 Pro toca su precio mínimo histórico en Amazon: ¿Cuándo conviene comprarlo? | iPhone | ¿Por qué habrá escasez del iPhone 18 Pro y cómo afectará a las entregas de los usuarios? | Suscríbete a la revista | regístrate a nuestros newsletters | Suscríbete a la revista | regístrate a nuestros newsletters,691,https://revistamercado.do/wp-content/uploads/2026/08/Colores-del-iPhone-plegable-se-filtran-las-dos-opciones-que-prepara-Apple-para-su-debut-copy.webp,1560.0,"Dos posibles modelos de iPhone plegable en colores blanco y azul oscuro con el logotipo de Apple, representando filtraciones sobre los diseños y acabados del futuro dispositivo.",Jhojhanni Fiorini,Devices,2026-08-11T11:30:17-04:00,no-paywall,False,,/technology/devices/colores-del-iphone-plegable-se-filtran-las-dos-opciones-que-prepara-apple-para-su-debut
"Estrenos de agosto en Netflix, Max y Disney+: Guía completa de series y películas","Estrenos de agosto 2026 en Netflix, Max y Disney+: guía completa","Conoce los estrenos de agosto 2026 en Netflix, Max, Disney+, Prime Video y Apple TV+. Series, películas y las novedades más esperadas del mes.","El calendario combina grandes regresos con nuevas apuestas. Entre los títulos que más expectativas generan aparecenTed Lasso,Reacher,Outer Banks,Lanterns,LionessyCien años de soledad.",41,4,"Netflix: Outer Banks y Cien años de soledad encabezan los estrenos | Max y Disney+: superhéroes, nostalgia y nuevas historias | Prime Video, Apple TV+, Paramount+ y Peacock completan el calendario | ¿Cuáles son los estrenos más esperados de agosto de 2026?",True,4,"Netflix, Entretenimiento, estrenos-agosto-2026-streaming-netflix-hbo-disney, series-y-peliculas",11,3.0,Netflix,Netflix | principales estrenos del mes | Llegó el momento de los taxis aéreos: EE. UU. autoriza las primeras pruebas piloto | ¿Cuánto recaudó la película de Moana en su estreno? Las cifras de su tibio debut en cines | Las 10 mejores películas de Steven Spielberg que debes ver en 2026 | ¿Cuánto recaudó Spider-Man: Brand New Day y qué récord histórico logró en cines? | Netflix | Suscríbete a la revista | regístrate a nuestros newsletters | Suscríbete a la revista | regístrate a nuestros newsletters,1105,https://revistamercado.do/wp-content/uploads/2026/08/Estrenos-de-agosto-en-Netflix-Max-y-Disney-Guía-completa-de-series-y-películas-copy.webp,1560.0,"Personas sentadas frente a un televisor en una sala oscura mientras aparecen los logotipos de Netflix, Max y Disney+ en la pantalla, representando las plataformas de streaming.",Jhojhanni Fiorini,Devices,2026-08-03T15:09:39-04:00,"Netflix, Entretenimiento, no-paywall, estrenos-agosto-2026-streaming-netflix-hbo-disney, series-y-peliculas",False,,/technology/devices/estrenos-de-agosto-en-netflix-max-y-disney-guia-completa-de-series-y-peliculas
"Golpe al bolsillo: El iPhone 18 Pro llegará con una subida de precio notable se que la hemos sacado, pero como se aproxima nos puede servir",iPhone 18 Pro: este sería el fuerte aumento de su precio,"El precio del iPhone 18 Pro podría aumentar entre US$200 y US$300, según analistas. Conoce las razones detras.","AunqueApplemantiene silencio sobresu próxima generación de smartphones, las proyeccionesde firmas especializadas apuntan a que el aumento respondería a una combinación de factores que van desde el encarecimiento de componentes hasta la incorporación de tecnologías más avanzadas.",21,1,Un aumento que podría cambiar la estrategia de compra,False,2,"Lanzamiento, iphone 18 pro",8,1.0,Apple,Apple | Mundial 2026: el fútbol creó un activo publicitario que no existía y Coca-Cola fue la primera en ponerle precio | ¿En qué colores saldrá el iPhone 18 Pro Max? Las filtraciones del nuevo celular | ¿Cuánto costará el iPhone 18 Pro Max en República Dominicana? Filtraciones de su precio estimado | Suscríbete a la revista | regístrate a nuestros newsletters | Suscríbete a la revista | regístrate a nuestros newsletters,785,https://revistamercado.do/wp-content/uploads/2026/07/Filtracion-del-iPhone-18-Pro-Imagenes-revelan-su-aspecto-real-y-nuevo-color.webp,1560.0,Mano sosteniendo un iPhone 18 Pro color rojo frente a un fondo desenfocado con el logo de Apple visible.,Elba Reyes,Devices,2026-08-01T11:00:48-04:00,"Lanzamiento, no-paywall, iphone 18 pro",False,,/technology/devices/golpe-al-bolsillo-el-iphone-18-pro-llegara-con-una-subida-de-precio-notable-se-que-la-hemos-sacado-pero-como-se-aproxima-nos-puede-servir
"Google Pixel 11: precio, características, inteligencia artificial y fecha de lanzamiento","Google Pixel 11: precio, IA, especificaciones y fecha de lanzamiento","Google presentó los Pixel 11, Pixel 11 Pro, Pro XL y Pro Fold con Tensor G6, Gemini Intelligence, nuevas funciones de IA, mejoras en fotografía y precios desde US$899.","La familia Pixel 11 está compuesta por los modelosPixel 11, Pixel 11 Pro, Pixel 11 Pro XL y Pixel 11 Pro Fold, todos equipados con el nuevo procesadorGoogle Tensor G6, diseñado para potenciar las capacidades de inteligencia artificial directamente desde el dispositivo.",49,9,"Gemini Intelligence se convierte en el centro de la experiencia Pixel | Traducción instantánea para audio, video y mensajes | La IA también transforma la fotografía móvil | Precios y disponibilidad de los nuevos Pixel 11 | Pixel 11 Pro Fold competirá con los próximos plegables de Apple | Google incluye beneficios de Gemini AI Pro | HiLight: la nueva luz inteligente de Google | También llegan el Pixel Watch 5 y el Pixel Tag | Más Mercado",True,0,,6,26.0,Los celulares en los que dejará de funcionar el Asistente de Google desde el 4 de septiembre,Los celulares en los que dejará de funcionar el Asistente de Google desde el 4 de septiembre | Suscríbete a la revista | regístrate a nuestros newsletters | Suscríbete a la revista | regístrate a nuestros newsletters | Inicia sesión,783,https://revistamercado.do/wp-content/uploads/2026/08/Google-inunda-sus-nuevos-Pixel-11-copy.jpg,1315.0,,Rodrigo Muñoz,Devices,2026-08-13T13:57:59-04:00,,False,,/technology/devices/google-pixel-11-precio-caracteristicas-inteligencia-artificial-y-fecha-de-lanzamiento
iPhone 18 en septiembre: La razón por la que Apple no lanzará el modelo base,Apple retrasaría el iPhone 18 y lanzaría primero los modelos Pro,Apple retrasaría el lanzamiento del iPhone 18 hasta 2027 y presentaría primero los modelos Pro y su esperado iPhone plegable.,"Diversos reportes de la cadena de suministro y analistas especializados coinciden en que la compañía de Cupertino presentará en septiembre únicamente los modelos más avanzados de la próxima generación:iPhone 18 Pro, iPhone 18 Pro Maxe incluso su esperado primer iPhone plegable. El gran ausente sería el iPhone 18 estándar, que no llegaría al mercado hasta la primavera de 2027.",17,1,El fin del lanzamiento único,False,4,"gadgets, tecnologia-movil, iphone-18-lanzamiento, apple-estrategia",9,1.0,"iPhone 18 Pro, iPhone 18 Pro Max","iPhone 18 Pro, iPhone 18 Pro Max | ¿Qué convirtió un asiento de Wimbledon en un símbolo de estatus? | Apple | ¿En qué colores saldrá el iPhone 18 Pro Max? Las filtraciones del nuevo celular | Diseño del iPhone 18 Pro Max 2026: Por qué el módulo de sus cámaras será mucho más grande | Suscríbete a la revista | regístrate a nuestros newsletters | Suscríbete a la revista | regístrate a nuestros newsletters",645,https://revistamercado.do/wp-content/uploads/2026/08/Phone-18-en-septiembre-La-razon-por-la-que-Apple-no-lanzara-el-modelo-base.webp,1560.0,Mano sosteniendo un iPhone de color rojo frente a un fondo con el logotipo de Apple desenfocado.,Elba Reyes,Devices,2026-08-03T16:39:50-04:00,"gadgets, no-paywall, tecnologia-movil, iphone-18-lanzamiento, apple-estrategia",False,,/technology/devices/iphone-18-en-septiembre-la-razon-por-la-que-apple-no-lanzara-el-modelo-base
La Isla Dinámica del iPhone 18 Pro cambia: Así será la nueva pantalla del flagship de Apple,Apple reduciría la Isla Dinámica del iPhone 18 Pro,"El iPhone 18 Pro mantendría la Isla Dinámica, pero con un tamaño hasta 35 % menor gracias a cambios en Face ID, según las últimas filtraciones.","Durante meses, las filtraciones alrededor del próximo iPhone Pro han dibujado escenarios muy distintos. Se llegó a hablar de una pantalla prácticamente libre de recortes, una cámara frontal enla esquina superior izquierda e incluso de la desaparición de la Isla Dinámica.Sin embargo, los reportes más recientes apuntan hacia una solución menos radical.Apple mantendría la Isla Dinámica en el centro, pero reduciría su tamaño gracias a cambios en la tecnología de Face ID.",18,1,Una Isla Dinámica más pequeña,False,3,"apple, face id, iphone 18",8,2.0,Apple quiere que vuelvas a hablar con Siri: 5 funciones que explican por qué,Apple quiere que vuelvas a hablar con Siri: 5 funciones que explican por qué | ¿En qué colores saldrá el iPhone 18 Pro Max? Las filtraciones del nuevo celular | Face ID | iPhone 18 Pro Max: Las 20 funciones y especificaciones filtradas antes de su lanzamiento | Suscríbete a la revista | regístrate a nuestros newsletters | Suscríbete a la revista | regístrate a nuestros newsletters,706,https://revistamercado.do/wp-content/uploads/2026/08/La-Isla-Dinamica-del-iPhone-18-Pro-cambia-Asi-sera-la-nueva-pantalla-del-flagship-de-Apple.webp,1560.0,Primer plano de la pantalla de un iPhone con la Isla Dinámica en la parte superior y aplicaciones del sistema visibles.,Elba Reyes,Devices,2026-08-05T17:37:22-04:00,"apple, face id, no-paywall, iphone 18",False,,/technology/devices/la-isla-dinamica-del-iphone-18-pro-cambia-asi-sera-la-nueva-pantalla-del-flagship-de-apple
"Todo sobre el iPhone 18 Pro y iPhone 18 Pro Max: Filtraciones, chip de 2nm, cámaras y precio estimado","iPhone 18 Pro: A20 Pro, cámara variable y novedades de 2026","El iPhone 18 Pro llegará en 2026 con A20 Pro de 2 nm, cámara con apertura variable, más batería y una Dynamic Island más pequeña.","A estas alturas del año, hablar del próximoiPhoneya no significa únicamente especular con renders y conceptos.El iPhone 18 Pro y el iPhone 18 Pro Maxestán cada vez más cerca de su presentación y las filtraciones comienzan a dibujar un panorama bastante definido, aunque todavía hay piezas que Apple mantiene bajo llave.",24,1,El salto al proceso de 2 nanómetros,False,2,"apple, iPhone 18 Pro Max",9,1.0,iPhone,"iPhone | Inteligencia artificial: JPMorgan, Accenture y otras grandes empresas impulsan un estándar para medir su costo y su valor. | A20 Pro | El iPhone 17 Pro toca su precio mínimo histórico en Amazon: ¿Cuándo conviene comprarlo? | La Isla Dinámica del iPhone 18 Pro cambia: Así será la nueva pantalla del flagship de Apple | Suscríbete a la revista | regístrate a nuestros newsletters | Suscríbete a la revista | regístrate a nuestros newsletters",898,https://revistamercado.do/wp-content/uploads/2026/08/Todo-sobre-el-iPhone-18-Pro-y-iPhone-18-Pro-Max-Filtraciones-chip-de-2nm-camaras-y-precio-estimado.webp,1560.0,"iPhone de color rojo oscuro exhibido en una tienda, junto a un chip identificado como “2nm” y un cartel con el símbolo de dólar.",Elba Reyes,Devices,2026-08-10T12:30:15-04:00,"apple, no-paywall, iPhone 18 Pro Max",False,,/technology/devices/todo-sobre-el-iphone-18-pro-y-iphone-18-pro-max-filtraciones-chip-de-2nm-camaras-y-precio-estimado
Uber cierra un acuerdo millonario para quedarse con PedidosYa y dominar el reparto a domicilio,Uber compra Delivery Hero: ¿qué pasará con PedidosYa?,"Uber compra Delivery Hero por US$14,800 millones. Conoce qué implica el acuerdo para PedidosYa y sus usuarios en República Dominicana.","Pero hay un detalle importante.Uberno está comprando directamente PedidosYa como una empresa independiente. La operación contempla la adquisición de Delivery Hero y, con ella,determinados negocios y mercados de sus marcas. En el caso de PedidosYa,Uber se quedaría con sus operaciones en buena parte de América Latina, incluida República Dominicana, mientras que otros mercados quedarían fuera del acuerdo.",20,1,Una jugada que va mucho más allá de PedidosYa,False,6,"empresas, uber, e-commerce, pedidosya, Money Invest, delivery-hero",8,1.0,Uber,"Uber | Hugo Boss: por qué Mike Ashley busca tomar el control de la marca | ¿Qué significa que Uber compre PedidosYa? Así cambia el mercado del delivery en América Latina | PedidosYa, líder en delivery online en RD, celebra sus 11 años | Suscríbete a la revista | regístrate a nuestros newsletters | Suscríbete a la revista | regístrate a nuestros newsletters",740,https://revistamercado.do/wp-content/uploads/2026/08/Uber-cierra-un-acuerdo-millonario-para-quedarse-con-PedidosYa-y-dominar-el-reparto-a-domicilio-copy.webp,1560.0,Imagen compuesta con los logotipos de Uber y PedidosYa al fondo mientras dos personas con traje estrechan las manos en señal de acuerdo comercial.,Elba Reyes,Devices,2026-08-13T12:07:57-04:00,"empresas, uber, e-commerce, pedidosya, no-paywall, Money Invest, delivery-hero",False,,/technology/devices/uber-cierra-un-acuerdo-millonario-para-quedarse-con-pedidosya-y-dominar-el-reparto-a-domicilio
