autor,entidad,tipo,notas,confianza,meses_activos,mes_primero,mes_reciente,demanda_reciente_ratio,es_coyuntural,es_declive_reciente,es_recurrente
Ana Sosa,inteligencia artificial,tema,9,media,3,2026-04,2026-08,16.71538114625897,False,False,True
Ana Sosa,US,entidad,3,media,3,2026-04,2026-08,0.8436419240117261,False,False,True
Ana Sosa,Apple,entidad,2,baja,2,2026-04,2026-08,12.561040697330998,False,False,False
Ana Sosa,China,entidad,5,media,2,2026-07,2026-08,0.04918464319550378,True,False,False
Ana Sosa,EE UU,entidad,2,baja,2,2026-04,2026-08,0.4329323246631152,False,False,False
Ana Sosa,Elon Musk,entidad,5,media,2,2026-07,2026-08,0.8927225187655083,False,False,False
Ana Sosa,Estados Unidos,entidad,5,media,2,2026-07,2026-08,0.8250215881642848,False,False,False
Ana Sosa,GLP,entidad,2,baja,2,2026-07,2026-08,0.010400404773574446,False,False,False
Ana Sosa,IA,entidad,6,media,2,2026-07,2026-08,0.6536856501372289,False,False,False
Ana Sosa,Mundial,tema,8,media,2,2026-07,2026-08,0.5919029860033111,True,False,False
Ana Sosa,Ormuz,entidad,3,media,2,2026-04,2026-08,0.3563281865448857,False,False,False
Ana Sosa,pone a prueba,tema,2,baja,2,2026-07,2026-08,0.777860030368691,False,False,False
Ana Sosa,Trump,entidad,2,baja,2,2026-04,2026-08,0.6422500227559174,False,False,False
Ana Sosa,Argentina,entidad,4,media,1,2026-07,2026-07,0.7084301610888976,True,False,False
Ana Sosa,continúa la crisis,tema,2,baja,1,2026-08,2026-08,0.0,False,False,False
Ana Sosa,copa del mundo,tema,2,baja,1,2026-07,2026-07,0.591348216807875,True,False,False
Ana Sosa,Donald Trump,entidad,2,baja,1,2026-07,2026-07,0.07643872756670245,False,False,False
Ana Sosa,España,entidad,2,baja,1,2026-07,2026-07,0.6994909941642307,True,False,False
Ana Sosa,estrecho de ormuz,tema,2,baja,1,2026-08,2026-08,0.04300368289400568,False,False,False
Ana Sosa,FIFA,entidad,2,baja,1,2026-07,2026-07,0.5640652726440033,True,False,False
Ana Sosa,Francia,entidad,2,baja,1,2026-07,2026-07,0.6666151646007614,False,False,False
Ana Sosa,inflación global,tema,2,baja,1,2026-08,2026-08,0.0,False,False,False
Ana Sosa,Hollywood,entidad,2,baja,1,2026-07,2026-07,0.9006604948987234,False,False,False
Ana Sosa,IBM,entidad,2,baja,1,2026-07,2026-07,0.7403418392772377,False,False,False
Ana Sosa,SpaceX,entidad,3,media,1,2026-07,2026-07,0.09045736271352546,False,False,False
Ana Sosa,Wimbledon,entidad,2,baja,1,2026-07,2026-07,0.6081323275922467,False,False,False
Andrea Mercedes,Trump,entidad,11,alta,6,2026-03,2026-08,0.6422500227559174,False,False,True
Andrea Mercedes,Cuba,entidad,6,media,5,2026-03,2026-08,2.131404675266195,False,False,True
Andrea Mercedes,Santo Domingo,entidad,19,alta,5,2026-03,2026-08,0.40650341152639047,False,False,True
Andrea Mercedes,EE UU,entidad,21,alta,4,2026-03,2026-08,0.4329323246631152,False,False,True
Andrea Mercedes,Estados Unidos,entidad,7,media,4,2026-05,2026-08,0.8250215881642848,False,False,True
Andrea Mercedes,Irán,entidad,7,media,4,2026-03,2026-07,0.13390432923592216,False,False,True
Andrea Mercedes,monorriel de santo,tema,10,alta,4,2026-03,2026-07,0.3632882597968536,False,False,True
Andrea Mercedes,Abinader,entidad,11,alta,3,2026-03,2026-07,0.7930344015890052,False,False,True
Andrea Mercedes,Leidsa,entidad,22,alta,3,2026-05,2026-08,0.4155052378798168,False,False,True
Andrea Mercedes,US,entidad,7,media,3,2026-03,2026-08,0.8436419240117261,False,False,True
Andrea Mercedes,elecciones en perú,tema,9,media,4,2026-04,2026-07,0.0035675465671836343,True,False,False
Andrea Mercedes,elecciones perú,tema,13,alta,4,2026-04,2026-07,0.015168543090377325,True,False,False
Andrea Mercedes,Mundial,tema,24,alta,4,2026-03,2026-07,0.5919029860033111,True,False,False
Andrea Mercedes,Perú,entidad,21,alta,4,2026-04,2026-07,0.008581212372561703,True,False,False
Andrea Mercedes,Abelardo de la Espriella,entidad,3,media,3,2026-05,2026-08,0.22730456058153098,True,False,False
Andrea Mercedes,América Latina,entidad,6,media,3,2026-05,2026-08,0.13133279961642677,True,False,False
Andrea Mercedes,bancos y remesedoras,tema,9,media,3,2026-04,2026-06,0.05446430751356335,False,False,False
Andrea Mercedes,Brasil,entidad,3,media,3,2026-04,2026-08,1.0301862646916304,True,False,False
Andrea Mercedes,casa blanca,tema,3,media,3,2026-06,2026-08,0.5463959214269558,False,False,False
Andrea Mercedes,Colombia,entidad,19,alta,3,2026-05,2026-08,0.1363831579636481,True,False,False
Andrea Mercedes,cuánto dinero,tema,3,media,3,2026-03,2026-08,0.49837161253081075,True,False,False
Andrea Mercedes,dólar en bancos,tema,10,alta,3,2026-04,2026-06,0.05472165086394121,False,False,False
Andrea Mercedes,España,entidad,5,media,3,2026-03,2026-08,0.6994909941642307,True,False,False
Andrea Mercedes,Japón,entidad,4,media,3,2026-03,2026-07,0.4353200412398594,True,False,False
Andrea Mercedes,keiko fujimori,entidad,6,media,3,2026-05,2026-07,0.0474094401955567,True,False,False
Andrea Mercedes,impactante terremoto,tema,3,media,3,2026-04,2026-08,1.2066094921321606,True,True,False
Andrea Mercedes,Niño,entidad,5,media,3,2026-06,2026-08,0.9992985362015824,True,False,False
Andrea Mercedes,roberto sánchez,entidad,4,media,3,2026-05,2026-07,0.048007994212090524,True,False,False
Andrea Mercedes,tasas de cambio,tema,10,alta,3,2026-04,2026-06,0.05472165086394121,False,False,False
Andrea Mercedes,terremoto de que sacudió,tema,3,media,3,2026-04,2026-08,1.2056257094235328,True,True,False
Andrea Mercedes,Venezuela,entidad,28,alta,3,2026-06,2026-08,0.21541668495095445,True,False,False
Andrea Mercedes,alerta sanitaria,tema,2,baja,2,2026-07,2026-08,0.014384827413710418,True,False,False
Andrea Mercedes,Artemis II,entidad,3,media,2,2026-04,2026-05,0.06640982025833861,False,False,False
Andrea Mercedes,Blanca,entidad,2,baja,2,2026-06,2026-08,0.5864858903745658,False,False,False
Andrea Mercedes,Caribe,entidad,4,media,2,2026-07,2026-08,0.7093607993722961,False,False,False
Andrea Mercedes,Cedulación en RD,entidad,2,baja,2,2026-03,2026-07,0.0946853771937157,False,False,False
Andrea Mercedes,Ceuta,entidad,2,baja,2,2026-07,2026-08,1.1837593426977226,False,False,False
Andrea Mercedes,China,entidad,2,baja,2,2026-03,2026-07,0.04918464319550378,False,False,False
Andrea Mercedes,Penal,entidad,6,media,2,2026-07,2026-08,2.926079970364485,False,False,False
Andrea Mercedes,Colombia Petro,entidad,2,baja,2,2026-06,2026-07,0.004237135276027294,True,False,False
Andrea Mercedes,Copa,entidad,5,media,2,2026-06,2026-07,0.5828280475063566,True,False,False
Andrea Mercedes,cuánto cuesta,tema,2,baja,2,2026-07,2026-08,0.9891473978086515,False,False,False
Andrea Mercedes,Delcy Rodríguez,entidad,2,baja,2,2026-05,2026-07,0.03310224118707156,True,False,False
Andrea Mercedes,dominicana,entidad,5,media,2,2026-07,2026-08,0.4477846080022429,False,False,False
Andrea Mercedes,Donald Trump,entidad,4,media,2,2026-07,2026-08,0.04161616337683546,True,False,False
Andrea Mercedes,eclipse solar,tema,4,media,2,2026-04,2026-08,1.218500502999505,True,False,False
Andrea Mercedes,elecciones colombia,tema,5,media,2,2026-05,2026-06,0.0040479249308336285,True,False,False
Andrea Mercedes,elecciones en colombia,tema,5,media,2,2026-05,2026-06,0.0043402678575682795,True,False,False
Andrea Mercedes,perú quién,tema,2,baja,2,2026-04,2026-05,0.0046939686736305955,True,False,False
Andrea Mercedes,elecciones presidenciales,tema,3,media,2,2026-05,2026-07,0.5659307856299982,True,False,False
Andrea Mercedes,Espriella,entidad,3,media,2,2026-06,2026-08,0.1495785003293333,False,False,False
Andrea Mercedes,fuera del sistema,tema,2,baja,2,2026-04,2026-07,0.09339905600675971,True,False,False
Andrea Mercedes,Fujimori,entidad,3,media,2,2026-06,2026-07,0.0169296172695568,True,False,False
Andrea Mercedes,ganando las elecciones,tema,2,baja,2,2026-05,2026-06,0.00665031287096535,True,False,False
Andrea Mercedes,Gobierno,entidad,7,media,2,2026-03,2026-07,0.2724070531265417,True,False,False
Andrea Mercedes,green card,entidad,2,baja,2,2026-05,2026-06,0.44154974915888984,False,False,False
Andrea Mercedes,guerra en irán,tema,3,media,2,2026-03,2026-05,0.05198247896976371,False,False,False
Andrea Mercedes,horario especial,tema,2,baja,2,2026-03,2026-07,0.008213989899294737,True,False,False
Andrea Mercedes,IA,entidad,2,baja,2,2026-06,2026-08,0.6536856501372289,True,False,False
Andrea Mercedes,Israel,entidad,2,baja,2,2026-03,2026-07,0.0217415001973261,False,False,False
Andrea Mercedes,Keiko Fujimori y Roberto Sánchez,entidad,2,baja,2,2026-05,2026-07,0.06654792716518788,True,False,False
Andrea Mercedes,LATAM,entidad,2,baja,2,2026-05,2026-07,0.028408289274405384,True,False,False
Andrea Mercedes,Luis Abinader,entidad,4,media,2,2026-07,2026-08,1.2236287911678718,False,False,False
Andrea Mercedes,Luna,entidad,2,baja,2,2026-05,2026-08,0.15335848607630617,False,False,False
Andrea Mercedes,Oriente,entidad,2,baja,2,2026-03,2026-07,0.16705811989509523,True,False,False
Andrea Mercedes,Metro de Santo Domingo,entidad,2,baja,2,2026-04,2026-08,0.6864104390178223,False,False,False
Andrea Mercedes,NASA,entidad,3,media,2,2026-07,2026-08,0.6573948611488334,True,False,False
Andrea Mercedes,necesitas cita,tema,2,baja,2,2026-04,2026-07,0.07038433282491735,False,False,False
Andrea Mercedes,Ormuz,entidad,2,baja,2,2026-03,2026-07,0.35282269787108594,False,False,False
Andrea Mercedes,OVNIs,entidad,2,baja,2,2026-04,2026-05,0.015480063855619607,False,False,False
Andrea Mercedes,papa león,tema,4,media,2,2026-06,2026-08,0.22265878142419324,True,False,False
Andrea Mercedes,presidencia de colombia,tema,2,baja,2,2026-05,2026-06,0.03215169933194829,True,False,False
Andrea Mercedes,primer país,tema,2,baja,2,2026-07,2026-08,0.8311508222151035,False,False,False
Andrea Mercedes,quién ganará,tema,3,media,2,2026-05,2026-06,0.6864724757663904,True,False,False
Andrea Mercedes,ganará las elecciones,tema,2,baja,2,2026-05,2026-06,0.008937673402953364,True,False,False
Andrea Mercedes,quién ganó,tema,3,media,2,2026-06,2026-07,0.002820278091591214,True,False,False
Andrea Mercedes,redes sociales,tema,2,baja,2,2026-03,2026-08,0.7844450906844526,False,False,False
Andrea Mercedes,Schengen,entidad,2,baja,2,2026-07,2026-08,0.6158687771732946,False,False,False
Andrea Mercedes,segunda vuelta,tema,8,media,2,2026-04,2026-06,0.006543333972526221,True,False,False
Andrea Mercedes,sismo de magnitud,tema,2,baja,2,2026-07,2026-08,22.703327440253528,True,False,False
Andrea Mercedes,terremoto en venezuela,tema,8,media,2,2026-06,2026-07,0.033554608657697785,True,False,False
Andrea Mercedes,vida extraterrestre,tema,2,baja,2,2026-04,2026-05,0.010002502799015748,False,False,False
Andrea Mercedes,York,entidad,2,baja,2,2026-03,2026-08,0.9447206083922542,False,False,False
Andrea Mercedes,abinader confirma la entrega,tema,2,baja,1,2026-07,2026-07,0.0,False,False,False
Andrea Mercedes,adiós al tapón,tema,2,baja,1,2026-07,2026-07,0.0,False,False,False
Andrea Mercedes,Anadegas,entidad,2,baja,1,2026-07,2026-07,0.1328777299201907,False,False,False
Andrea Mercedes,Argentina,entidad,4,media,1,2026-07,2026-07,0.7073973702862187,True,False,False
Andrea Mercedes,Washington,entidad,2,baja,1,2026-08,2026-08,0.0,False,False,False
Andrea Mercedes,Atlántico,entidad,2,baja,1,2026-08,2026-08,0.0,False,False,False
Andrea Mercedes,Bogotá,entidad,2,baja,1,2026-08,2026-08,0.0,False,False,False
Andrea Mercedes,Bono a Mil,entidad,3,media,1,2026-08,2026-08,0.0,False,False,False
Andrea Mercedes,bono madre,tema,2,baja,1,2026-05,2026-05,0.04464121196525639,False,False,False
Andrea Mercedes,Bukele,entidad,2,baja,1,2026-07,2026-07,0.4396843827164671,True,False,False
Andrea Mercedes,C,entidad,2,baja,1,2026-07,2026-07,0.9803322320274791,False,False,False
Andrea Mercedes,Canal de Panamá,entidad,2,baja,1,2026-07,2026-07,1.962670114497735,False,False,False
Andrea Mercedes,capital y las provincias,tema,2,baja,1,2026-08,2026-08,0.0,False,False,False
Andrea Mercedes,caribe santo,tema,3,media,1,2026-07,2026-07,0.49402320799596394,True,True,False
Andrea Mercedes,centroamericanos y del caribe,tema,4,media,1,2026-07,2026-07,0.4289765186044295,True,True,False
Andrea Mercedes,Cepeda,entidad,2,baja,1,2026-06,2026-06,0.038492084773529396,True,False,False
Andrea Mercedes,cierres viales,tema,2,baja,1,2026-07,2026-07,0.6064717670006534,False,False,False
Andrea Mercedes,Clásico Mundial,entidad,2,baja,1,2026-03,2026-03,0.005275736657150773,True,False,False
Andrea Mercedes,Colombia De la Espriella,entidad,2,baja,1,2026-06,2026-06,0.03411175240204416,True,False,False
Andrea Mercedes,como punto,tema,2,baja,1,2026-08,2026-08,0.0,False,False,False
Andrea Mercedes,Congreso,entidad,3,media,1,2026-07,2026-07,0.5747306747992564,False,False,False
Andrea Mercedes,Daniel Ortega,entidad,3,media,1,2026-07,2026-07,0.6924474548245934,True,False,False
Andrea Mercedes,deuda pública,tema,2,baja,1,2026-08,2026-08,0.0,False,False,False
Andrea Mercedes,divide la población,tema,2,baja,1,2026-08,2026-08,0.0,False,False,False
Andrea Mercedes,elecciones de perú,tema,3,media,1,2026-06,2026-06,0.012628761949360042,True,False,False
Andrea Mercedes,Brasil Lula,entidad,2,baja,1,2026-08,2026-08,0.0,True,False,False
Andrea Mercedes,elecciones perú fujimori,tema,2,baja,1,2026-06,2026-06,0.0,True,False,False
Andrea Mercedes,esperado túnel,tema,2,baja,1,2026-07,2026-07,0.0,False,False,False
Andrea Mercedes,está pasando,tema,2,baja,1,2026-07,2026-07,0.8720222265792349,False,False,False
Andrea Mercedes,estabilidad del peso,tema,2,baja,1,2026-08,2026-08,0.0,False,True,False
Andrea Mercedes,están en la lista,tema,2,baja,1,2026-08,2026-08,0.0,False,False,False
Andrea Mercedes,Europa,entidad,2,baja,1,2026-08,2026-08,0.27767996210156703,False,False,False
Andrea Mercedes,exigen la renuncia,tema,2,baja,1,2026-07,2026-07,0.0,True,False,False
Andrea Mercedes,famosa actriz,tema,2,baja,1,2026-07,2026-07,0.03901893703953764,True,False,False
Andrea Mercedes,FIFA,entidad,3,media,1,2026-07,2026-07,0.5640652726440033,True,False,False
Andrea Mercedes,final del mundial,tema,5,media,1,2026-07,2026-07,0.47152582537215587,True,False,False
Andrea Mercedes,ganando en colombia,tema,2,baja,1,2026-06,2026-06,0.06432037157676497,True,False,False
Andrea Mercedes,Gobierno en Colombia,entidad,2,baja,1,2026-08,2026-08,0.0,False,False,False
Andrea Mercedes,Iván Cepeda,entidad,2,baja,1,2026-05,2026-05,0.000588757049411584,True,False,False
Andrea Mercedes,juegos centroamericanos,entidad,8,media,1,2026-07,2026-07,1.750113825641312,True,False,False
Andrea Mercedes,Juegos Centroamericanos Santo Domingo,entidad,2,baja,1,2026-07,2026-07,1.5834678128843833,True,False,False
Andrea Mercedes,Juegos Centroamericanos y del Caribe Santo Domingo,entidad,2,baja,1,2026-07,2026-07,0.5311787954036014,True,True,False
Andrea Mercedes,ley de residuos,tema,2,baja,1,2026-07,2026-07,0.020201028589747448,False,False,False
Andrea Mercedes,Maduro,entidad,2,baja,1,2026-03,2026-03,0.012153411566485339,False,False,False
Andrea Mercedes,Malvinas,entidad,2,baja,1,2026-07,2026-07,0.6277253007069452,False,False,False
Andrea Mercedes,María Corina Machado,entidad,2,baja,1,2026-05,2026-05,0.012873301754539,False,False,False
Andrea Mercedes,mayoría de los dominicanos,tema,2,baja,1,2026-08,2026-08,0.0,False,False,False
Andrea Mercedes,mes deberán,tema,2,baja,1,2026-03,2026-03,0.03404262585996559,False,False,False
Andrea Mercedes,México,entidad,2,baja,1,2026-07,2026-07,0.6198069834002305,True,False,False
Andrea Mercedes,mil cómo consultar,tema,2,baja,1,2026-08,2026-08,0.0,False,False,False
Andrea Mercedes,OnlyFans,entidad,2,baja,1,2026-03,2026-03,0.05159956910428973,False,False,False
Andrea Mercedes,ONPE,entidad,2,baja,1,2026-06,2026-06,0.02116225938389934,True,False,False
Andrea Mercedes,OTAN,entidad,3,media,1,2026-07,2026-07,1.6042329531482717,False,False,False
Andrea Mercedes,León XIV,entidad,3,media,1,2026-06,2026-06,0.122395930544313,True,False,False
Andrea Mercedes,pasará en colombia,tema,2,baja,1,2026-06,2026-06,0.15029185951930468,True,False,False
Andrea Mercedes,Perú Fujimori,entidad,3,media,1,2026-06,2026-06,0.0,True,False,False
Andrea Mercedes,Perú Keiko Fujimori,entidad,2,baja,1,2026-06,2026-06,0.003598333407026721,True,False,False
Andrea Mercedes,Plaza de la Bandera,entidad,6,media,1,2026-07,2026-07,0.044654802392574404,False,False,False
Andrea Mercedes,población entre la capital,tema,2,baja,1,2026-08,2026-08,0.0,False,False,False
Andrea Mercedes,primera vuelta,tema,2,baja,1,2026-06,2026-06,0.022196555050097662,True,False,False
Andrea Mercedes,Nacionales,entidad,2,baja,1,2026-07,2026-07,0.5988261899716346,False,False,False
Andrea Mercedes,puerto,entidad,2,baja,1,2026-03,2026-03,0.292716697984813,False,False,False
Andrea Mercedes,RD del Bono,entidad,2,baja,1,2026-05,2026-05,0.0,False,False,False
Andrea Mercedes,real,entidad,2,baja,1,2026-07,2026-07,0.4399539148481456,False,False,False
Andrea Mercedes,reforma fiscal,tema,2,baja,1,2026-07,2026-07,0.4174092861624241,False,False,False
Andrea Mercedes,Gianni Infantino,entidad,2,baja,1,2026-07,2026-07,0.0,True,False,False
Andrea Mercedes,resultado final,tema,3,media,1,2026-06,2026-06,0.006316957068802991,True,False,False
Andrea Mercedes,rutas alternas,tema,2,baja,1,2026-07,2026-07,0.6062321495502382,False,False,False
Andrea Mercedes,Salvador,entidad,2,baja,1,2026-07,2026-07,0.8075680650965781,True,False,False
Andrea Mercedes,Sánchez,entidad,4,media,1,2026-06,2026-06,0.011425612520113614,True,False,False
Andrea Mercedes,vuelta presidencial,tema,3,media,1,2026-06,2026-06,0.010577356855763826,True,False,False
Andrea Mercedes,Santa,entidad,2,baja,1,2026-03,2026-03,0.03174386984449651,False,False,False
Andrea Mercedes,será más caro,tema,2,baja,1,2026-07,2026-07,0.44562164136766924,False,False,False
Andrea Mercedes,siete meses,tema,2,baja,1,2026-08,2026-08,0.0,False,True,False
Andrea Mercedes,tarifas del transporte,tema,2,baja,1,2026-07,2026-07,0.09204264283685219,False,False,False
Andrea Mercedes,terremoto de venezuela,tema,6,media,1,2026-07,2026-07,0.24341672239186848,True,False,False
Andrea Mercedes,terremotos en venezuela,tema,2,baja,1,2026-07,2026-07,0.02279350457952975,True,False,False
Andrea Mercedes,productos chinos,tema,2,baja,1,2026-08,2026-08,0.0,False,False,False
Andrea Mercedes,transporte público,tema,2,baja,1,2026-07,2026-07,0.5569872928517351,False,False,False
Andrea Mercedes,Constitucional,entidad,2,baja,1,2026-07,2026-07,1.1800738111626714,False,False,False
Andrea Mercedes,túnel de la plaza,tema,4,media,1,2026-07,2026-07,0.08762647009520057,False,False,False
Andrea Mercedes,tus hijos,tema,2,baja,1,2026-08,2026-08,0.0,False,False,False
Andrea Mercedes,últimas encuestas,tema,2,baja,1,2026-06,2026-06,0.024516178814382183,True,False,False
Andrea Mercedes,única sede,tema,2,baja,1,2026-08,2026-08,0.0,False,False,False
Andrea Mercedes,Viva Dominicus Beach,entidad,2,baja,1,2026-06,2026-06,0.0033692176471840224,False,False,False
Andrea Mercedes,vive la mayoría,tema,2,baja,1,2026-08,2026-08,0.0,False,False,False
Andrea Mercedes,votos del extranjero,tema,2,baja,1,2026-06,2026-06,0.001795896073477661,True,False,False
Andrea Mercedes,presidencial en colombia,tema,2,baja,1,2026-06,2026-06,0.011001849214534409,True,False,False
Darling Gil,CLERHP,entidad,2,baja,2,2026-07,2026-08,0.0,False,False,False
Darling Gil,ciencia innovación,tema,2,baja,2,2026-07,2026-08,0.0,False,False,False
Darling Gil,IA,entidad,3,media,1,2026-07,2026-07,0.6536856501372289,False,False,False
Edwin Lozada,Colombia,entidad,5,media,4,2026-05,2026-08,0.1363831579636481,True,True,False
Edwin Lozada,Abelardo de la Espriella,entidad,2,baja,2,2026-06,2026-07,0.008318290573401308,True,False,False
Edwin Lozada,alerta de tsunami,tema,2,baja,2,2026-07,2026-08,0.05532393477732014,True,False,False
Edwin Lozada,dominicana y dónde verlo,tema,6,media,2,2026-06,2026-07,0.024093280285024044,False,False,False
Edwin Lozada,hora juega,tema,6,media,2,2026-06,2026-07,0.04309139254829541,False,False,False
Edwin Lozada,juegos centroamericanos,entidad,5,media,2,2026-07,2026-08,1.7600996333089305,True,True,False
Edwin Lozada,medallero santo,tema,2,baja,2,2026-07,2026-08,1.4387044758255674,False,True,False
Edwin Lozada,Mundial,tema,8,media,2,2026-06,2026-07,0.5919029860033111,True,False,False
Edwin Lozada,Santo Domingo,entidad,7,media,2,2026-07,2026-08,0.5295425771890587,True,True,False
Edwin Lozada,santo domingo en vivo,tema,3,media,2,2026-07,2026-08,1.443455858147373,False,True,False
Edwin Lozada,verlo en vivo,tema,4,media,2,2026-06,2026-07,0.046436458601767865,False,False,False
Edwin Lozada,Abinader,entidad,2,baja,1,2026-02,2026-02,0.7930344015890052,False,False,False
Edwin Lozada,Argentina,entidad,4,media,1,2026-07,2026-07,0.6733119561893895,True,False,False
Edwin Lozada,clásico mundial,tema,2,baja,1,2026-03,2026-03,0.005275736657150773,True,False,False
Edwin Lozada,corona campeona,tema,2,baja,1,2026-07,2026-07,0.0,True,False,False
Edwin Lozada,desfile militar,tema,2,baja,1,2026-02,2026-02,0.020483078443479224,False,False,False
Edwin Lozada,elecciones perú,tema,4,media,1,2026-06,2026-06,0.01147938834086548,True,False,False
Edwin Lozada,empate técnico,tema,2,baja,1,2026-06,2026-06,0.0,True,False,False
Edwin Lozada,España,entidad,6,media,1,2026-07,2026-07,0.6994909941642307,True,False,False
Edwin Lozada,Perú Keiko Fujimori,entidad,2,baja,1,2026-06,2026-06,0.0,True,False,False
Edwin Lozada,Jorge Messi,entidad,2,baja,1,2026-08,2026-08,0.0,True,False,False
Edwin Lozada,juega en república,tema,3,media,1,2026-06,2026-06,0.0,False,False,False
Edwin Lozada,keiko fujimori,entidad,3,media,1,2026-06,2026-06,0.0474094401955567,True,False,False
Edwin Lozada,Lionel Messi,entidad,7,media,1,2026-08,2026-08,3.978399088228969,True,True,False
Edwin Lozada,Meta RD,entidad,2,baja,1,2026-02,2026-02,0.0,False,False,False
Edwin Lozada,mundial tras vencer,tema,2,baja,1,2026-07,2026-07,0.0,True,False,False
Edwin Lozada,República Dominicana en los Juegos Centroamericanos,entidad,2,baja,1,2026-08,2026-08,0.0,True,True,False
Edwin Lozada,sánchez toma,tema,2,baja,1,2026-06,2026-06,0.0,True,False,False
Edwin Lozada,sismo de magnitud,tema,2,baja,1,2026-08,2026-08,0.0,True,False,False
Edwin Lozada,vencer a argentina,tema,3,media,1,2026-07,2026-07,0.08422311857870676,True,False,False
Elba Reyes,dólar hoy en república,tema,85,alta,8,2026-01,2026-08,0.6208531203876048,False,False,True
Elba Reyes,precio del dólar,tema,111,alta,8,2026-01,2026-08,0.5123127790306977,False,False,True
Elba Reyes,América Latina,entidad,7,media,5,2026-01,2026-07,0.13133279961642677,False,False,True
Elba Reyes,calendario lunar,tema,8,media,5,2026-02,2026-07,0.12263864765422067,False,False,True
Elba Reyes,Juan Soto,entidad,5,media,4,2026-04,2026-07,0.752688479325079,False,False,True
Elba Reyes,Quiniela Real,entidad,56,alta,4,2026-05,2026-08,0.29744438113031124,False,False,True
Elba Reyes,Punta Cana,entidad,7,media,4,2026-03,2026-08,1.1574555247675633,False,False,True
Elba Reyes,Quiniela Real del domingo,entidad,14,alta,4,2026-05,2026-08,0.22024637695296614,False,False,True
Elba Reyes,Santo Domingo,entidad,15,alta,4,2026-04,2026-08,0.40650341152639047,False,False,True
Elba Reyes,Tripadvisor,entidad,7,media,4,2026-03,2026-07,0.45958472223118463,False,False,True
Elba Reyes,Bono,entidad,8,media,3,2026-01,2026-07,0.4316108364824992,False,False,True
Elba Reyes,caras del mundo,tema,3,media,3,2026-01,2026-07,0.32269580899856676,False,False,True
Elba Reyes,cédula en república,tema,3,media,3,2026-01,2026-07,0.5041285891005508,False,False,True
Elba Reyes,ciudades de américa,tema,3,media,3,2026-02,2026-07,0.18951239420998914,False,False,True
Elba Reyes,Clinic,entidad,4,media,3,2026-02,2026-06,1.4285541933141785,False,False,True
Elba Reyes,fin de semana,tema,6,media,3,2026-04,2026-08,0.538961391746137,False,False,True
Elba Reyes,Luna,entidad,3,media,3,2026-04,2026-07,0.15335848607630617,False,False,True
Elba Reyes,mejores ciudades,tema,4,media,3,2026-03,2026-08,0.26041228570574726,False,False,True
Elba Reyes,mejores hoteles,tema,5,media,3,2026-03,2026-07,0.24519910471465814,False,False,True
Elba Reyes,Miami,entidad,3,media,3,2026-01,2026-08,0.30697364021055595,False,False,True
Elba Reyes,Netflix,entidad,3,media,3,2026-02,2026-07,0.33429438624332247,False,False,True
Elba Reyes,ranking global,tema,4,media,3,2026-02,2026-07,0.4819530132583683,False,False,True
Elba Reyes,récord histórico,tema,3,media,3,2026-05,2026-08,0.28854746906858936,False,False,True
Elba Reyes,Mundial,tema,61,alta,7,2026-02,2026-08,0.5919029860033111,True,False,False
Elba Reyes,Latinoamérica,entidad,10,alta,5,2026-02,2026-08,0.057388226232810986,False,False,False
Elba Reyes,resultados de la lotería,tema,57,alta,5,2026-03,2026-08,0.06060250809219365,False,False,False
Elba Reyes,eclipse solar,tema,10,alta,4,2026-04,2026-08,1.218500502999505,True,False,False
Elba Reyes,Estados Unidos,entidad,6,media,4,2026-02,2026-08,0.8250215881642848,True,False,False
Elba Reyes,inteligencia artificial,tema,4,media,4,2026-01,2026-07,16.70004705000983,True,False,False
Elba Reyes,cuánto dinero,tema,8,media,3,2026-05,2026-08,0.50889894890687,True,False,False
Elba Reyes,dólar en república,tema,10,alta,3,2026-02,2026-04,0.10029093774229292,False,False,False
Elba Reyes,España,entidad,6,media,3,2026-01,2026-08,0.6994909941642307,True,False,False
Elba Reyes,IA,entidad,3,media,3,2026-04,2026-08,0.6536856501372289,True,False,False
Elba Reyes,quién ganará,tema,7,media,3,2026-03,2026-07,0.6864724757663904,True,False,False
Elba Reyes,Venezuela,entidad,8,media,3,2026-03,2026-08,0.21541668495095445,True,False,False
Elba Reyes,años de qué murió,tema,2,baja,2,2026-06,2026-07,0.049649776965642003,True,False,False
Elba Reyes,apertura y cierre,tema,2,baja,2,2026-02,2026-07,0.7456547218074918,False,False,False
Elba Reyes,Apple,entidad,12,alta,2,2026-07,2026-08,12.561040697330998,False,False,False
Elba Reyes,artistas confirmados,tema,3,media,2,2026-06,2026-08,0.030718067944492698,True,False,False
Elba Reyes,Banco Central,entidad,2,baja,2,2026-01,2026-02,0.04893342239719074,False,False,False
Elba Reyes,bono madre,tema,6,media,2,2026-05,2026-07,0.04464121196525639,False,False,False
Elba Reyes,lunar para cortarse,tema,2,baja,2,2026-02,2026-07,0.13818003241221619,False,False,False
Elba Reyes,cambio de la cédula,tema,2,baja,2,2026-01,2026-07,0.71051449120079,False,False,False
Elba Reyes,Caribe,entidad,3,media,2,2026-01,2026-07,0.7190566726386428,False,False,False
Elba Reyes,centroamericanos y del caribe,tema,3,media,2,2026-07,2026-08,1.3520730264108578,True,False,False
Elba Reyes,ceremonia inaugural,tema,2,baja,2,2026-06,2026-07,0.0842756645125939,True,False,False
Elba Reyes,cierre del sistema,tema,2,baja,2,2026-02,2026-07,0.7456547218074918,False,False,False
Elba Reyes,ciudades más pobladas,tema,2,baja,2,2026-02,2026-07,0.5154791105107703,False,False,False
Elba Reyes,Copa,entidad,7,media,2,2026-06,2026-07,0.591348216807875,True,False,False
Elba Reyes,mundo fifa,tema,2,baja,2,2026-06,2026-07,0.036995785966345264,False,False,False
Elba Reyes,crezca rápido,tema,2,baja,2,2026-02,2026-07,0.13818003241221619,False,False,False
Elba Reyes,Cristiano Ronaldo,entidad,4,media,2,2026-07,2026-08,0.18063787200304338,True,False,False
Elba Reyes,cuánto cuesta,tema,4,media,2,2026-04,2026-07,0.9891473978086515,True,False,False
Elba Reyes,cuánto recaudó,tema,2,baja,2,2026-07,2026-08,1.0719016171484894,False,False,False
Elba Reyes,cuartos de final,tema,3,media,2,2026-03,2026-07,0.6916391838151519,True,False,False
Elba Reyes,dejará de funcionar,tema,3,media,2,2026-07,2026-08,0.0,False,False,False
Elba Reyes,días que debes evitar,tema,3,media,2,2026-03,2026-04,0.025623486563299495,False,False,False
Elba Reyes,dieciseisavos de final,tema,2,baja,2,2026-06,2026-07,0.049999231225457574,True,False,False
Elba Reyes,dominicana,entidad,3,media,2,2026-04,2026-07,0.4477846080022429,True,False,False
Elba Reyes,solar total,tema,2,baja,2,2026-05,2026-08,1.3831164927439807,True,False,False
Elba Reyes,escena post,tema,2,baja,2,2026-06,2026-07,0.9850629090740874,False,False,False
Elba Reyes,espectáculo de clausura,tema,2,baja,2,2026-07,2026-08,1.286610290160946,True,False,False
Elba Reyes,estudios científicos,tema,3,media,2,2026-02,2026-07,0.6355057178955592,False,False,False
Elba Reyes,Europa,entidad,2,baja,2,2026-01,2026-07,0.27767996210156703,False,False,False
Elba Reyes,evitar para cortarte,tema,3,media,2,2026-03,2026-04,0.025623486563299495,False,False,False
Elba Reyes,explicación científica,tema,2,baja,2,2026-07,2026-08,0.2889281803214402,True,False,False
Elba Reyes,famoso del fútbol,tema,2,baja,2,2026-06,2026-07,0.036995785966345264,False,False,False
Elba Reyes,fecha de lanzamiento,tema,2,baja,2,2026-07,2026-08,0.0,False,False,False
Elba Reyes,fechas para que crezca,tema,2,baja,2,2026-02,2026-07,0.13818003241221619,False,False,False
Elba Reyes,FIFA,entidad,7,media,2,2026-06,2026-07,0.5620785471141397,True,False,False
Elba Reyes,fifa de qué está,tema,2,baja,2,2026-06,2026-07,0.0,False,False,False
Elba Reyes,final del mundial,tema,10,alta,2,2026-06,2026-07,0.53916823590555,True,False,False
Elba Reyes,fortuna de cristiano,tema,2,baja,2,2026-07,2026-08,0.2054923047478025,False,False,False
Elba Reyes,cuántas medallas,tema,2,baja,2,2026-07,2026-08,9.666594891642886,True,True,False
Elba Reyes,Google,entidad,3,media,2,2026-02,2026-07,22.519562881978963,True,False,False
Elba Reyes,Harvard,entidad,2,baja,2,2026-02,2026-06,0.4172621750251687,False,False,False
Elba Reyes,está hecha,tema,2,baja,2,2026-06,2026-07,0.036995785966345264,False,False,False
Elba Reyes,hora verla,tema,2,baja,2,2026-04,2026-07,0.19859669312612183,False,False,False
Elba Reyes,horario del metro,tema,2,baja,2,2026-02,2026-07,0.7456547218074918,False,False,False
Elba Reyes,horóscopo chino,tema,3,media,2,2026-02,2026-05,0.0476137834528859,False,False,False
Elba Reyes,IMDb,entidad,2,baja,2,2026-02,2026-07,0.4142416164783961,False,False,False
Elba Reyes,iphone pro,tema,13,alta,2,2026-07,2026-08,0.0,False,False,False
Elba Reyes,Pro Max,entidad,7,media,2,2026-07,2026-08,0.0,False,True,False
Elba Reyes,juego de estrellas,tema,3,media,2,2026-06,2026-07,0.2893711390289077,False,False,False
Elba Reyes,juegos,entidad,3,media,2,2026-03,2026-08,1.777819201675635,True,False,False
Elba Reyes,juegos centroamericanos,entidad,20,alta,2,2026-07,2026-08,1.750113825641312,True,True,False
Elba Reyes,Juegos Centroamericanos Santo Domingo,entidad,13,alta,2,2026-07,2026-08,1.5834678128843833,True,True,False
Elba Reyes,Juegos Centroamericanos y del Caribe Santo Domingo,entidad,2,baja,2,2026-07,2026-08,1.2967669085670845,True,False,False
Elba Reyes,liberar espacio,tema,2,baja,2,2026-07,2026-08,0.0,False,False,False
Elba Reyes,lista completa,tema,2,baja,2,2026-01,2026-03,0.19320665335274195,True,False,False
Elba Reyes,lujosos del mundo,tema,2,baja,2,2026-01,2026-04,0.07585104757092069,False,False,False
Elba Reyes,medalla de oro,tema,2,baja,2,2026-07,2026-08,1.3510550168996884,True,False,False
Elba Reyes,ciudades del mundo,tema,2,baja,2,2026-03,2026-07,0.4919499016662317,False,False,False
Elba Reyes,mejores playas,tema,2,baja,2,2026-01,2026-07,0.05106014786369373,True,False,False
Elba Reyes,mejores restaurantes,tema,3,media,2,2026-05,2026-07,0.24259573287930405,False,False,False
Elba Reyes,melissa núñez,entidad,2,baja,2,2026-07,2026-08,2.9406804668181072,True,False,False
Elba Reyes,mercado de valores,tema,2,baja,2,2026-02,2026-08,0.5649712354393485,False,False,False
Elba Reyes,Metro de Santo Domingo,entidad,2,baja,2,2026-02,2026-07,0.6864104390178223,False,False,False
Elba Reyes,mujeres más ricas,tema,2,baja,2,2026-01,2026-02,0.02456903210085623,False,False,False
Elba Reyes,ranking actualizado,tema,2,baja,2,2026-02,2026-07,0.5154791105107703,False,False,False
Elba Reyes,mundo para viajar,tema,2,baja,2,2026-01,2026-02,0.05624061578172835,False,False,False
Elba Reyes,Nacionales,entidad,2,baja,2,2026-02,2026-07,0.6271800110848705,False,False,False
Elba Reyes,ranking nueve,tema,2,baja,2,2026-02,2026-07,0.17539835925658784,False,False,False
Elba Reyes,Olímpico,entidad,3,media,2,2026-07,2026-08,1.7510526982178702,False,False,False
Elba Reyes,Oscar,entidad,2,baja,2,2026-01,2026-03,0.030793401976097864,False,False,False
Elba Reyes,pagados del mundo,tema,2,baja,2,2026-02,2026-07,0.31259327283440513,False,False,False
Elba Reyes,pasaporte electrónico,tema,2,baja,2,2026-01,2026-07,0.2779619253495998,False,False,False
Elba Reyes,paso a paso,tema,7,media,2,2026-07,2026-08,11.735853630561769,False,False,False
Elba Reyes,Tim Burton,entidad,2,baja,2,2026-02,2026-07,1.1074585186899342,False,False,False
Elba Reyes,películas más esperadas,tema,2,baja,2,2026-01,2026-06,0.012370905400200014,False,False,False
Elba Reyes,pelo en fechas,tema,2,baja,2,2026-02,2026-07,0.13818003241221619,False,False,False
Elba Reyes,pobladas del mundo,tema,2,baja,2,2026-02,2026-07,0.5154791105107703,False,False,False
Elba Reyes,podrá ver,tema,2,baja,2,2026-05,2026-08,1.614656948201633,True,False,False
Elba Reyes,precio estimado,tema,3,media,2,2026-07,2026-08,0.0,False,True,False
Elba Reyes,primer dominicano,tema,2,baja,2,2026-05,2026-07,0.4757746368407274,False,False,False
Elba Reyes,Pro,entidad,7,media,2,2026-07,2026-08,1.287608897655728,False,True,False
Elba Reyes,cana según tripadvisor,tema,3,media,2,2026-03,2026-04,0.12420715562563862,False,False,False
Elba Reyes,global los trabajos,tema,2,baja,2,2026-02,2026-07,0.6515340598353142,False,False,False
Elba Reyes,ranking mundial,tema,2,baja,2,2026-03,2026-07,0.18998726174417727,True,False,False
Elba Reyes,ranking países,tema,2,baja,2,2026-04,2026-07,0.02294322928857422,False,False,False
Elba Reyes,dominicana lidera,tema,2,baja,2,2026-03,2026-07,0.05630921195469105,True,False,False
Elba Reyes,dominicana lluvias,tema,2,baja,2,2026-03,2026-04,0.02323152760184591,False,False,False
Elba Reyes,Leidsa,entidad,4,media,2,2026-07,2026-08,0.4155052378798168,False,False,False
Elba Reyes,santo domingo apertura,tema,2,baja,2,2026-02,2026-07,0.7456547218074918,False,False,False
Elba Reyes,Shakira,entidad,4,media,2,2026-05,2026-07,0.2197375905351665,True,False,False
Elba Reyes,Spider Man,entidad,2,baja,2,2026-07,2026-08,1.0657574825858658,False,False,False
Elba Reyes,Supergirl,entidad,3,media,2,2026-06,2026-07,0.05495743421377162,False,False,False
Elba Reyes,tarjeta de crédito,tema,2,baja,2,2026-03,2026-07,0.7484220483238228,False,False,False
Elba Reyes,Tierra,entidad,2,baja,2,2026-04,2026-07,0.7208921894674591,True,False,False
Elba Reyes,Toy Story,entidad,2,baja,2,2026-06,2026-07,0.046897436554381736,False,False,False
Elba Reyes,trabajos mejor pagados,tema,2,baja,2,2026-02,2026-07,0.23784822265442424,False,False,False
Elba Reyes,trofeo más famoso,tema,2,baja,2,2026-06,2026-07,0.036995785966345264,False,False,False
Elba Reyes,US,entidad,4,media,2,2026-02,2026-03,0.8436419240117261,False,False,False
Elba Reyes,valiosas del mundo,tema,4,media,2,2026-02,2026-07,0.058833230448299884,False,False,False
Elba Reyes,viajar sin visa,tema,4,media,2,2026-04,2026-07,0.4188994367365121,False,False,False
Elba Reyes,violentas del mundo,tema,2,baja,2,2026-02,2026-07,0.17539835925658784,False,False,False
Elba Reyes,visa desde república,tema,2,baja,2,2026-04,2026-07,1.505005175077436,False,False,False
Elba Reyes,WhatsApp,entidad,34,alta,2,2026-07,2026-08,0.0,False,False,False
Elba Reyes,YouTube,entidad,3,media,2,2026-02,2026-07,1.2456849817012887,True,False,False
Elba Reyes,zoe saldaña,entidad,2,baja,2,2026-01,2026-08,0.0025200155825352236,False,False,False
Elba Reyes,altamar los cruceros,tema,2,baja,1,2026-01,2026-01,0.003399179995165484,False,False,False
Elba Reyes,Android,entidad,2,baja,1,2026-07,2026-07,0.0,True,False,False
Elba Reyes,antes de salir,tema,2,baja,1,2026-07,2026-07,1.0286203316594882,False,False,False
Elba Reyes,Argentina,entidad,3,media,1,2026-07,2026-07,0.7084301610888976,True,False,False
Elba Reyes,asume la presidencia,tema,2,baja,1,2026-02,2026-02,0.2758473513298169,True,False,False
Elba Reyes,Avengers Doomsday,entidad,2,baja,1,2026-07,2026-07,0.7574482526653473,False,False,False
Elba Reyes,avos de final,tema,3,media,1,2026-07,2026-07,0.08195390856008318,True,False,False
Elba Reyes,Bad Bunny,entidad,4,media,1,2026-02,2026-02,0.016387532817832753,True,False,False
Elba Reyes,cabello y depilarte,tema,2,baja,1,2026-04,2026-04,0.0029960140279473094,False,False,False
Elba Reyes,calidad de vida,tema,3,media,1,2026-07,2026-07,0.09552189836215,False,False,False
Elba Reyes,Centroamericanos,entidad,2,baja,1,2026-08,2026-08,1.7698339092972637,True,False,False
Elba Reyes,santo domingo agenda,tema,7,media,1,2026-08,2026-08,0.0,True,True,False
Elba Reyes,santo domingo dominicanos,tema,3,media,1,2026-07,2026-07,0.0,True,False,False
Elba Reyes,chatear con alguien,tema,2,baja,1,2026-07,2026-07,0.0,False,False,False
Elba Reyes,ciudades más peligrosas,tema,2,baja,1,2026-07,2026-07,0.07409005352374946,False,False,False
Elba Reyes,Clásico Mundial de Béisbol,entidad,17,alta,1,2026-03,2026-03,0.003703346470397165,True,False,False
Elba Reyes,Clásico Mundial de Béisbol República Dominicana,entidad,4,media,1,2026-03,2026-03,0.0,True,False,False
Elba Reyes,clausura de los juegos,tema,2,baja,1,2026-08,2026-08,0.0,True,False,False
Elba Reyes,clausura del mundial,tema,2,baja,1,2026-07,2026-07,0.6909622999905136,True,False,False
Elba Reyes,clima en república,tema,2,baja,1,2026-04,2026-04,0.015754061542150043,False,False,False
Elba Reyes,clima hoy en santo,tema,4,media,1,2026-04,2026-04,0.0019107419408664463,False,False,False
Elba Reyes,conciertos en república,tema,2,baja,1,2026-07,2026-07,0.0,False,False,False
Elba Reyes,confirmados de los octavos,tema,2,baja,1,2026-07,2026-07,0.1989828007038656,True,False,False
Elba Reyes,mundial conoce,tema,2,baja,1,2026-07,2026-07,0.1989828007038656,True,False,False
Elba Reyes,conversaciones de whatsapp,tema,2,baja,1,2026-07,2026-07,0.0,False,False,False
Elba Reyes,corina machado,entidad,3,media,1,2026-01,2026-01,0.0060373779578774215,False,False,False
Elba Reyes,Cristiano Ronaldo y Georgina Rodríguez,entidad,2,baja,1,2026-08,2026-08,0.0,False,False,False
Elba Reyes,cruceros más esperados,tema,2,baja,1,2026-01,2026-01,0.003399179995165484,False,False,False
Elba Reyes,cruces confirmados,tema,3,media,1,2026-07,2026-07,0.20501013291164696,True,False,False
Elba Reyes,fechas confirmadas,tema,2,baja,1,2026-07,2026-07,0.0382169162850061,True,False,False
Elba Reyes,dinero tiene,tema,2,baja,1,2026-07,2026-07,0.3249218438115829,False,False,False
Elba Reyes,dinero genera,tema,2,baja,1,2026-08,2026-08,0.0,False,False,False
Elba Reyes,dominicanos que compiten,tema,3,media,1,2026-07,2026-07,0.8712884001710929,True,False,False
Elba Reyes,donde verlo,tema,2,baja,1,2026-03,2026-03,0.009189774333911927,True,False,False
Elba Reyes,estadio olímpico,tema,2,baja,1,2026-08,2026-08,1.849317978918489,False,False,False
Elba Reyes,fechas y horarios,tema,2,baja,1,2026-07,2026-07,0.5763769725745261,True,False,False
Elba Reyes,Festival,entidad,4,media,1,2026-08,2026-08,3.7075728955186182,False,False,False
Elba Reyes,final tras los partidos,tema,2,baja,1,2026-07,2026-07,0.17510853758295877,True,False,False
Elba Reyes,guía paso,tema,2,baja,1,2026-07,2026-07,0.7167144627880748,False,False,False
Elba Reyes,Halftime,entidad,2,baja,1,2026-02,2026-02,0.02083088455706444,False,False,False
Elba Reyes,juan luis,entidad,2,baja,1,2026-08,2026-08,3.736969136042222,True,False,False
Elba Reyes,juega república,tema,2,baja,1,2026-03,2026-03,0.005441413548659376,True,False,False
Elba Reyes,lista oficial,tema,2,baja,1,2026-07,2026-07,0.0,False,False,False
Elba Reyes,lujo en altamar,tema,2,baja,1,2026-01,2026-01,0.003399179995165484,False,False,False
Elba Reyes,madre en república,tema,2,baja,1,2026-05,2026-05,0.0,False,False,False
Elba Reyes,María Corina Machado,entidad,2,baja,1,2026-01,2026-01,0.009031312905482583,False,False,False
Elba Reyes,Marileidy Paulino,entidad,2,baja,1,2026-08,2026-08,1.73651588826067,True,False,False
Elba Reyes,mejores películas,tema,2,baja,1,2026-07,2026-07,0.40522457887747143,False,False,False
Elba Reyes,Belice,entidad,2,baja,1,2026-02,2026-02,0.02347428467881215,False,False,False
Elba Reyes,mercado laboral,tema,3,media,1,2026-07,2026-07,0.5730319559298841,False,False,False
Elba Reyes,Mets,entidad,2,baja,1,2026-04,2026-04,0.052529949431545535,False,False,False
Elba Reyes,Miss República Dominicana,entidad,2,baja,1,2026-07,2026-07,0.7675258666296247,True,False,False
Elba Reyes,MLB,entidad,3,media,1,2026-07,2026-07,0.21297751192281908,False,False,False
Elba Reyes,mundial así quedó,tema,2,baja,1,2026-07,2026-07,0.0,True,False,False
Elba Reyes,mundial cruces,tema,2,baja,1,2026-07,2026-07,0.0,True,False,False
Elba Reyes,mundial cuánto,tema,2,baja,1,2026-07,2026-07,0.0,True,False,False
Elba Reyes,mundo para vivir,tema,2,baja,1,2026-07,2026-07,0.591689898113,False,False,False
Elba Reyes,Nobel,entidad,3,media,1,2026-01,2026-01,0.010797263287717981,False,False,False
Elba Reyes,nobel de la paz,tema,2,baja,1,2026-01,2026-01,0.001565361136456104,False,False,False
Elba Reyes,nombre de usuario,tema,2,baja,1,2026-07,2026-07,0.0,False,False,False
Elba Reyes,Numbeo,entidad,2,baja,1,2026-07,2026-07,0.04165841357106346,False,False,False
Elba Reyes,octavos de final,tema,5,media,1,2026-07,2026-07,0.07634504105476812,True,False,False
Elba Reyes,Odisea,entidad,2,baja,1,2026-07,2026-07,0.9598216775307522,False,False,False
Elba Reyes,Pantera Negra,entidad,2,baja,1,2026-07,2026-07,0.7296132801196245,False,False,False
Elba Reyes,partidos del mundial,tema,2,baja,1,2026-07,2026-07,0.5954630420847135,True,False,False
Elba Reyes,pasaporte dominicano,tema,2,baja,1,2026-07,2026-07,0.876915322708787,False,False,False
Elba Reyes,pena comprar,tema,2,baja,1,2026-07,2026-07,0.0,False,False,False
Elba Reyes,presidente revelan los primeros,tema,2,baja,1,2026-08,2026-08,0.0,False,False,False
Elba Reyes,primeros artistas,tema,2,baja,1,2026-08,2026-08,0.0,False,False,False
Elba Reyes,próximo mundial,tema,2,baja,1,2026-07,2026-07,0.782075752158012,True,False,False
Elba Reyes,pruebas de atletismo,tema,2,baja,1,2026-08,2026-08,0.0,False,False,False
Elba Reyes,quién lidera,tema,2,baja,1,2026-07,2026-07,0.13286247352567532,True,False,False
Elba Reyes,redes sociales,tema,2,baja,1,2026-08,2026-08,0.7844450906844526,False,True,False
Elba Reyes,dominicana requisitos,tema,2,baja,1,2026-05,2026-05,0.006705638513088412,False,False,False
Elba Reyes,dominicana vaguada,tema,3,media,1,2026-04,2026-04,0.0018495116697247107,False,False,False
Elba Reyes,boletas gratuitas,tema,2,baja,1,2026-08,2026-08,0.0,False,False,False
Elba Reyes,rones del mundo,tema,2,baja,1,2026-07,2026-07,0.8272401004784925,False,False,False
Elba Reyes,Samsung,entidad,2,baja,1,2026-07,2026-07,1.0668993469067114,False,False,False
Elba Reyes,sedes confirmadas,tema,2,baja,1,2026-07,2026-07,0.6978094107646898,True,False,False
Elba Reyes,semana santa,entidad,5,media,1,2026-03,2026-03,0.03174386984449651,False,False,False
Elba Reyes,Super Bowl,entidad,3,media,1,2026-02,2026-02,0.010184773051939511,True,False,False
Elba Reyes,terremoto de venezuela,tema,2,baja,1,2026-07,2026-07,0.26377964643195423,True,False,False
Elba Reyes,tormentas eléctricas,tema,2,baja,1,2026-04,2026-04,0.09984793722096569,False,False,False
Elba Reyes,Francas Summit,entidad,2,baja,1,2026-04,2026-04,0.16016468109501544,False,False,False
Elba Reyes,ultra lujo,tema,2,baja,1,2026-07,2026-07,1.8587024537204984,False,False,False
Elba Reyes,usuario en whatsapp,tema,2,baja,1,2026-07,2026-07,0.0,False,False,False
Elba Reyes,vaguada mantiene,tema,2,baja,1,2026-04,2026-04,0.007636054328257776,False,False,False
Elba Reyes,vale la pena,tema,2,baja,1,2026-07,2026-07,17.82950963179551,False,False,False
Elba Reyes,ver las pruebas,tema,2,baja,1,2026-08,2026-08,0.0,False,False,False
Elba Reyes,ver los partidos,tema,2,baja,1,2026-07,2026-07,0.684128842936153,True,False,False
Elba Reyes,papa españa,tema,2,baja,1,2026-08,2026-08,0.0,False,False,False
Elba Reyes,vivir en república,tema,2,baja,1,2026-07,2026-07,1.5556768345990648,False,False,False
Elba Reyes,vivir y trabajar,tema,2,baja,1,2026-07,2026-07,0.9784396883165206,False,False,False
Elba Reyes,whatsapp cómo funciona,tema,2,baja,1,2026-07,2026-07,0.0,False,False,False
Gabriel Rico Albarrán,Ucrania,entidad,4,media,3,2026-01,2026-08,0.4454200259892177,False,False,True
Gabriel Rico Albarrán,Mundial,tema,8,media,3,2026-06,2026-08,0.5919029860033111,True,False,False
Gabriel Rico Albarrán,EE UU,entidad,4,media,2,2026-03,2026-07,0.4329323246631152,True,False,False
Gabriel Rico Albarrán,Estados Unidos,entidad,2,baja,2,2026-02,2026-06,0.8250215881642848,True,False,False
Gabriel Rico Albarrán,Francia,entidad,3,media,2,2026-06,2026-07,0.6666151646007614,True,False,False
Gabriel Rico Albarrán,frank rainieri,tema,2,baja,2,2026-01,2026-03,0.03680143515533625,False,False,False
Gabriel Rico Albarrán,IA,entidad,3,media,2,2026-07,2026-08,0.6536856501372289,False,False,False
Gabriel Rico Albarrán,Japón,entidad,2,baja,2,2026-07,2026-08,0.4353200412398594,True,False,False
Gabriel Rico Albarrán,Luna,entidad,2,baja,2,2026-01,2026-08,0.15335848607630617,False,False,False
Gabriel Rico Albarrán,mejores empresas,tema,6,media,2,2026-01,2026-07,0.23050363356366024,False,False,False
Gabriel Rico Albarrán,Media Network,entidad,2,baja,2,2026-02,2026-07,0.2333267268752399,False,False,False
Gabriel Rico Albarrán,Norte,entidad,4,media,2,2026-02,2026-07,0.3815196425316609,False,False,False
Gabriel Rico Albarrán,Rusia,entidad,3,media,2,2026-07,2026-08,1.0414949422873014,False,False,False
Gabriel Rico Albarrán,Taiwán,entidad,3,media,2,2026-07,2026-08,1.4201452580703466,False,False,False
Gabriel Rico Albarrán,US,entidad,3,media,2,2026-03,2026-08,0.8436419240117261,True,False,False
Gabriel Rico Albarrán,vivo mercado,tema,2,baja,2,2026-03,2026-07,0.7301803702659592,False,False,False
Gabriel Rico Albarrán,York,entidad,2,baja,2,2026-07,2026-08,0.9447206083922542,False,False,False
Gabriel Rico Albarrán,AutoShow,entidad,3,media,1,2026-07,2026-07,1.139474758399711,False,False,False
Gabriel Rico Albarrán,Canal de Panamá,entidad,2,baja,1,2026-08,2026-08,1.962670114497735,False,False,False
Gabriel Rico Albarrán,China,entidad,4,media,1,2026-08,2026-08,0.04918464319550378,False,False,False
Gabriel Rico Albarrán,DR,entidad,2,baja,1,2026-08,2026-08,0.973025783344081,False,False,False
Gabriel Rico Albarrán,Admiradas,entidad,2,baja,1,2026-02,2026-02,0.22459665106713292,False,False,False
Gabriel Rico Albarrán,trabajar región,tema,2,baja,1,2026-07,2026-07,0.6149803877005643,False,False,False
Gabriel Rico Albarrán,Summit,entidad,2,baja,1,2026-07,2026-07,0.30204111588547344,False,False,False
Gabriel Rico Albarrán,FIFA,entidad,2,baja,1,2026-08,2026-08,0.5640652726440033,False,False,False
Gabriel Rico Albarrán,Business Forum Dominicana,entidad,2,baja,1,2026-02,2026-02,0.017281292892796958,False,False,False
Gabriel Rico Albarrán,futuro del trabajo,tema,2,baja,1,2026-07,2026-07,0.26909267888712923,False,False,False
Gabriel Rico Albarrán,maniobras militares,tema,2,baja,1,2026-08,2026-08,0.0,False,False,False
Gabriel Rico Albarrán,mercado autoshow,tema,2,baja,1,2026-07,2026-07,0.8977627503269989,False,False,False
Gabriel Rico Albarrán,Power Women Summit,entidad,4,media,1,2026-03,2026-03,0.0904984821360727,False,False,False
Gabriel Rico Albarrán,Ormuz,entidad,2,baja,1,2026-08,2026-08,0.35282269787108594,False,False,False
Gabriel Rico Albarrán,sector privado,tema,2,baja,1,2026-01,2026-01,0.029597209775953242,False,False,False
Gabriel Rico Albarrán,sectores económicos,tema,2,baja,1,2026-01,2026-01,0.04755832264418814,False,False,False
Gabriel Rico Albarrán,The Best,entidad,2,baja,1,2026-08,2026-08,3.1962090695718084,False,False,False
Gabriel Rico Albarrán,Venezuela,entidad,2,baja,1,2026-07,2026-07,0.21541668495095445,True,False,False
Gabriel Rico Albarrán,Emprendedora,entidad,4,media,1,2026-07,2026-07,7.552621119019134,False,False,False
Gabriel Rico Albarrán,vivo mejores,tema,2,baja,1,2026-07,2026-07,0.3793858687923783,False,False,False
Jhojhanni Fiorini,América Latina,entidad,43,alta,7,2026-01,2026-08,0.13133279961642677,False,False,True
Jhojhanni Fiorini,ver fútbol,tema,48,alta,7,2026-02,2026-08,0.43943676953447836,False,False,True
Jhojhanni Fiorini,fútbol en vivo,tema,32,alta,6,2026-03,2026-08,0.5099819584996256,False,False,True
Jhojhanni Fiorini,domingo,entidad,11,alta,5,2026-02,2026-07,0.20880343304642354,False,False,True
Jhojhanni Fiorini,Estados Unidos,entidad,10,alta,5,2026-01,2026-08,0.8250215881642848,False,False,True
Jhojhanni Fiorini,resultados de las loterías,tema,37,alta,5,2026-02,2026-08,0.4929630742240448,False,False,True
Jhojhanni Fiorini,riesgo país,tema,6,media,5,2026-01,2026-08,0.10454008258757198,False,False,True
Jhojhanni Fiorini,Venezuela,entidad,15,alta,5,2026-01,2026-07,0.21541668495095445,False,False,True
Jhojhanni Fiorini,Apple,entidad,14,alta,4,2026-01,2026-08,12.561040697330998,False,False,True
Jhojhanni Fiorini,EE UU,entidad,11,alta,4,2026-01,2026-08,0.18828495955050245,False,False,True
Jhojhanni Fiorini,IA,entidad,8,media,4,2026-01,2026-08,0.6536856501372289,False,False,True
Jhojhanni Fiorini,mejores países,tema,5,media,4,2026-03,2026-08,0.4784111247852769,False,False,True
Jhojhanni Fiorini,mejores universidades,tema,13,alta,4,2026-01,2026-07,0.18678128689158283,False,False,True
Jhojhanni Fiorini,países de américa,tema,11,alta,4,2026-01,2026-08,0.14479332987572102,False,False,True
Jhojhanni Fiorini,universidades del mundo,tema,4,media,4,2026-02,2026-07,0.2403570100197049,False,False,True
Jhojhanni Fiorini,US,entidad,11,alta,4,2026-01,2026-07,0.8436419240117261,False,False,True
Jhojhanni Fiorini,Caribe,entidad,6,media,3,2026-01,2026-08,0.7190566726386428,False,False,True
Jhojhanni Fiorini,dominicana,entidad,7,media,3,2026-01,2026-07,0.4477846080022429,False,False,True
Jhojhanni Fiorini,FMI,entidad,3,media,3,2026-01,2026-08,0.3584109159129685,False,False,True
Jhojhanni Fiorini,horarios y dónde ver,tema,10,alta,3,2026-03,2026-07,0.7002834500207586,False,False,True
Jhojhanni Fiorini,mejores restaurantes,tema,3,media,3,2026-01,2026-07,0.24259573287930405,False,False,True
Jhojhanni Fiorini,mejores universidades del mundo,tema,3,media,3,2026-02,2026-07,0.19245741668482363,False,False,True
Jhojhanni Fiorini,Nvidia,entidad,4,media,3,2026-01,2026-08,1.005952753934823,False,False,True
Jhojhanni Fiorini,per cápita,tema,3,media,3,2026-01,2026-07,0.2552634020668405,False,False,True
Jhojhanni Fiorini,QS World University Rankings,entidad,8,media,3,2026-02,2026-07,0.157907327385068,False,False,True
Jhojhanni Fiorini,real,entidad,4,media,3,2026-02,2026-07,0.4399539148481456,False,False,True
Jhojhanni Fiorini,ricos de latinoamérica,tema,4,media,3,2026-01,2026-07,0.32677117100583486,False,False,True
Jhojhanni Fiorini,ricos del mundo,tema,3,media,3,2026-01,2026-07,0.1998744490799205,False,False,True
Jhojhanni Fiorini,Tripadvisor,entidad,3,media,3,2026-02,2026-07,0.45958472223118463,False,False,True
Jhojhanni Fiorini,Trump,entidad,7,media,3,2026-01,2026-07,0.6422500227559174,False,False,True
Jhojhanni Fiorini,Wall Street,entidad,6,media,3,2026-01,2026-08,0.2112251852627253,False,False,True
Jhojhanni Fiorini,Mundial,tema,34,alta,6,2026-01,2026-08,0.5919029860033111,True,False,False
Jhojhanni Fiorini,canales para ver,tema,19,alta,5,2026-02,2026-06,0.0022370706818668562,False,False,False
Jhojhanni Fiorini,horarios y canales,tema,21,alta,5,2026-02,2026-06,0.0022855270865282324,False,False,False
Jhojhanni Fiorini,Latinoamérica,entidad,53,alta,5,2026-01,2026-08,0.057388226232810986,False,False,False
Jhojhanni Fiorini,lotería nacional,tema,68,alta,5,2026-02,2026-07,0.003362545572672044,False,False,False
Jhojhanni Fiorini,resultados de la lotería,tema,76,alta,5,2026-02,2026-07,0.06059727598672513,False,False,False
Jhojhanni Fiorini,salario mínimo,tema,6,media,5,2026-01,2026-08,0.022030797944062694,False,False,False
Jhojhanni Fiorini,TV,entidad,15,alta,5,2026-04,2026-08,0.16226266263250974,True,False,False
Jhojhanni Fiorini,Argentina,entidad,4,media,4,2026-01,2026-07,0.7084301610888976,True,False,False
Jhojhanni Fiorini,China,entidad,4,media,4,2026-02,2026-08,0.04918464319550378,False,False,False
Jhojhanni Fiorini,España,entidad,4,media,4,2026-02,2026-08,0.6994909941642307,True,False,False
Jhojhanni Fiorini,Irán,entidad,5,media,4,2026-01,2026-07,0.13390432923592216,True,False,False
Jhojhanni Fiorini,ranking de los países,tema,6,media,4,2026-02,2026-08,0.18613987713777788,False,True,False
Jhojhanni Fiorini,Barcelona,entidad,4,media,3,2026-01,2026-05,0.05158247426255807,True,False,False
Jhojhanni Fiorini,Bill Gates,entidad,5,media,3,2026-01,2026-05,0.07818798347598127,False,False,False
Jhojhanni Fiorini,Colombia,entidad,5,media,3,2026-02,2026-08,0.1363831579636481,True,False,False
Jhojhanni Fiorini,cuánto costará,tema,5,media,3,2026-06,2026-08,0.9409416926687733,True,False,False
Jhojhanni Fiorini,cuánto gana,tema,4,media,3,2026-04,2026-07,0.3888486794957828,True,False,False
Jhojhanni Fiorini,Donald Trump,entidad,3,media,3,2026-01,2026-08,0.07643872756670245,False,False,False
Jhojhanni Fiorini,empresas más valiosas,tema,3,media,3,2026-01,2026-07,0.03575248057444384,False,False,False
Jhojhanni Fiorini,frente al dólar,tema,4,media,3,2026-01,2026-08,0.051260696226599185,False,True,False
Jhojhanni Fiorini,horarios canales,tema,6,media,3,2026-05,2026-08,0.09939281794643859,False,False,False
Jhojhanni Fiorini,Latam,entidad,3,media,3,2026-01,2026-07,0.028408289274405384,False,False,False
Jhojhanni Fiorini,México,entidad,3,media,3,2026-02,2026-07,0.6198069834002305,True,False,False
Jhojhanni Fiorini,países más ricos,tema,3,media,3,2026-01,2026-07,0.06164145692225708,False,False,False
Jhojhanni Fiorini,PIB,entidad,8,media,3,2026-01,2026-08,0.09905694390147417,True,False,False
Jhojhanni Fiorini,precio de la gasolina,tema,5,media,3,2026-03,2026-08,0.05859665044839944,False,False,False
Jhojhanni Fiorini,QS,entidad,4,media,3,2026-02,2026-04,0.15742262567261583,False,False,False
Jhojhanni Fiorini,récord histórico,tema,3,media,3,2026-01,2026-07,0.28854746906858936,True,False,False
Jhojhanni Fiorini,ricas del mundo,tema,3,media,3,2026-01,2026-08,0.04510664937882808,False,False,False
Jhojhanni Fiorini,mínimo en venezuela,tema,3,media,3,2026-01,2026-05,0.0071643521167162666,False,False,False
Jhojhanni Fiorini,valiosas del mundo,tema,4,media,3,2026-01,2026-07,0.06057415520322657,False,False,False
Jhojhanni Fiorini,vivo horarios,tema,16,alta,3,2026-02,2026-07,0.0011091132622492717,False,False,False
Jhojhanni Fiorini,Abinader,entidad,2,baja,2,2026-01,2026-03,0.7930344015890052,False,False,False
Jhojhanni Fiorini,latina al cierre,tema,2,baja,2,2026-03,2026-07,0.10247690784026359,False,False,False
Jhojhanni Fiorini,latina frente,tema,2,baja,2,2026-07,2026-08,0.027718406912144944,True,False,False
Jhojhanni Fiorini,Arsenal,entidad,3,media,2,2026-04,2026-05,0.006026532285958415,True,False,False
Jhojhanni Fiorini,Atlético Madrid,entidad,2,baja,2,2026-04,2026-05,0.002695357359156375,False,False,False
Jhojhanni Fiorini,Bad Bunny,entidad,4,media,2,2026-01,2026-02,0.016387532817832753,False,False,False
Jhojhanni Fiorini,Banco Central,entidad,3,media,2,2026-07,2026-08,0.04893342239719074,False,False,False
Jhojhanni Fiorini,Banco Mundial,entidad,2,baja,2,2026-01,2026-07,0.10249544515901488,True,False,False
Jhojhanni Fiorini,calendario completo,tema,2,baja,2,2026-01,2026-06,0.0007928281328313483,True,False,False
Jhojhanni Fiorini,calendario lunar,tema,3,media,2,2026-03,2026-07,0.12263864765422067,False,False,False
Jhojhanni Fiorini,calidad de vida,tema,4,media,2,2026-07,2026-08,0.09552189836215,False,False,False
Jhojhanni Fiorini,cambios trae,tema,2,baja,2,2026-02,2026-07,1.4160654246773388,False,False,False
Jhojhanni Fiorini,canales y dónde ver,tema,2,baja,2,2026-05,2026-08,0.08298133069669311,False,False,False
Jhojhanni Fiorini,canasta básica,tema,2,baja,2,2026-07,2026-08,1.069171212124592,False,False,False
Jhojhanni Fiorini,Carlos Durán,entidad,2,baja,2,2026-01,2026-07,0.06777754733301197,False,False,False
Jhojhanni Fiorini,Centroamérica,entidad,2,baja,2,2026-03,2026-08,1.7812132024681218,False,False,False
Jhojhanni Fiorini,Coca Cola,entidad,4,media,2,2026-06,2026-07,0.8724636551291349,True,False,False
Jhojhanni Fiorini,Corina Machado,entidad,2,baja,2,2026-01,2026-03,0.00754209839682939,False,False,False
Jhojhanni Fiorini,deja atrás,tema,3,media,2,2026-02,2026-07,0.819002022699887,False,False,False
Jhojhanni Fiorini,economía dominicana,tema,2,baja,2,2026-01,2026-03,0.030492035556556593,False,False,False
Jhojhanni Fiorini,EEUU,entidad,2,baja,2,2026-01,2026-07,0.07322552268599986,False,False,False
Jhojhanni Fiorini,Elon Musk,entidad,2,baja,2,2026-01,2026-07,0.8927225187655083,False,False,False
Jhojhanni Fiorini,Europa,entidad,2,baja,2,2026-02,2026-07,0.27767996210156703,False,False,False
Jhojhanni Fiorini,extranjero en los países,tema,2,baja,2,2026-02,2026-07,0.43425901656532295,False,False,False
Jhojhanni Fiorini,FIFA,entidad,4,media,2,2026-04,2026-07,0.5640652726440033,True,False,False
Jhojhanni Fiorini,gana hoy cada trabajador,tema,2,baja,2,2026-04,2026-05,0.0695206521250802,False,False,False
Jhojhanni Fiorini,gasto militar,tema,2,baja,2,2026-01,2026-03,0.012662207232385467,True,False,False
Jhojhanni Fiorini,Google,entidad,5,media,2,2026-02,2026-08,22.519562881978963,False,False,False
Jhojhanni Fiorini,guía completa,tema,2,baja,2,2026-07,2026-08,0.3431172037377145,False,False,False
Jhojhanni Fiorini,hora juegan,tema,2,baja,2,2026-05,2026-08,0.4312428324404939,False,False,False
Jhojhanni Fiorini,impacto económico,tema,2,baja,2,2026-01,2026-07,0.5110823867253257,False,False,False
Jhojhanni Fiorini,inteligencia artificial,tema,2,baja,2,2026-06,2026-07,16.70004705000983,False,False,False
Jhojhanni Fiorini,inversión extranjera,tema,3,media,2,2026-02,2026-07,0.14880074825616968,False,False,False
Jhojhanni Fiorini,extranjera directa,tema,2,baja,2,2026-02,2026-07,0.1300480480094113,False,False,False
Jhojhanni Fiorini,JPMorgan,entidad,2,baja,2,2026-01,2026-02,0.029920054930707946,False,False,False
Jhojhanni Fiorini,jugaron ayer,tema,2,baja,2,2026-02,2026-03,0.0005087626958982972,False,False,False
Jhojhanni Fiorini,RD Loto Pool,entidad,2,baja,2,2026-02,2026-03,0.0005087626958982972,False,False,False
Jhojhanni Fiorini,mayores productores,tema,2,baja,2,2026-01,2026-08,0.007128603593765034,False,False,False
Jhojhanni Fiorini,mercado laboral,tema,2,baja,2,2026-02,2026-07,0.5730319559298841,False,False,False
Jhojhanni Fiorini,Messi,entidad,3,media,2,2026-06,2026-07,1.4868759540643826,True,False,False
Jhojhanni Fiorini,Meta,entidad,3,media,2,2026-07,2026-08,0.14623873846018026,False,False,False
Jhojhanni Fiorini,Netflix,entidad,2,baja,2,2026-02,2026-07,0.33429438624332247,False,False,False
Jhojhanni Fiorini,nike adidas,tema,2,baja,2,2026-06,2026-07,0.288957119904715,True,False,False
Jhojhanni Fiorini,números ganadores,tema,3,media,2,2026-02,2026-03,0.0006829992965385476,True,False,False
Jhojhanni Fiorini,ONU,entidad,2,baja,2,2026-01,2026-07,0.5462727894640387,True,False,False
Jhojhanni Fiorini,oro y plata,tema,2,baja,2,2026-01,2026-02,0.008155436265694732,False,False,False
Jhojhanni Fiorini,mejores salarios,tema,2,baja,2,2026-02,2026-07,0.43425901656532295,False,False,False
Jhojhanni Fiorini,países de latinoamérica,tema,8,media,2,2026-01,2026-03,0.021898112091985236,False,False,False
Jhojhanni Fiorini,países más seguros,tema,2,baja,2,2026-01,2026-03,0.06083917155785944,True,False,False
Jhojhanni Fiorini,partidos clave,tema,2,baja,2,2026-03,2026-06,0.02754559098704883,True,False,False
Jhojhanni Fiorini,partidos de fútbol,tema,12,alta,2,2026-02,2026-03,0.0008974485083276234,False,False,False
Jhojhanni Fiorini,partidos del mundial,tema,8,media,2,2026-06,2026-07,0.5954630420847135,True,False,False
Jhojhanni Fiorini,personas más ricas,tema,2,baja,2,2026-02,2026-08,0.27467127788179263,False,False,False
Jhojhanni Fiorini,peso dominicano,tema,3,media,2,2026-01,2026-08,0.271435588007419,False,False,False
Jhojhanni Fiorini,pib per,tema,2,baja,2,2026-01,2026-07,0.3168405686893268,False,False,False
Jhojhanni Fiorini,poderosos del mundo,tema,2,baja,2,2026-07,2026-08,0.41453089430771306,False,False,False
Jhojhanni Fiorini,quién lidera,tema,2,baja,2,2026-03,2026-07,0.1369846778069488,False,False,False
Jhojhanni Fiorini,ranking del salario,tema,2,baja,2,2026-01,2026-07,0.005585060079956225,False,False,False
Jhojhanni Fiorini,ranking global,tema,4,media,2,2026-07,2026-08,0.4819530132583683,False,False,False
Jhojhanni Fiorini,RD en República Dominicana,entidad,2,baja,2,2026-02,2026-03,0.0,False,False,False
Jhojhanni Fiorini,récords históricos,tema,3,media,2,2026-01,2026-02,0.002096487922371936,False,False,False
Jhojhanni Fiorini,redes sociales,tema,2,baja,2,2026-02,2026-08,0.7844450906844526,False,False,False
Jhojhanni Fiorini,dominicana cuánto,tema,2,baja,2,2026-04,2026-05,0.0695206521250802,False,False,False
Jhojhanni Fiorini,resultados de loterías,tema,13,alta,2,2026-02,2026-03,0.00044689331893161296,False,False,False
Jhojhanni Fiorini,resultados lotería,tema,2,baja,2,2026-02,2026-03,0.00014382427388954857,True,False,False
Jhojhanni Fiorini,mínimo en latinoamérica,tema,2,baja,2,2026-01,2026-07,0.005585060079956225,False,False,False
Jhojhanni Fiorini,santo,entidad,3,media,2,2026-03,2026-04,0.4067339214015402,False,False,False
Jhojhanni Fiorini,Santo Domingo,entidad,4,media,2,2026-01,2026-07,0.40650341152639047,False,False,False
Jhojhanni Fiorini,segundo país,tema,2,baja,2,2026-01,2026-03,0.2163434858226691,False,False,False
Jhojhanni Fiorini,Shein,entidad,3,media,2,2026-07,2026-08,0.0,False,True,False
Jhojhanni Fiorini,top países,tema,2,baja,2,2026-01,2026-02,0.06225177615593487,False,False,False
Jhojhanni Fiorini,vale la pena,tema,2,baja,2,2026-02,2026-07,17.82950963179551,False,False,False
Jhojhanni Fiorini,Warren Buffett,entidad,2,baja,2,2026-02,2026-05,0.18808262348403565,False,False,False
Jhojhanni Fiorini,emprendedor visionario,tema,2,baja,2,2026-01,2026-07,0.06777754733301197,False,False,False
Jhojhanni Fiorini,Z,entidad,2,baja,2,2026-02,2026-08,0.14540317359355318,False,False,False
Jhojhanni Fiorini,abultado saldo,tema,2,baja,1,2026-08,2026-08,0.0,False,False,False
Jhojhanni Fiorini,alertas de los economistas,tema,2,baja,1,2026-08,2026-08,0.0,False,False,False
Jhojhanni Fiorini,Amazon,entidad,2,baja,1,2026-07,2026-07,0.4482092562048531,False,False,False
Jhojhanni Fiorini,avanzados en tecnología,tema,2,baja,1,2026-08,2026-08,0.0,False,False,False
Jhojhanni Fiorini,balance comercial,tema,2,baja,1,2026-08,2026-08,0.0,False,False,False
Jhojhanni Fiorini,barata de latinoamérica,tema,2,baja,1,2026-07,2026-07,0.4422923523026862,False,False,False
Jhojhanni Fiorini,cables submarinos,tema,2,baja,1,2026-08,2026-08,0.0,False,False,False
Jhojhanni Fiorini,caída de maduro,tema,2,baja,1,2026-01,2026-01,0.00022996429781929734,False,False,False
Jhojhanni Fiorini,cara y barata,tema,2,baja,1,2026-07,2026-07,0.4422923523026862,False,False,False
Jhojhanni Fiorini,caribe la red,tema,2,baja,1,2026-08,2026-08,0.0,False,False,False
Jhojhanni Fiorini,caros para vivir,tema,2,baja,1,2026-07,2026-07,0.7625462296193809,False,False,False
Jhojhanni Fiorini,carreras mejor pagadas,tema,2,baja,1,2026-07,2026-07,0.40221969957920606,False,False,False
Jhojhanni Fiorini,central atribuye,tema,2,baja,1,2026-08,2026-08,0.0,False,False,False
Jhojhanni Fiorini,citadas por los algoritmos,tema,2,baja,1,2026-08,2026-08,0.0,False,False,False
Jhojhanni Fiorini,colombia así impactaría,tema,2,baja,1,2026-08,2026-08,0.0,True,False,False
Jhojhanni Fiorini,completo del mundial,tema,2,baja,1,2026-06,2026-06,0.008586226597441007,True,False,False
Jhojhanni Fiorini,conectividad en república,tema,2,baja,1,2026-08,2026-08,0.0,False,False,False
Jhojhanni Fiorini,conviene comprar,tema,2,baja,1,2026-07,2026-07,9.313111188166944,False,False,False
Jhojhanni Fiorini,crédito y las alertas,tema,2,baja,1,2026-08,2026-08,0.0,False,False,False
Jhojhanni Fiorini,cuánto dinero,tema,3,media,1,2026-07,2026-07,0.5085734940611139,True,False,False
Jhojhanni Fiorini,dinero gana,tema,2,baja,1,2026-07,2026-07,0.49111047850170714,True,False,False
Jhojhanni Fiorini,deben los dominicanos,tema,2,baja,1,2026-08,2026-08,0.0,False,False,False
Jhojhanni Fiorini,Upwork,entidad,2,baja,1,2026-02,2026-02,0.0,False,False,False
Jhojhanni Fiorini,días feriados,tema,2,baja,1,2026-01,2026-01,0.001847371516994764,False,False,False
Jhojhanni Fiorini,Disney,entidad,2,baja,1,2026-08,2026-08,1.0559960387173852,False,False,False
Jhojhanni Fiorini,dominicana y dónde ver,tema,2,baja,1,2026-06,2026-06,0.06524914527506084,True,False,False
Jhojhanni Fiorini,ingreso récord,tema,2,baja,1,2026-08,2026-08,0.0,False,False,False
Jhojhanni Fiorini,dominicanos en tarjetas,tema,2,baja,1,2026-08,2026-08,0.0,False,False,False
Jhojhanni Fiorini,EE UU en Venezuela,entidad,2,baja,1,2026-01,2026-01,0.00012970611261976588,False,False,False
Jhojhanni Fiorini,escasez de dólares,tema,2,baja,1,2026-03,2026-03,0.019100289692111236,False,False,False
Jhojhanni Fiorini,exporta américa,tema,2,baja,1,2026-08,2026-08,0.0,False,False,False
Jhojhanni Fiorini,feriados en república,tema,2,baja,1,2026-01,2026-01,0.016975428133784592,False,False,False
Jhojhanni Fiorini,final del mundial,tema,4,media,1,2026-07,2026-07,0.53916823590555,True,False,False
Jhojhanni Fiorini,firmeza del peso,tema,2,baja,1,2026-08,2026-08,0.0,False,False,False
Jhojhanni Fiorini,FMI en Latinoamérica,entidad,2,baja,1,2026-07,2026-07,0.7086673240625015,False,False,False
Jhojhanni Fiorini,fortaleza económica,tema,2,baja,1,2026-08,2026-08,0.0,False,False,False
Jhojhanni Fiorini,gasolina más cara,tema,3,media,1,2026-07,2026-07,0.7919183552517246,False,False,False
Jhojhanni Fiorini,grandes fortunas,tema,2,baja,1,2026-08,2026-08,0.0,False,False,False
Jhojhanni Fiorini,habilidades profesionales,tema,2,baja,1,2026-02,2026-02,0.0,False,False,False
Jhojhanni Fiorini,Harvard,entidad,2,baja,1,2026-02,2026-02,0.4172621750251687,False,False,False
Jhojhanni Fiorini,horarios en república,tema,3,media,1,2026-06,2026-06,0.04261472917782328,True,False,False
Jhojhanni Fiorini,impactaría al pib,tema,2,baja,1,2026-08,2026-08,0.0,True,False,False
Jhojhanni Fiorini,Big Mac,entidad,2,baja,1,2026-08,2026-08,0.0,False,True,False
Jhojhanni Fiorini,iphone pro,tema,10,alta,1,2026-07,2026-07,0.0,False,False,False
Jhojhanni Fiorini,Pro Max,entidad,2,baja,1,2026-07,2026-07,0.0,False,False,False
Jhojhanni Fiorini,latinoamérica intervenidos,tema,2,baja,1,2026-01,2026-01,0.015647251285492905,False,False,False
Jhojhanni Fiorini,Luis Velutini,entidad,2,baja,1,2026-01,2026-01,0.1691174117348882,False,False,False
Jhojhanni Fiorini,Maduro,entidad,5,media,1,2026-01,2026-01,0.012153411566485339,False,False,False
Jhojhanni Fiorini,Central Romana,entidad,2,baja,1,2026-08,2026-08,0.0,False,False,False
Jhojhanni Fiorini,marcas gigantes,tema,2,baja,1,2026-08,2026-08,0.0,False,False,False
Jhojhanni Fiorini,mayores reservas,tema,2,baja,1,2026-08,2026-08,0.0,False,False,False
Jhojhanni Fiorini,megaproyecto de google,tema,2,baja,1,2026-08,2026-08,0.0,False,False,False
Jhojhanni Fiorini,mejores empresas,tema,2,baja,1,2026-03,2026-03,0.23050363356366024,False,False,False
Jhojhanni Fiorini,mejores hospitales,tema,2,baja,1,2026-01,2026-01,0.05736390082766291,False,False,False
Jhojhanni Fiorini,Milei,entidad,2,baja,1,2026-01,2026-01,0.01243919276636896,False,False,False
Jhojhanni Fiorini,monedas más fuertes,tema,2,baja,1,2026-07,2026-07,0.8220462478079352,False,False,False
Jhojhanni Fiorini,Alfonso Fanjul,entidad,2,baja,1,2026-08,2026-08,0.0,False,False,False
Jhojhanni Fiorini,nuevos colores,tema,2,baja,1,2026-07,2026-07,0.0,False,False,False
Jhojhanni Fiorini,OpenAI,entidad,2,baja,1,2026-07,2026-07,4.078937017118738,False,False,False
Jhojhanni Fiorini,oro del mundo,tema,2,baja,1,2026-08,2026-08,0.0,False,False,False
Jhojhanni Fiorini,país está,tema,2,baja,1,2026-08,2026-08,0.0,False,True,False
Jhojhanni Fiorini,países con la gasolina,tema,3,media,1,2026-07,2026-07,0.45545801839192435,False,False,False
Jhojhanni Fiorini,países con las mayores,tema,2,baja,1,2026-08,2026-08,0.0,False,False,False
Jhojhanni Fiorini,países con mayor porcentaje,tema,2,baja,1,2026-07,2026-07,0.41726727092684796,False,False,False
Jhojhanni Fiorini,países latinoamericanos,tema,2,baja,1,2026-01,2026-01,0.012933332930937692,False,False,False
Jhojhanni Fiorini,países más avanzados,tema,2,baja,1,2026-08,2026-08,0.0,False,False,False
Jhojhanni Fiorini,países más caros,tema,2,baja,1,2026-07,2026-07,0.855439842655861,False,False,False
Jhojhanni Fiorini,países más endeudados,tema,3,media,1,2026-07,2026-07,0.7080793851214985,False,False,False
Jhojhanni Fiorini,pib la inflación,tema,2,baja,1,2026-08,2026-08,0.0,True,False,False
Jhojhanni Fiorini,principales mercados,tema,2,baja,1,2026-08,2026-08,0.0,False,False,False
Jhojhanni Fiorini,Pro,entidad,7,media,1,2026-07,2026-07,1.287608897655728,False,False,False
Jhojhanni Fiorini,profesionales con mayor demanda,tema,2,baja,1,2026-02,2026-02,0.0,False,False,False
Jhojhanni Fiorini,Puerto Rico,entidad,2,baja,1,2026-01,2026-01,0.06628119368369283,False,False,False
Jhojhanni Fiorini,ranking de la fortaleza,tema,2,baja,1,2026-08,2026-08,0.0,False,False,False
Jhojhanni Fiorini,RepCore Nations,entidad,2,baja,1,2026-07,2026-07,0.44723919906932863,False,False,False
Jhojhanni Fiorini,dominicana salarios,tema,2,baja,1,2026-07,2026-07,0.4824563027586323,False,False,False
Jhojhanni Fiorini,Samsung Galaxy,entidad,2,baja,1,2026-07,2026-07,0.6719962906336715,False,False,False
Jhojhanni Fiorini,sismo en colombia,tema,2,baja,1,2026-08,2026-08,0.0,True,False,False
Jhojhanni Fiorini,subvalorada frente,tema,2,baja,1,2026-08,2026-08,0.0,False,True,False
Jhojhanni Fiorini,Super Bowl,entidad,3,media,1,2026-02,2026-02,0.010184773051939511,False,False,False
Jhojhanni Fiorini,tarjetas de crédito,tema,3,media,1,2026-08,2026-08,0.11863333650440472,False,False,False
Jhojhanni Fiorini,tiene messi,tema,2,baja,1,2026-06,2026-06,0.015235824784276077,True,False,False
Jhojhanni Fiorini,transformará la conectividad,tema,2,baja,1,2026-08,2026-08,0.0,False,False,False
Jhojhanni Fiorini,tres países,tema,2,baja,1,2026-01,2026-01,0.020980923734865566,False,False,False
Jhojhanni Fiorini,valiosas de latinoamérica,tema,2,baja,1,2026-01,2026-01,0.04246445745253804,False,False,False
Jhojhanni Fiorini,ver en vivo,tema,2,baja,1,2026-06,2026-06,0.0542431247435353,True,False,False
Jhojhanni Fiorini,Emprendedora,entidad,2,baja,1,2026-07,2026-07,7.552621119019134,False,False,False
Jhojhanni Fiorini,WhatsApp,entidad,6,media,1,2026-07,2026-07,0.0,False,False,False
Karime Rivas,US,entidad,3,media,3,2026-05,2026-08,0.8434515164333455,False,False,True
Karime Rivas,dominicana,entidad,5,media,5,2026-01,2026-07,0.44775253569466417,True,False,False
Karime Rivas,Shakira,entidad,3,media,3,2026-05,2026-07,0.2197375905351665,True,False,False
Karime Rivas,Descubre,entidad,3,media,2,2026-01,2026-06,0.08237039057308126,False,False,False
Karime Rivas,dos mujeres,tema,2,baja,2,2026-04,2026-08,0.04467414634312138,True,False,False
Karime Rivas,FIFA,entidad,3,media,2,2026-04,2026-07,0.5502804281231616,True,False,False
Karime Rivas,Inditex,entidad,2,baja,2,2026-01,2026-07,0.6673603272964772,False,False,False
Karime Rivas,Juegos Centroamericanos y del Caribe,entidad,2,baja,2,2026-07,2026-08,1.3204324305580795,True,False,False
Karime Rivas,Latinoamérica,entidad,2,baja,2,2026-01,2026-07,0.057295931107672976,False,False,False
Karime Rivas,Marileidy Paulino,entidad,2,baja,2,2026-07,2026-08,1.73651588826067,False,False,False
Karime Rivas,mundial,tema,4,media,2,2026-01,2026-07,0.5916062438264338,True,False,False
Karime Rivas,Ortega,entidad,2,baja,2,2026-05,2026-07,0.8189092100404672,False,False,False
Karime Rivas,sufragio femenino,tema,2,baja,2,2026-01,2026-08,1.4836457274941486,False,False,False
Karime Rivas,Estados Unidos,entidad,2,baja,1,2026-08,2026-08,0.8637333833120916,False,False,False
Karime Rivas,rita abinader,tema,2,baja,1,2026-07,2026-07,0.9346494051066786,False,False,False
Miguel Vega,Rusia,entidad,4,media,3,2026-06,2026-08,1.0414949422873014,False,False,False
Miguel Vega,Ucrania,entidad,4,media,3,2026-06,2026-08,0.4454200259892177,False,False,False
Miguel Vega,Ceuta,entidad,2,baja,2,2026-07,2026-08,1.1837593426977226,True,False,False
Miguel Vega,EE UU,entidad,2,baja,2,2026-07,2026-08,0.4329323246631152,False,False,False
Miguel Vega,entrada masiva,tema,2,baja,2,2026-07,2026-08,1.0704339978425599,True,False,False
Miguel Vega,España,entidad,4,media,2,2026-07,2026-08,0.6994909941642307,True,False,False
Miguel Vega,Don Héctor Rizek Llabaly,entidad,2,baja,1,2026-03,2026-03,0.3449592880918314,False,False,False
Miguel Vega,Inglaterra,entidad,2,baja,1,2026-07,2026-07,0.6927432523097676,True,False,False
Miguel Vega,Irán,entidad,2,baja,1,2026-08,2026-08,0.13390432923592216,False,False,False
Miguel Vega,Japón,entidad,2,baja,1,2026-07,2026-07,0.4353200412398594,True,False,False
Miguel Vega,Mundial,tema,7,media,1,2026-07,2026-07,0.5919029860033111,True,False,False
Miguel Vega,cacao dominicano,tema,2,baja,1,2026-03,2026-03,0.22535351445810844,False,False,False
Miguel Vega,Román Ramos Uría,entidad,2,baja,1,2026-08,2026-08,0.0,False,False,False
Miguel Vega,Trump,entidad,2,baja,1,2026-08,2026-08,0.6422500227559174,False,False,False
Miranda Cross,BAY,entidad,2,baja,1,2026-08,2026-08,0.0,False,False,False
Miranda Cross,Montecristi,entidad,2,baja,1,2026-08,2026-08,0.0,False,False,False
Rodrigo Muñoz,América Latina,entidad,7,media,3,2026-01,2026-08,0.13133279961642677,False,False,True
Rodrigo Muñoz,US,entidad,12,alta,3,2026-01,2026-08,0.8436419240117261,False,False,True
Rodrigo Muñoz,Amazon,entidad,2,baja,2,2026-07,2026-08,0.4482092562048531,False,False,False
Rodrigo Muñoz,Centroamérica y República Dominicana,entidad,2,baja,2,2026-01,2026-08,0.31350513277585196,False,False,False
Rodrigo Muñoz,ChatGPT y Claude,entidad,2,baja,2,2026-07,2026-08,0.0,False,False,False
Rodrigo Muñoz,desafía a chatgpt,tema,2,baja,2,2026-07,2026-08,0.0,False,False,False
Rodrigo Muñoz,dominicana,entidad,2,baja,2,2026-01,2026-07,0.4477846080022429,False,False,False
Rodrigo Muñoz,EE UU,entidad,4,media,2,2026-07,2026-08,0.4329323246631152,False,False,False
Rodrigo Muñoz,exclusivas del mundo,tema,2,baja,2,2026-01,2026-07,0.08584155769020353,False,False,False
Rodrigo Muñoz,IA,entidad,5,media,2,2026-02,2026-08,0.6536856501372289,False,False,False
Rodrigo Muñoz,inteligencia artificial,tema,7,media,2,2026-07,2026-08,16.70004705000983,False,False,False
Rodrigo Muñoz,Latinoamérica,entidad,6,media,2,2026-01,2026-07,0.05485989747436306,False,False,False
Rodrigo Muñoz,mejores playas,tema,2,baja,2,2026-01,2026-07,0.05106014786369373,False,False,False
Rodrigo Muñoz,Meta,entidad,2,baja,2,2026-01,2026-08,0.14623873846018026,False,False,False
Rodrigo Muñoz,Nvidia,entidad,2,baja,2,2026-07,2026-08,1.005952753934823,False,False,False
Rodrigo Muñoz,países más ricos,tema,2,baja,2,2026-01,2026-07,0.06164145692225708,False,False,False
Rodrigo Muñoz,ranking las ciudades,tema,3,media,2,2026-01,2026-07,0.005764304845758865,False,False,False
Rodrigo Muñoz,ranking las marcas,tema,2,baja,2,2026-01,2026-07,0.008005364218773387,False,False,False
Rodrigo Muñoz,ranking los países,tema,3,media,2,2026-01,2026-07,0.007866148028713884,False,False,False
Rodrigo Muñoz,ranking países,tema,4,media,2,2026-01,2026-07,0.022780048425924328,False,False,False
Rodrigo Muñoz,ricas del mundo,tema,2,baja,2,2026-01,2026-07,0.04510664937882808,False,False,False
Rodrigo Muñoz,Washington,entidad,2,baja,2,2026-03,2026-07,0.11362620749572747,False,False,False
Rodrigo Muñoz,China,entidad,2,baja,1,2026-07,2026-07,0.04918464319550378,False,False,False
Rodrigo Muñoz,competir con nvidia,tema,2,baja,1,2026-07,2026-07,0.0,False,False,False
Rodrigo Muñoz,mejores libros,tema,2,baja,1,2026-07,2026-07,0.00723334528794992,False,False,False
Rodrigo Muñoz,millones para fabricar,tema,2,baja,1,2026-08,2026-08,0.0,False,False,False
Rodrigo Muñoz,Mundial,tema,2,baja,1,2026-01,2026-01,0.5919029860033111,True,False,False
Rodrigo Muñoz,per cápita,tema,2,baja,1,2026-01,2026-01,0.10464283853269825,False,False,False
Rodrigo Muñoz,mejores ciudades,tema,2,baja,1,2026-01,2026-01,0.011679573270204033,False,False,False
Rodrigo Muñoz,Starbucks,entidad,2,baja,1,2026-01,2026-01,0.04027879404006428,False,False,False
Rodrigo Muñoz,valiosas del mundo,tema,2,baja,1,2026-01,2026-01,0.06057415520322657,False,False,False
Rodrigo Muñoz,vivir en américa,tema,2,baja,1,2026-01,2026-01,0.4578243329601231,False,False,False
