video_id,titulo,fecha_publicacion,duracion_seg,pct_reproducido,duracion_promedio_vista,vistas,horas_reproduccion,ingresos_usd,categoria,es_short
u5G_2nlisQ8,Se eleva la tension global Irán responde: hay implicaciones en comercio energetico,2026-03-25,109.0,79.06,0:01:26,870399.0,16208.0085,,Noticias breves (geopolítica/actualidad),True
biHUbgJTdFQ,Irán suma un aliado a la guerra y pone en riesgo para la economía global,2026-07-17,102.0,95.11,0:01:37,658365.0,12884.7729,,Noticias breves (geopolítica/actualidad),True
ovKMLcMovRQ,Irán eleva amenazas contra EEUU y el comercio energético mundial,2026-07-16,111.0,98.05,0:01:48,467381.0,9703.2112,,Noticias breves (geopolítica/actualidad),True
vV3Uw15K5Go,ÚLTIMA HORA Trump estalla tras filtración del acuerdo secreto con Irán,2026-06-12,89.0,89.47,0:01:19,528781.0,8934.9504,,Noticias breves (geopolítica/actualidad),True
V927einCJZo,Convertiremos el área en un cementerio  Irán lanza duras advertencias a EEUU,2026-05-27,108.0,84.26,0:01:30,413331.0,8103.3499,,Noticias breves (geopolítica/actualidad),True
-vFzNWY2BGE,Una filtración sacude al Pentágono y aumenta la tensión con Irán,2026-08-07,110.0,95.06,0:01:44,361183.0,6997.8685,,Otros / Institucional,True
Vvfoc_ubQz4,Trump da marcha atrás al polémico peaje del 20% en el estrecho de Ormuz,2026-07-15,114.0,90.01,0:01:42,333586.0,6826.353,,Noticias breves (geopolítica/actualidad),True
RgAtZpon-Vo,¿Trump pierde el control del tablero geopolítico frente a Israel e Irán?,2026-06-02,104.0,94.29,0:01:38,303620.0,6038.2428,,Noticias breves (geopolítica/actualidad),True
4qvY6ha5ky0,Oriente Medio en alerta una nueva alianza militar redefine el tablero regional,2026-08-07,89.0,103.12,0:01:31,296355.0,5416.9495,,Otros / Institucional,True
36XMpoilps4,¿Puede tomar Trump el control de Venezuela?,2026-07-01,105.0,92.65,0:01:37,288289.0,5336.7996,,Noticias breves (geopolítica/actualidad),True
5nnc6qUy6MM,Golpe interno para Trump: La disidencia republicana lo desarma,2026-06-05,96.0,95.61,0:01:31,286851.0,5335.7587,,Noticias breves (geopolítica/actualidad),True
lZCMrOppsJQ,El conflicto ya no es solo entre EE UU,2026-07-31,84.0,107.75,0:01:30,283467.0,4958.2732,,Noticias breves (geopolítica/actualidad),True
XtCQlOmEprI,La presión militar de Irán se mantiene mientras crecen los llamados al diálogo,2026-07-20,107.0,95.04,0:01:41,215534.0,4407.7956,,Otros / Institucional,True
u1eAHAlAxkc,Irán refuerza su ofensiva militar y eleva la tensión con EEUU,2026-08-10,109.0,98.58,0:01:47,183653.0,3725.0691,,Noticias breves (geopolítica/actualidad),True
99LGvbtOvBo,¿La peor derrota de Trump?  Opiniones divididas por el acuerdo de paz,2026-06-18,98.0,94.97,0:01:33,214746.0,3625.9231,,Noticias breves (geopolítica/actualidad),True
uXHYWQckaGg,¿Un nuevo frente de guerra para Trump? Corea del Norte amenza de palabra y lanza misiles de prueba,2026-08-14,91.0,97.01,0:01:28,198765.0,3548.4669,,Noticias breves (geopolítica/actualidad),True
Yj7pQ_ApORY,Prensa Iraní proclama victoria así cuentan el alto al fuego de Trump,2026-08-04,146.0,92.86,0:02:15,127538.0,3480.3431,,Noticias breves (geopolítica/actualidad),True
QA1h1I_c2g4,Informe que anticipó el riesgo sísmico en Venezuela llegó a su gobierno hace 25 años,2026-07-02,98.0,72.14,0:01:10,270050.0,3075.3635,,Noticias breves (geopolítica/actualidad),True
1SsOYiYc4YM,El Pentágono bajo presión: La parálisis diplomática que fractura la imagen de fuerza de Trump,2026-06-19,106.0,99.13,0:01:45,156492.0,3026.4243,,Noticias breves (geopolítica/actualidad),True
kwPlMtpLsyw,Una nueva tensión en el mar Rojo eleva la alerta global,2026-07-22,84.0,109.06,0:01:31,165320.0,2914.2449,,Noticias breves (geopolítica/actualidad),True
IuGdJ8838tg,La guerra escala Medio Oriente abre un nuevo capítulo de incertidumbre global,2026-07-24,82.0,106.38,0:01:27,156641.0,2643.4547,,Noticias breves (geopolítica/actualidad),True
F8WjE9sjOEQ,Irán exige indemnización a EEUU y Trump responde,2026-08-11,110.0,105.1,0:01:55,121432.0,2618.0991,,Noticias breves (geopolítica/actualidad),True
68ZNKFP9ckM,Ataques y represalias agravan el conflicto entre Estados Unidos e Irán,2026-07-13,100.0,103.1,0:01:43,130261.0,2538.4317,,Noticias breves (geopolítica/actualidad),True
begbTra-oU4,Reacciones europeas ante conflicto bélico entre EEUU e Irán,2026-03-31,109.0,86.39,0:01:34,128966.0,2478.0981,,Noticias breves (geopolítica/actualidad),True
o6u1n5CvBeY,Vuelven los bombardeos de EE  UU  a Irán por el bloqueo de buques en Ormuz,2026-07-08,117.0,98.34,0:01:55,119997.0,2450.258,,Noticias breves (geopolítica/actualidad),True
8oq4zsjixlg,Fuertes confrontaciones al gobierno venezolano por la respuesta ante el desastre,2026-07-03,159.0,72.23,0:01:54,108150.0,2424.4934,,Otros / Institucional,True
3CLeZaACFLo,Nuevo riesgo para Irán: conflictos internos por inflación del 90%,2026-07-21,89.0,105.37,0:01:33,132334.0,2378.5686,,Noticias breves (geopolítica/actualidad),True
DWdcYHvtJPo,Amenaza contra la vida de Trump sacude el tablero geopolítico,2026-07-10,89.0,104.97,0:01:33,133180.0,2315.6738,,Noticias breves (geopolítica/actualidad),True
WHA1yaUsfYc,El presidente iraní admite su fragilidad “la crisis es multidimensional”,2026-08-06,106.0,93.29,0:01:38,114665.0,2268.9032,,Noticias breves (geopolítica/actualidad),True
by0aTcMMtoA,El número de víctimas de la tragedia sigue en ascenso y sismo de 5.2 sacude el Caribe,2026-06-26,80.0,63.9,0:00:51,235076.0,2059.3693,,Otros / Institucional,True
pkiReMIUO-s,Trump bajo el fuego crítico y Rubio contra el Senado,2026-06-02,92.0,101.29,0:01:33,110650.0,1992.0936,,Noticias breves (geopolítica/actualidad),True
aDkVGylH4Dg,La derrota expuso el lado más polémico de la Albiceleste,2026-07-20,134.0,83.66,0:01:52,86253.0,1909.7783,,Deportes,True
I30IfmrSSxg,Una nueva amenaza para el comercio mundial emerge en el Mar Rojo,2026-08-10,96.0,119.97,0:01:55,89945.0,1841.224,,Noticias breves (geopolítica/actualidad),True
iMfY8Nia0WM,"Irán resiste, Trump ¿replantea su estrategia en la guerra?",2026-08-03,120.0,100.64,0:02:00,77822.0,1821.5306,,Noticias breves (geopolítica/actualidad),True
WsLmWTSofyk,Nuevos bombardeos de EE  UU  sacude el tablero geopolítico,2026-05-26,76.0,102.33,0:01:17,106902.0,1559.6603,,Noticias breves (geopolítica/actualidad),True
3YF_f4ihQP0,¿Irán asoma una amenaza de ataque nuclear al mundo?,2026-08-12,113.0,104.56,0:01:58,66912.0,1533.6359,,Noticias breves (geopolítica/actualidad),True
svQAHfzp87k,La guerra se expande nuevos aliados intensifican la escalada militar,2026-07-29,76.0,112.77,0:01:25,92206.0,1497.0981,,Noticias breves (geopolítica/actualidad),True
PP5jnSPUjXE,"Taposiris Magna, el tesoro sumergido que podría cambiar la historia - Dra. Kathleen Martínez Ep.4",2024-12-11,796.0,39.61,0:05:15,15605.0,1366.481,,Documental (Kathleen Martínez),False
5OTqc3ZMUkc,"La guerra entra en pausa, pero la tensión sigue al máximo",2026-07-27,108.0,107.67,0:01:56,53979.0,1192.0847,,Noticias breves (geopolítica/actualidad),True
Ca2kyRyFk4E,Civiles vuelven a pagar el costo de la guerra entre Estados Unidos e Irán,2026-07-30,94.0,102.51,0:01:36,60973.0,1125.7916,,Noticias breves (geopolítica/actualidad),True
yAj3AYOh7yY,¿Se agota los misiles de Estados Unidos  Washington niega una crisis militar?,2026-08-05,112.0,103.25,0:01:55,47620.0,1066.4312,,Noticias breves (geopolítica/actualidad),True
Vf8jCyC93wI,"Israel desafía a la Casa Blanca: ""nos vincula el acuerdo entre Trump e Irán  V01""",2026-06-15,85.0,97.49,0:01:22,60986.0,997.8865,,Noticias breves (geopolítica/actualidad),True
JVrzJXcwxkI,La arqueóloga dominicana que logró lo inimaginable – Dra. Kathleen Martínez Ep.2,2024-12-09,402.0,40.02,0:02:40,21180.0,946.5746,,Documental (Kathleen Martínez),False
F3zZU_xYy10,¿Fuerzas armadas o soldados de Trump?  La agresiva estrategia de Pete Hegseth,2026-06-09,91.0,97.24,0:01:28,55520.0,941.1027,,Noticias breves (geopolítica/actualidad),True
dGeaaT6EzOs,Aumenta la tensión entre Estados Unidos e Iran,2026-03-30,70.0,96.4,0:01:07,61427.0,818.3299,,Noticias breves (geopolítica/actualidad),True
4xIZpj05kXA,La guerra que no para: El EE  UU- Irán se enciende junto al conflicto de Hezbollah,2026-06-01,94.0,93.44,0:01:27,43150.0,769.2801,,Noticias breves (geopolítica/actualidad),True
2oRus5S6mUA,Guerra inminente: EE  UU  e Irán rompen el pacto de paz con bombardeos masivos,2026-07-09,84.0,102.71,0:01:26,50300.0,753.4518,,Noticias breves (geopolítica/actualidad),True
1UPh3fZgVOw,Ataque con drones y misiles Irán desafía la seguridad de la región,2026-05-28,89.0,97.56,0:01:26,44186.0,719.818,,Noticias breves (geopolítica/actualidad),True
ZNJa0CPBPkI,El pulso de un “dando y dando” marca la crisis en Ormuz,2026-04-27,125.0,98.72,0:02:03,30520.0,679.6264,,Noticias breves (geopolítica/actualidad),True
Ub59dfodKvU,"La guerra con Irán: Trump, la OTAN y la incertidumbre global",2026-04-02,89.0,88.72,0:01:18,37890.0,642.6184,,Noticias breves (geopolítica/actualidad),True
eb7j3XDV8FA,Catástrofe sísmica en Venezuela declaran estado de emergencia tras dos potentes terremotos,2026-06-25,101.0,63.51,0:01:04,66698.0,633.6972,,Noticias breves (geopolítica/actualidad),True
l7K7Zk8PDHc,¿Perdió Trump el control militar de Israel? Netanyahu ignoró las advertencias de la Casa Blanca,2026-06-08,87.0,100.78,0:01:27,35366.0,588.5353,,Noticias breves (geopolítica/actualidad),True
n5pRBmJqD8Y,El inicio del viaje tras la pista de Cleopatra - Dra. Kathleen Martínez Ep.1,2024-12-06,467.0,39.1,0:03:02,10748.0,545.2165,,Documental (Kathleen Martínez),False
GVLJTIO9EFg,Fuerte abucheo contra el presidente Donald Trump,2026-06-09,76.0,89.12,0:01:07,38940.0,518.5632,,Noticias breves (geopolítica/actualidad),True
nxhFit8GfE0,Trump y Xi Jinping la batalla por Taiwán y el conflicto con Irán,2026-05-14,104.0,88.01,0:01:31,31278.0,495.6983,,Noticias breves (geopolítica/actualidad),True
bNQE74ftIwQ,La tragedia sísmica en Colombia escala el balance preliminar deja terribles cifras,2026-08-11,132.0,88.16,0:01:56,22009.0,474.8496,,Noticias breves (geopolítica/actualidad),True
ED0RuIxS1K0,La guerra sacude los mercados internacionales,2026-07-14,86.0,107.15,0:01:32,28597.0,463.3485,,Noticias breves (geopolítica/actualidad),True
tNjvI2Nk7BE,Trump asegura que EE  UU  mantiene capacidad militar y advierte que los ataques podrían reanudarse,2026-07-28,94.0,97.38,0:01:31,24746.0,441.3811,,Noticias breves (geopolítica/actualidad),True
dxPmeyn6PnQ,Trump marca línea firme: No habrá arma nuclear ni peajes en Ormuz,2026-05-22,85.0,94.19,0:01:20,26651.0,400.0668,,Noticias breves (geopolítica/actualidad),True
5i03Od7sUPE,Revolucionarios Iraniés atentan contra el posible acuerdo de paz,2026-04-22,97.0,81.13,0:01:18,22875.0,387.9886,,Noticias breves (geopolítica/actualidad),True
lMvFh44GiwY,Acuerdo nuclear bajo amenaza ofensiva de Trump contra Irán,2026-05-20,77.0,96.88,0:01:14,27969.0,382.9117,,Noticias breves (geopolítica/actualidad),True
hC3OGyLXTFA,Fuertes amenazas por parte del Pentágono: el bloqueo se intensifica.,2026-04-16,90.0,84.01,0:01:15,23352.0,374.0647,,Noticias breves (geopolítica/actualidad),True
q_LAd7YAgQA,"Escándalo en el Mundial: Racismo, denuncias contra el VAR y furia por parcialidad",2026-07-08,120.0,86.19,0:01:43,18971.0,363.1033,,Otros / Institucional,True
kt8KOWGoTEc,"¿Cuál será la jugada de Trump, en este caso de corrupción sin precedentes?",2026-06-19,108.0,94.39,0:01:41,16956.0,362.8794,,Noticias breves (geopolítica/actualidad),True
3XyUB8of8zA,Crucero aislado por HANTAVIRUS: Crisis sanitaria bajo investigación,2026-05-05,118.0,74.42,0:01:27,26548.0,350.844,,Otros / Institucional,True
O9cZyClnfe8,La dura decisión de no ceder el proyecto ni la bandera dominicana - Dra Kathleen Martínez Ep.3,2024-12-11,304.0,60.44,0:03:03,6712.0,342.5062,,Documental (Kathleen Martínez),False
JMrtB123uYw,Terremoto en Colombia reaviva las alertas,2026-08-10,110.0,88.36,0:01:37,17898.0,338.4038,,Noticias breves (geopolítica/actualidad),True
bTO37XyC3Ko,La guerra invisible del petróleo barcos ocultos y una economía en alerta,2026-08-13,106.0,105.43,0:01:51,15512.0,327.69,,Noticias breves (geopolítica/actualidad),True
JNrGvEJSKCg,Irán desmiente a Trump con relación a los acuerdos nucleares,2026-06-23,92.0,101.32,0:01:33,17518.0,316.2985,,Noticias breves (geopolítica/actualidad),True
OpryEs10RUs,De campeones a sancionados: las consecuencias de la Albiceleste,2026-07-22,96.0,98.08,0:01:34,17558.0,289.4268,,Deportes,True
92oOJrePRJw,El “Súper Niño” amenaza la estabilidad económica regional,2026-05-19,92.0,100.22,0:01:32,18615.0,279.2204,,Otros / Institucional,True
KqIpSIBGdn4,Irán declara ''totalmente abierto'' el estrecho de Ormuz: ¿Fin de la guerra?,2026-04-17,128.0,80.55,0:01:43,13451.0,267.2814,,Noticias breves (geopolítica/actualidad),True
dg17bkcLe90,Trump advierte fuertes bombardeos nocturnos ¿Fracasaron las negociaciones,2026-06-11,82.0,97.46,0:01:19,18240.0,259.1101,,Noticias breves (geopolítica/actualidad),True
kEeDNDPZGdM,Terremotos e inundaciones en Venezuela: la crisis humanitaria sigue en aumento,2026-06-29,86.0,52.91,0:00:45,27874.0,251.6908,,Noticias breves (geopolítica/actualidad),True
7k6AZKDBkj8,Traba nuclear: Las dudas de Trump y el escepticismo de Irán,2026-05-29,85.0,91.06,0:01:17,16915.0,251.1971,,Noticias breves (geopolítica/actualidad),True
-UaQ-9GawPM,10 terremotos en 7 meses la cadena sísmica nos mantiene en alerta,2026-08-12,159.0,98.35,0:02:36,8047.0,237.5638,,Noticias breves (geopolítica/actualidad),True
rf2ZNxBVtRI,Colapso sin precedentes: Spirit Airlines detiene operaciones y deja miles en incertidumbre,2026-05-05,101.0,85.51,0:01:26,16335.0,237.5029,,Otros / Institucional,True
ax6o063nd10,¿Mundial de 64 selecciones?  La propuesta que divide al fútbol,2026-07-13,95.0,90.6,0:01:26,15823.0,237.2535,,Deportes,True
xZBFit01QqI,Trump rechaza defender a Taiwan pero mantiene la relación comercial,2026-05-15,79.0,101.33,0:01:20,16671.0,235.3412,,Noticias breves (geopolítica/actualidad),True
SMbadRW24hM,"Para Irán  ""ni paz, ni guerra""  mientras Trump reactiva las amenazas",2026-06-10,75.0,101.54,0:01:16,16842.0,228.5963,,Noticias breves (geopolítica/actualidad),True
0MT4j6j1Lac,Cadena de suministro de América Latina en riesgo: El Conflicto Panamá-China,2026-04-29,112.0,97.51,0:01:49,12195.0,226.3565,,Noticias breves (geopolítica/actualidad),True
dpYDlHrROGo,La CIA visita Cuba para entregar “ultimatum” diplomático,2026-05-15,95.0,93.72,0:01:29,13579.0,214.0176,,Noticias breves (geopolítica/actualidad),True
7yDbDj9aGZ4,El gobierno de Donald Trump anució cierra total del espacio aéreo venezolano,2025-12-01,44.0,125.5,0:00:55,26982.0,212.7714,,Noticias breves (geopolítica/actualidad),True
YuFvhexloU8,Ni la intervención de Trump evitó la caída de EEUU ante Bélgica,2026-07-07,101.0,78.38,0:01:19,15103.0,211.2288,,Noticias breves (geopolítica/actualidad),True
DFhkhJrRcj4,Alerta: Irán y EE.UU. acercan nuevamente la guerra,2026-05-18,62.0,125.46,0:01:17,16535.0,207.0979,,Noticias breves (geopolítica/actualidad),True
jBD4LHGtpGc,Ataque contra Trump: sistema de seguridad bajo presión,2026-04-27,148.0,82.09,0:02:01,9138.0,194.6415,,Noticias breves (geopolítica/actualidad),True
VVkKppU5sH0,Infraestructura devastada y millones de afectados el costo de la tragedia en Venezuela,2026-06-30,84.0,87.19,0:01:13,15272.0,190.007,,Noticias breves (geopolítica/actualidad),True
6MVG-cYNwWs,¿Puede Colombia cambiar de rumbo político en solo una semana?,2026-05-25,96.0,96.9,0:01:33,11587.0,185.2416,,Noticias breves (geopolítica/actualidad),True
eswczmi1PwY,Tragedia en Venezuela: suben las víctimas y continúan las réplicas,2026-06-26,91.0,86.23,0:01:18,13111.0,183.8882,,Noticias breves (geopolítica/actualidad),True
D-TdNA3lRZ0,¿Cómo se produce Ron Barceló?,2015-11-24,1235.0,33.1,0:06:48,1586.0,180.0825,,Otros / Institucional,False
rpx1xIZ1NE0,Sin vía electoral ¿Ortega abre la puerta a una nueva dictadura en Nicaragua?,2026-07-21,111.0,78.31,0:01:26,10810.0,178.4887,,Noticias breves (geopolítica/actualidad),True
ATzDQ6aEFJE,Escándalo en Venezuela se revela desvío de ayuda humanitaria tras los terremotos,2026-07-06,74.0,102.52,0:01:15,12947.0,178.4311,,Noticias breves (geopolítica/actualidad),True
BjcTkSyO1_M,Seguridad vs. derechos: el costo institucional del modelo Bukele,2026-04-28,82.0,105.3,0:01:26,12706.0,176.331,,Otros / Institucional,True
T3fL_dgX8pw,Las dinastías del poder: controlan la riqueza empresarial en EEUU,2026-07-01,136.0,87.73,0:01:59,8249.0,167.7991,,Noticias breves (geopolítica/actualidad),True
cSQ0-OhINIg,Trump refuerza la “Presión Máxima” contra Irán,2026-05-01,89.0,99.0,0:01:28,10329.0,162.0743,,Noticias breves (geopolítica/actualidad),True
A91dbCv6xAk,EE  UU  acusa formalmente a Raúl Castro por derribo de avionetas en 1996,2026-05-22,84.0,93.96,0:01:18,11682.0,159.0233,,Otros / Institucional,True
nAqZsBrgO6o,EE  UU  alivia sanciones a Irán mientras Israel mantiene la presión militar,2026-06-22,82.0,97.28,0:01:19,10313.0,141.8456,,Noticias breves (geopolítica/actualidad),True
YgjZ1tT2duA,La Entrevista con el Dr. Leonel Fernández,2015-05-26,5359.0,12.33,0:11:00,758.0,139.0909,,Empresarios / Liderazgo,False
q9D-V1yfOrw,Redefiniendo la Historia de Cleopatra: La Visión de Kathleen Martínez,2026-03-12,689.0,39.49,0:04:32,1692.0,127.7173,,Documental (Kathleen Martínez),False
i_GISMuNI8U,¿Por qué es importante el conflicto del Estrecho de Ormuz?,2026-03-20,85.0,90.83,0:01:17,9528.0,126.7584,,Noticias breves (geopolítica/actualidad),True
hYSpNJorCno,El origen de la COVID 19 vuelve al centro del poder en Washington,2026-07-30,145.0,89.34,0:02:09,4852.0,125.5393,,Otros / Institucional,True
oGpKQb27EYM,"Trump juega su propio Mundial: Visas denegadas, interrogatorios y caos logístico en la Copa 2026",2026-06-18,105.0,93.98,0:01:38,7004.0,122.821,,Noticias breves (geopolítica/actualidad),True
sfxcrO6nDr0,Intervención de Trump deja a la Fifa bajo fuego,2026-07-06,87.0,82.03,0:01:11,9106.0,116.5288,,Noticias breves (geopolítica/actualidad),True
LI4BTntJUAw,¿Cleopatra descansa en el Taposiris Magna? - Dra. Kathleen Martínez,2024-12-10,57.0,91.89,0:00:52,11973.0,115.1692,,Documental (Kathleen Martínez),True
cgItzQG1hJs,Conversaciones con el Dr. Enrique Rojas Episode 4 - Mercado Podcast,2024-08-14,1286.0,45.32,0:09:42,707.0,114.4458,,Mercado Podcast,False
le8ByevJtV0,¿Fin de la guerra y la crisis energética?  Ormuz vuelve a abrirse,2026-05-06,103.0,94.59,0:01:37,6361.0,109.6757,,Noticias breves (geopolítica/actualidad),True
SYRpkV0YquE,Liderazgo con Luis Galindo: cómo la Psicología Positiva Transforma Vidas - Mercado Podcast,2024-08-07,4190.0,18.76,0:13:06,490.0,107.0135,,Mercado Podcast,False
Jc7p2sljXzw,Marco Rubio señala la corrupción cubana y ofrece ayuda sin control estatal,2026-05-20,115.0,82.92,0:01:35,5982.0,105.2343,,Noticias breves (geopolítica/actualidad),True
NGbiZM-qQWc,Intento de atentado en Washington obliga a evacuar a Donald Trump durante cena oficial,2026-04-26,36.0,87.53,0:00:31,21975.0,99.4333,,Noticias breves (geopolítica/actualidad),True
sRWNfbpYGLo,"""La Garra""  presidencial: El histórico y millonario festejo de cumpleaños de Trump",2026-06-15,84.0,90.93,0:01:16,7353.0,95.8945,,Noticias breves (geopolítica/actualidad),True
VVhXBxviFjc,ÚLTIMA HORA: Tregua de 60 días entre EEUU e Irán tras hostilidades espera la aprobación de Trump,2026-05-28,70.0,109.99,0:01:16,6835.0,92.7068,,Noticias breves (geopolítica/actualidad),True
GUwm1t9w1Ts,"""La Conquista De Un Sueño"" - Grupo PuntaCana",2019-08-21,618.0,48.62,0:05:00,1108.0,92.471,,Otros / Institucional,False
pdihekua3d4,IMPACTO DE EL NIÑO El fenómeno que va a cambiar el clima del planeta este año,2026-06-03,89.0,94.53,0:01:24,7016.0,90.0013,,Noticias breves (geopolítica/actualidad),True
VZrNfq2_h4U,ICE bajo la lupa: dos muertes más en operativos migratorios,2026-07-14,135.0,91.29,0:02:03,3772.0,89.3303,,Otros / Institucional,True
xekQ0qI2Hmw,El bloqueo naval continúa: la crisis mundial crece,2026-04-15,85.0,96.58,0:01:22,5809.0,87.2662,,Otros / Institucional,True
bF243NHAEzs,"Ana Ibáñez: Tu cerebro no quiere que seas feliz, quiere que sobrevivas",2025-06-03,875.0,41.56,0:06:03,858.0,86.6649,,Otros / Institucional,False
UPHZlxw3q_g,Ultimatum de Trump: Alerta de la economía global,2026-04-06,74.0,88.09,0:01:05,6286.0,84.8249,,Noticias breves (geopolítica/actualidad),True
82oTAq5xD8k,Juan Carlos Escotet (Banesco): No debe cambiar la estrategia si los resultados son satisfactorios,2025-05-28,871.0,34.35,0:04:59,961.0,79.8661,,Empresarios / Liderazgo,False
oT4nPPEX_oA,G7 Bajo presión por el incógnito pacto nuclear,2026-06-16,97.0,94.92,0:01:32,4850.0,79.0956,,Otros / Institucional,True
JQBx9orXtQU,¿Cómo se produce Ron Brugal?,2015-11-27,1519.0,25.49,0:06:27,731.0,78.6232,,Otros / Institucional,False
7iVab2oyQB4,"5,000 soldados a Polonia: jugada geopolítica de Trump",2026-05-22,88.0,95.75,0:01:24,4957.0,69.9664,,Noticias breves (geopolítica/actualidad),True
XqQI2vCgqEM,"Guerra, petróleo e inflación: el nuevo frente económico global.",2026-05-12,103.0,96.9,0:01:39,4326.0,69.4121,,Noticias breves (geopolítica/actualidad),True
rLzZOqYMBEU,Tensión máxima en el Golfo | ACTUALIDAD,2026-04-13,118.0,81.78,0:01:36,3568.0,66.1774,,Otros / Institucional,True
JHe9AzcgYq0,Tensión geopolítica vuelve a escalar: Ormuz el centro del riesgo global,2026-04-20,112.0,95.54,0:01:47,3619.0,64.2417,,Noticias breves (geopolítica/actualidad),True
Snkb0Qeeb6k,Conoce el costo de las boletas del Clasico Mundial 2026,2026-03-13,58.0,100.06,0:00:58,6168.0,62.5368,,Otros / Institucional,True
i8eUpbgfbxU,La clave para equilibrar cabeza y corazón en la vida y el trabajo - Isabel Rojas Estapé,2025-07-04,2321.0,27.98,0:10:49,325.0,58.6348,,Mercado Podcast,False
dAGdLBjfrWU,Lecciones de vida y negocios - Don Pepin Corripio,2026-03-12,770.0,31.91,0:04:05,839.0,57.2699,,Otros / Institucional,False
RoHQXkK0Sjs,Golpe judicial a la guerra comercial de Trump,2026-05-08,89.0,92.92,0:01:22,3837.0,54.9602,,Noticias breves (geopolítica/actualidad),True
vm1HY10py2U,Celebración de Argentina desata polémica internacional,2026-07-16,100.0,82.6,0:01:22,3676.0,53.9546,,Otros / Institucional,True
izHlT-yutXw,US$700 millones: la proyección financiera de The Devil Wear Prada 2,2026-04-21,108.0,75.57,0:01:21,3466.0,53.866,,Otros / Institucional,True
uwYRnem0B1w,República Dominicana derrota a Venezuela en el Clásico Mundial de Béisbol 2026,2026-03-12,50.0,71.24,0:00:35,9064.0,53.6252,,Noticias breves (geopolítica/actualidad),True
Sd5rA8EFEuQ,Sin control del uranio Lo que oculta el documento filtrado entre Trump y Teherán,2026-06-17,92.0,87.93,0:01:20,3295.0,51.3928,,Noticias breves (geopolítica/actualidad),True
0waYhkFY3AM,Orgullo dominicano que convirtió velocidad en millones: Marileidy Paulino,2026-08-06,97.0,81.9,0:01:19,3995.0,51.2725,,Otros / Institucional,True
AxRpqREtrBU,De la CIA al servicio diplomático: Leah F. Campos y sus prioridades en RD,2025-12-17,815.0,28.12,0:03:49,787.0,50.1097,,Otros / Institucional,False
FXyFBdfB9R0,Alineación total de De la Espriella con Trump: Mano de Hierro con el narcotráfico,2026-06-24,114.0,82.53,0:01:34,2715.0,47.604,,Noticias breves (geopolítica/actualidad),True
9bYquk7aXNA,Artemis II: Un paso hacia marte. Todo lo que necesitas saber:,2026-04-01,86.0,85.77,0:01:13,3334.0,47.4376,,Otros / Institucional,True
30O15yTA2_Y,Alerta sanitaria en Estados Unidos por un parásito intestinal,2026-07-15,94.0,97.34,0:01:31,2932.0,45.8178,,Noticias breves (geopolítica/actualidad),True
A2AftDgiCdQ,¿Por qué el Mundial 2026 cambiará el fútbol para siempre?,2026-06-10,83.0,63.7,0:00:52,5705.0,45.5456,,Otros / Institucional,True
pVsh74SZooU,Posibles focos de contagio del HANTAVIRUS están fuera del barco,2026-05-08,121.0,47.51,0:00:57,4421.0,42.4967,,Otros / Institucional,True
pHPkLm_vRU4,Trump y Xi  la reunión que pone a prueba el equilibrio mundial,2026-05-13,101.0,82.95,0:01:23,2809.0,42.185,,Noticias breves (geopolítica/actualidad),True
-lv4vvs0p84,"PANORAMA JETS, una empresa 100 % dominicana que vuela por todo el mundo",2024-01-24,3038.0,15.9,0:08:02,309.0,41.4573,,Otros / Institucional,False
Z70RK6gN8fw,Mercado Octubre - Cover Story: Los Poma,2016-09-21,245.0,53.0,0:02:09,1142.0,41.1884,,Otros / Institucional,False
sFiyV8FOTK4,Cuenta regresiva para Irán: Hasta hoy a las 8:00 P.M.,2026-04-07,71.0,96.51,0:01:08,3176.0,39.0778,,Otros / Institucional,True
DllHnw8bnVw,Megaincendios temperaturas extremas ponen al mundo bajo presión climática,2026-07-28,113.0,80.4,0:01:30,2317.0,37.9051,,Noticias breves (geopolítica/actualidad),True
5I-Eed7HHN4,Planeta en llamas: El impacto letal de la nueva ola de calor global,2026-06-23,92.0,94.26,0:01:26,2533.0,37.8021,,Noticias breves (geopolítica/actualidad),True
hGO4oCxf5ok,Estados Unidos en alerta por caso de ébola,2026-05-19,90.0,74.46,0:01:07,3535.0,37.5587,,Noticias breves (geopolítica/actualidad),True
kPA6kWxdURM,Conversaciones con el Dr. Enrique Rojas Episode 3 - Mercado Podcast,2024-08-12,1082.0,48.2,0:08:41,257.0,37.232,,Mercado Podcast,False
RYPF_t_itV8,Crisis económica global más allá del precio del petroleo.,2026-04-23,121.0,82.5,0:01:39,2026.0,36.1607,,Otros / Institucional,True
MHggLrPp8Aw,Conversaciones con el Dr. Enrique Rojas Episode 2 - Mercado Podcast,2024-08-10,1030.0,46.09,0:07:54,274.0,36.1293,,Mercado Podcast,False
2wxuLC8iVRg,EEUU sale del cierre de Gobierno,2025-11-19,43.0,94.97,0:00:40,5067.0,35.4877,,Noticias breves (geopolítica/actualidad),True
74sBB0YG2Jc,En alerta pero sin pánico: Las Medidas de México ante el Ébola,2026-05-27,91.0,72.45,0:01:05,2865.0,35.3401,,Otros / Institucional,True
msRapL7_blA,"Venezuela, un punto de inflexión para la diplomacia: John M. Barrett asume liderazgo",2026-04-15,90.0,79.55,0:01:11,2562.0,34.383,,Noticias breves (geopolítica/actualidad),True
UJ5dDzga0kk,Escenario extermo: el petróleo podría subar a US$ 200 por la crisis de Irán,2026-03-30,49.0,87.92,0:00:43,4774.0,32.4602,,Noticias breves (geopolítica/actualidad),True
uHAbitEHbU0,"La integridad, parte del ADN de EPSA LABCO:",2022-06-17,307.0,94.44,0:04:49,391.0,31.4911,,Otros / Institucional,False
1ChJcykOei8,Lo que no se mostró de la inauguración del Mundial 2026,2026-06-12,80.0,77.39,0:01:01,2731.0,30.9344,,Otros / Institucional,True
Fml8H-SIeBk,La NASA y Netflix hoy nos llevan a la luna,2026-04-06,103.0,71.07,0:01:13,2276.0,30.4781,,Otros / Institucional,True
T4Qvp2PSA44,¿Se vende el Mundial?  La polémica propuesta que desata una crisis en la FIFA,2026-07-29,95.0,90.27,0:01:25,2204.0,30.4384,,Deportes,True
TguxgdtZEc0,Giro inesperado! La derecha golpea primero y Petro enciende las alarmas,2026-06-01,106.0,84.77,0:01:29,1973.0,29.9344,,Otros / Institucional,True
nx2-dGLpQ9E,Descubriendo la tumba perdida de Cleopatra en Egipto - Dra. Kathleen Martínez,2024-12-11,31.0,80.84,0:00:25,6065.0,27.9322,,Documental (Kathleen Martínez),True
g1aABtQX0G8,Gabriel Escarrer: Qué opina el CEO mundial de Meliá Hotels,2025-03-16,1275.0,29.28,0:06:13,269.0,27.8943,,Deportes,False
LktlNETRdn4,"EE UU  habla de avances, Irán niega una firma inmediata ¿Sigue la Guerra?",2026-05-25,81.0,107.87,0:01:27,1856.0,27.1141,,Noticias breves (geopolítica/actualidad),True
4-VS4a7CUz0,Imposición arancelaria sacude los mercados: RD queda en la línea de impacto,2026-07-24,100.0,92.38,0:01:32,1653.0,27.1076,,Otros / Institucional,True
kUTx0hQYoVk,AZUL: Disruptores de los pagos digitales - Mercado Conversations,2024-07-15,2261.0,7.61,0:02:52,563.0,26.9241,,Empresarios / Liderazgo,False
WX-ncvYcePc,El Psiquiatra como Médico de la Conducta: Dr. Enrique Rojas en el Episodio 1 de Mercado Podcast,2024-08-14,29.0,161.88,0:00:46,4420.0,26.5716,,Mercado Podcast,True
TdBREgFbHBU,¿HANTAVIRUS puede convertirse en pandemia? Esto dice la OMS,2026-05-07,100.0,60.27,0:01:00,2585.0,26.1221,,Otros / Institucional,True
wuYK_s440ZI,Stanley Motta Presidente Copa Holdings en entrevista exclusiva para Revista Mercado,2018-07-12,909.0,25.69,0:03:53,401.0,26.0129,,Empresarios / Liderazgo,False
_x0rvvUHzF0,"Messi, el VAR y “el negocio detrás del mundial 2026¿está en duda la potencia Argentina",2026-07-09,113.0,72.99,0:01:22,1718.0,24.2774,,Deportes,True
oEq1JU5uF7w,Fuego cruzado: Misiles iraníes impactan el aeropuerto de Kuwait en represalia contra Washington,2026-06-03,88.0,120.13,0:01:45,1282.0,24.1906,,Noticias breves (geopolítica/actualidad),True
cQES6g3UisA,Después de 50 años el hombre vuelve a la luna | 2026,2026-03-31,67.0,70.27,0:00:47,3166.0,24.13,,Otros / Institucional,True
boTmugXNnOc,Nuevo objetivo en la NASA: la plataforma hacia marte,2026-04-14,82.0,69.37,0:00:56,2559.0,23.6294,,Otros / Institucional,True
uDqOaRnDb34,Mercado Women's Leadership Summit 2020,2020-10-21,9501.0,1.1,0:01:44,810.0,23.5353,,Empresarios / Liderazgo,False
OFd-SK9f89k,¡Recta final en Colombia! El sorpresivo cambio en las encuestas a días de las elecciones,2026-05-29,110.0,75.56,0:01:23,2178.0,23.4261,,Noticias breves (geopolítica/actualidad),True
63qgOqbyzaU,Aislamiento bancario ¿Cómo afecta a la economía cubana la suspensión de las grandes tarjetas?,2026-06-05,87.0,78.46,0:01:08,1891.0,22.3497,,Noticias breves (geopolítica/actualidad),True
thJuwFopEc8,La importancia del legado familiar en las empresas - Patricia Janiot,2024-09-28,2416.0,23.07,0:09:17,144.0,22.2925,,Otros / Institucional,False
ZOC96X3iY8c,Construyendo sueños: la visión de Vistasol en República Dominicana,2026-05-21,560.0,30.89,0:02:52,448.0,21.5269,,Otros / Institucional,False
ZvBpAfKgJrw,"México, Inglaterra, España y Francia… ¿fuera del Mundial?",2026-07-31,81.0,88.89,0:01:12,1756.0,21.3416,,Otros / Institucional,True
1OHTww1kCNs,30 años de prisión ¿Es suficiente esa condena?,2026-05-05,116.0,73.53,0:01:25,1443.0,21.3176,,Otros / Institucional,True
CsI1TPa2b0c,El costoso regreso de Escobar: Inversión de US$3 millones por episodio,2026-04-29,98.0,76.43,0:01:14,1567.0,21.2967,,Otros / Institucional,True
Ol3-JYN5x3I,Comentarios racistas contra Mbappé desatan una crisis política,2026-07-10,101.0,62.89,0:01:03,1826.0,21.0258,,Otros / Institucional,True
hJ1skNfvxSQ,¿Quién era «El Mencho»? La historia del narco más buscado,2026-02-24,36.0,104.39,0:00:37,3536.0,20.8926,,Otros / Institucional,True
q_ZC3nVmIY4,Importancia del conflicto del Estrecho de Ormuz,2026-03-23,85.0,76.55,0:01:05,1693.0,20.7903,,Noticias breves (geopolítica/actualidad),True
aK_HE1vCQqQ,"LA CASSINA y CASA LUCA, un binomio gastronómico que trasciende modas en RD",2023-08-15,139.0,53.5,0:01:14,989.0,20.4302,,Otros / Institucional,True
GnGIbFkNR2Y,Doblete Sísmico de Venezuela y el Cinturón de Fuego:  Fenómenos Paralelos Sin Nexo Científico,2026-06-25,94.0,114.46,0:01:47,1025.0,19.4758,,Noticias breves (geopolítica/actualidad),True
q1uV5JXjn4k,Discurso del presidente Luis Abinader ante la tensión entre Irán e Israel.,2026-03-24,95.0,62.66,0:00:59,1768.0,19.3648,,Noticias breves (geopolítica/actualidad),True
Cv4WkcLoORI,Canita: Cerveza hecha en RD que triunfa en grande,2024-04-16,664.0,38.55,0:04:15,263.0,18.7013,,Otros / Institucional,False
a9AgUJ5J-r0,Petróleo roza los 120 dólares y las bolsas se desploman por guerra en Oriente Medio,2026-03-12,61.0,73.98,0:00:45,2397.0,18.5623,,Noticias breves (geopolítica/actualidad),True
584c70ZpUJc,Entrevista difícil con Álvaro Uribe - Patricia Janiot,2024-10-16,56.0,74.81,0:00:41,2192.0,18.5235,,Empresarios / Liderazgo,True
85-qksxYXiM,Elecciones de Perú: El conteo más reñido de su historia,2026-06-08,92.0,59.05,0:00:54,2055.0,18.3593,,Otros / Institucional,True
G1blvNGXuXE,Salario Mínimo en Latinoamérica: ¿Es Suficiente para Vivir?,2026-05-01,118.0,77.85,0:01:31,1234.0,18.0727,,Otros / Institucional,True
ID_nUJbLKHs,Descubrimos cimientos del Templo griego anterior a Taposiris Magna – Dra. Kathleen Martínez,2025-01-01,40.0,93.61,0:00:37,2448.0,17.9022,,Documental (Kathleen Martínez),True
7LQtC4u2wH4,"Innovación y 'mindset' digital para crear campañas de éxito, por Yasser Mármol (Liquid)",2024-04-10,1927.0,39.05,0:12:32,85.0,17.765,,Otros / Institucional,False
ovzEiew8uhU,¿Por qué gana el populismo? Albert Rivera lo explica desde dentro de la política,2026-01-15,1338.0,26.21,0:05:50,177.0,17.2314,,Otros / Institucional,False
hYd2-_IVRwk,Nueva alarma sanitaria mundial por Ébola emite hoy la OMS,2026-05-18,92.0,67.34,0:01:01,1638.0,17.0572,,Otros / Institucional,True
s4RNgBWCK3U,"El Catador: 25 años de evolución de mercado, cultura de vino y amistad - Mercado Podcast",2024-07-26,3271.0,13.4,0:07:18,138.0,16.8,,Mercado Podcast,False
AgHgojw8aSg,Messi y Yamal: la increíble historia detrás 19 años 1 final,2026-07-17,84.0,70.92,0:00:59,2004.0,16.7144,,Deportes,True
nXOkxhvy9S0,¿Y si la educación realmente se adaptara a cada niño? | María Fondeur y Yazmín Estrella,2026-05-14,868.0,29.91,0:04:19,231.0,16.6567,,Otros / Institucional,False
4J2NADZF-Gw,Cómo Arajet transformó el precio de volar en RD: la visión de Víctor Pacheco,2026-04-14,687.0,38.89,0:04:27,221.0,16.3997,,Otros / Institucional,False
1fIxLDGNBE0,Isabel Rojas,2025-07-04,71.0,47.09,0:00:33,2490.0,16.3546,,Mercado Podcast,True
Z9znXI7ujOc,Emprendedores dominicanos cuentan sus historias - VISIÓN EMPRENDEDORA 2017,2017-06-30,216.0,50.81,0:01:49,525.0,16.0044,,Otros / Institucional,False
YKENzBmOmdU,"Sismo de 7.5 sacude Japón: más de 170,000 evacuados",2026-04-20,82.0,60.19,0:00:49,1744.0,15.9524,,Otros / Institucional,True
Fekr1-vdgCY,Hecho histórico - Aterrizaje Artemis II,2026-04-13,93.0,63.16,0:00:58,1786.0,15.9029,,Otros / Institucional,True
DtbF-bJgrAU,Documental Mercado Education 2026,2026-05-25,1303.0,18.37,0:03:59,234.0,15.5582,,Otros / Institucional,False
jifjE2pWpPo,"Fútbol, fortuna y visión empresarial inversiones fuera de la cancha",2026-06-29,124.0,76.18,0:01:34,1041.0,15.0441,,Empresarios / Liderazgo,True
WI8Sf7x_iZ4,"Messi y Vozinha dos leyendas, dos formas de hacer historia",2026-06-16,106.0,69.83,0:01:14,1446.0,15.0141,,Deportes,True
NWtf8SeCR8M,Citi proyecta el precio del dólar a RD$66.6 para 2027: ¿Qué significa Esto?,2026-04-30,102.0,67.78,0:01:09,1371.0,14.2215,,Otros / Institucional,True
1zZv3hri7qo,Machado cara a cara con Trump tras la caída de Maduro,2026-01-16,30.0,102.98,0:00:30,2826.0,13.9204,,Noticias breves (geopolítica/actualidad),True
Mr1d-cN2FT4,El camino de más de tres décadas que ha convertido a ODONTODOM en un referente,2023-10-23,2381.0,58.46,0:23:11,36.0,13.9182,,Otros / Institucional,False
0Ca3EqKblFE,La revolución automotriz tiene nuevos protagonistas,2026-07-16,126.0,79.02,0:01:39,925.0,13.9076,,Otros / Institucional,True
VeZ3dOWb_g8,Las acciones que despiertan interés tras lo sucedido en Venezuela,2026-01-13,31.0,109.1,0:00:33,2454.0,13.6467,,Noticias breves (geopolítica/actualidad),True
hLfBxTGikAA,Roberto Stark - Parte 1,2019-06-03,1815.0,28.84,0:08:43,93.0,13.5226,,Otros / Institucional,False
uPf0Z0kdi24,Conversaciones con el Dr. Enrique Rojas Episode 1 - Mercado Podcast,2024-08-08,416.0,54.96,0:03:48,209.0,13.2739,,Mercado Podcast,False
RZnh4vrJEjI,La plataforma que busca transformar las exportaciones dominicanas | RANNIK,2026-05-12,618.0,28.72,0:02:57,258.0,12.72,,Otros / Institucional,False
o8fmfug3UBY,Bad Bunny - Latin Grammy 2025,2025-11-18,78.0,41.56,0:00:32,2237.0,12.5377,,Otros / Institucional,True
xlhu8INYrnc,Cómo Fersan transforma el campo dominicano con ciencia y sostenibilidad,2025-08-28,286.0,41.68,0:01:59,376.0,12.4511,,Otros / Institucional,False
Nrs0YLH06go,Ranking Numbeo 2026 Uruguay lidera la calidad de vida en América Latina,2026-07-02,95.0,68.7,0:01:05,1111.0,12.3254,,Otros / Institucional,True
c5vsKM4mVB0,Cilpen: Cumpliendo con los 17 Objetivos de Desarrollo Sostenible,2022-03-21,306.0,42.78,0:02:10,337.0,12.2529,,Otros / Institucional,False
XZGJAeE6TJg,Tarifa eléctrica en aumento: petróleo y gas presionan los precios,2026-05-07,99.0,62.79,0:01:02,1015.0,12.1654,,Otros / Institucional,True
BBt-DWbHX5s,¿Vale menos una medalla centroamericana que una olímpica?,2026-08-05,111.0,76.83,0:01:25,809.0,12.1587,,Otros / Institucional,True
oysKJ1N4dQg,"Pasajeros aislados pisan tierra, pero aumentan los casos tras evacuación",2026-05-11,100.0,72.23,0:01:12,1036.0,11.9772,,Otros / Institucional,True
LQSEGASv70I,El nuevo símbolo del campeón la FIFA entregará anillos por primera vez en un Mundial,2026-07-18,108.0,47.15,0:00:50,1436.0,11.9284,,Deportes,True
Y57yjkKS9JU,¿Conoces la multimillonaria logística de transporte de la directiva de la FIFA?,2026-06-24,113.0,66.76,0:01:15,1078.0,11.8655,,Deportes,True
Vw6XupyTMN0,"Los países de América Latina que más crecerán en 2026, según las proyecciones del PIB",2026-01-22,45.0,90.85,0:00:40,1895.0,11.8489,,Otros / Institucional,True
ldpMCSOjtn0,¿Cómo es el amor verdadero? Dr. Enrique Rojas en Mercado Podcast,2024-08-20,29.0,113.69,0:00:32,1902.0,11.4301,,Mercado Podcast,True
bqH3-tMv380,¿Por qué República Dominicana lidera el ranking mundial de las mejores playas de lationamérica?,2026-07-08,99.0,67.76,0:01:07,1052.0,11.2716,,Deportes,True
f5MerbkTwjo,Crucero con 1700 personas en cuarentena por brote y fallecimiento a Bordo,2026-05-13,78.0,56.73,0:00:44,1488.0,11.2256,,Otros / Institucional,True
hsBVMUTbhZ4,"Ted Turner, el arquitecto del imperio visual",2026-05-06,103.0,53.33,0:00:54,1056.0,10.8551,,Otros / Institucional,True
Hlvjq9JCyxk,Por qué la empatía es clave en la relación médico-paciente,2023-09-26,356.0,39.62,0:02:21,275.0,10.7732,,Otros / Institucional,False
sjZJ1pxwXzg,Karol G ¿llevará a Bad Bunny a Coachella 2026? Lo que sabemos del festival,2026-04-18,147.0,28.36,0:00:41,4168.0,10.6927,,Otros / Institucional,True
b_CVDgtz2nY,Monorriel de Santo Domingo ¿Como cambiará el tráfico?,2026-03-30,58.0,67.56,0:00:39,1525.0,10.415,,Otros / Institucional,True
7QVih0tWxWQ,Lego Edition: ¿La campaña de marketing deportivo más exitosa de la historia?,2026-04-07,86.0,47.98,0:00:41,1452.0,10.1573,,Otros / Institucional,True
3JzXsll31uE,"Teotihuacán, escenario de tragedia: turismo, seguridad y riesgo en discusión",2026-04-21,87.0,63.53,0:00:55,1080.0,10.1137,,Otros / Institucional,True
oVCtM4Bbmqo,¿Conoces las cinco mejores ciudades para vivir en 2026,2026-07-07,107.0,72.39,0:01:17,877.0,9.9964,,Otros / Institucional,True
wfyCaOjNMrQ,El joven senador con su propia forma de pensar - Omar Fernandez,2024-11-11,536.0,27.69,0:02:28,234.0,9.6488,,Otros / Institucional,False
0EJ_AkUSQNI,Raquel Arbaje: Cómo entiende el poder la primera dama de RD,2025-03-15,1266.0,29.42,0:06:12,92.0,9.5174,,Otros / Institucional,False
WhxSmfv7Hzw,Tupaq: de una idea a una red nacional,2026-08-03,506.0,42.97,0:03:37,155.0,9.3606,,Otros / Institucional,False
WXxnwTp_bCQ,La alianza Velutini-Selman redefine el desarrollo inmobiliario en República Dominicana,2025-10-13,379.0,32.35,0:02:02,272.0,9.2634,,Otros / Institucional,False
JQc7Pz-AT04,Saymon Díaz: Innovación en el Entretenimiento en RD - Mercado Interview,2024-05-17,1669.0,15.84,0:04:24,126.0,9.2503,,Otros / Institucional,False
5-PO8pf492M,DOMINICAN WATCHMAN. Historia de un referente en seguridad,2024-03-27,2532.0,10.74,0:04:31,121.0,9.1399,,Otros / Institucional,False
nr59eb0CgFw,Ráfagas destructiva: El evento que expuso la fragilidad de Santo Domingo,2026-04-14,103.0,58.01,0:00:59,983.0,9.1306,,Otros / Institucional,True
5QzZOipxzNs,Zohran Mamdani - El nuevo alcalde de NY,2025-11-28,88.0,56.43,0:00:49,1250.0,8.9245,,Otros / Institucional,True
asXGSwbEO_o,La admiración es clave: Dr. Enrique Rojas Mercado Podcast,2024-08-18,48.0,101.15,0:00:48,1112.0,8.727,,Mercado Podcast,True
IWPMwEUFa0s,"José Luis Cordeiro: ""¿Te imaginas un mundo sin muerte?""",2022-04-25,282.0,50.46,0:02:22,219.0,8.6556,,Otros / Institucional,False
7ZqlqgxfUp0,Iván Duque: El mundo VICA llegó para quedarse,2025-06-18,2042.0,31.33,0:10:39,48.0,8.5295,,Otros / Institucional,False
mG6V9ifRqQY,"Tercera generación, una misma palabra: liderar respetando el tiempo y el equipo | Alejandro Fondeur",2026-01-19,577.0,31.96,0:03:04,164.0,8.4011,,Otros / Institucional,False
_GHiGwXLAMI,Del crucero a los aeropuertos: Hantavirus amplía el mapa de vigilancia,2026-05-12,96.0,41.88,0:00:40,1160.0,8.2398,,Otros / Institucional,True
duEh_BhYkl0,México lidera el medallero y RD alcanza una marca histórica,2026-07-27,122.0,48.95,0:00:59,861.0,8.2305,,Deportes,True
_uRN3mw5JqM,"""Equilibrio familiar: Clave para el futuro profesional de las mujeres""- Patricia Janiot Ep. 3",2024-11-16,1054.0,52.63,0:09:14,53.0,8.166,,Otros / Institucional,False
eKhk4pR4UBc,¿Cuáles son las nuevas tendencias en la comunicación?,2023-07-12,326.0,39.77,0:02:09,226.0,8.1401,,Otros / Institucional,False
nTHaEn5IKgU,Infantino sigue perdiendo respaldo,2026-08-03,112.0,55.31,0:01:01,716.0,8.0439,,Otros / Institucional,True
LvVCVGRMrWo,¡Empate en los Oscars! solo ha ocurrido en siete ocasiones,2026-03-18,56.0,52.85,0:00:29,1908.0,8.0028,,Otros / Institucional,True
X6KHuqiv1Vk,Roberto Stark   Parte 2,2019-05-30,1317.0,34.07,0:07:28,64.0,7.9766,,Otros / Institucional,False
NPna8njZi4o,Maria Corina Machado - Premio nobel de la paz,2025-12-11,47.0,90.65,0:00:42,1486.0,7.9561,,Otros / Institucional,True
Os9KohyfnJs,Proyectos inmobiliarios que perduran en el tiempo: El legado de Luis Velutini,2024-12-17,382.0,46.42,0:02:57,160.0,7.8816,,Otros / Institucional,False
cV47gtFgzL8,La otra carrera de Marileidy Paulino construir talento después de conquistar el mundo,2026-08-14,100.0,61.6,0:01:01,627.0,7.6842,,Otros / Institucional,True
o-1-3wU2W-4,¿Cómo forjar una marca personal sólida y trascender en el tiempo? - Patricia Janiot Ep. 4,2024-11-21,567.0,26.1,0:02:28,186.0,7.6468,,Otros / Institucional,False
CNOZ_BdcYfo,Un ícono de pasión y perseverancia en el mundo del tabaco - Inspiración en la Industria Tabacalera,2024-06-04,1211.0,39.39,0:07:56,57.0,7.5524,,Otros / Institucional,False
2TXTHeCqKyw,Venezuela hace historia al ganar su primer Clásico Mundial de Béisbol 2026,2026-03-18,49.0,75.01,0:00:36,1418.0,7.4295,,Noticias breves (geopolítica/actualidad),True
oVLCc_rBSNA,Elon Musk - Sobre la Inteligencia Artificial,2025-11-25,51.0,63.89,0:00:32,1537.0,7.3603,,Otros / Institucional,True
U3C7xq4MXkI,Energy Summit 2025 - ONE TO ONE - Celso Marranzini La Deuda Cultural del Sistema Electrico,2025-06-17,1139.0,44.67,0:08:28,52.0,7.3499,,Empresarios / Liderazgo,False
JenpbYq6jTA,Raffaella y Emanuela Delfino - Presidente y VP de Finanzas - Consorcio Remix,2020-12-11,568.0,35.7,0:03:22,130.0,7.3224,,Empresarios / Liderazgo,False
4q-VdPl375o,Bonos de Venezuela se disparan tras giro político,2026-01-09,44.0,88.31,0:00:38,1165.0,7.2833,,Noticias breves (geopolítica/actualidad),True
o-xz75s8ATQ,Jorge Rosas.  Mejores Empresas Para Trabajar 2019.,2019-07-16,4076.0,15.14,0:10:17,42.0,7.1989,,Otros / Institucional,False
FffOV3dcEm8,¿Sabías este dato acerca de Los Leones del Escogido?,2026-01-30,49.0,84.08,0:00:41,1176.0,7.0588,,Otros / Institucional,True
2LeA0vrSaKY,Europa dividida la batalla por el control de sus fronteras,2026-08-04,102.0,106.77,0:01:48,367.0,6.9891,,Otros / Institucional,True
_6V00DZkuwk,Elon Musk asegura que su robot cambiará el mundo,2025-10-27,34.0,68.6,0:00:23,1962.0,6.8404,,Otros / Institucional,True
D23gDYzOV1w,Mercedes Ramos: una serena sirena al mando de Grupo Ramos,2021-10-20,353.0,34.74,0:02:02,199.0,6.7786,,Empresarios / Liderazgo,False
WfwEqI5IbXY,Ranking de los terremotos más poderosos de la República Dominicana,2026-02-19,36.0,104.77,0:00:37,1117.0,6.7445,,Noticias breves (geopolítica/actualidad),True
T6JWdWunkfo,Ley de Tabaco y Vapeo en Reino Unido: ¿El fin de una industria millonaria?,2026-04-22,98.0,47.39,0:00:46,902.0,6.7359,,Otros / Institucional,True
nvV-H7Drnog,ZOEMAR: El éxito en el sector inmobiliario de RD basado en el trato al cliente,2024-08-06,527.0,33.43,0:02:56,136.0,6.656,,Otros / Institucional,False
le9sshni5Z4,"Cómo el liderazgo, la innovación y la constancia impulsan el éxito empresarial | José Ernesto Abud",2025-10-15,409.0,24.32,0:01:39,240.0,6.6304,,Empresarios / Liderazgo,False
t1cjEnSdWJE,Cuando un milímetro cambia una vida: la precisión detrás de la cirugía robótica | Rene Sotelo,2025-12-19,560.0,20.57,0:01:55,204.0,6.5266,,Otros / Institucional,False
eAW8WeVG6KM,"Cómo la INTELIGENCIA ARTIFICIAL está cambiando a periodistas y medios, por Miguel Ángel Ordóñez",2023-08-31,296.0,37.68,0:01:51,209.0,6.4747,,Otros / Institucional,False
Cow9vbg4XVc,TOP 10 de las universidades del mundo,2026-07-03,92.0,54.45,0:00:50,921.0,6.4598,,Otros / Institucional,True
0YDyY25w5Ow,Conoce los premios del Clásico Mundial,2026-03-18,52.0,64.54,0:00:33,1117.0,6.4222,,Deportes,True
fZrUGY0I2qg,TECH SUMMIT 2025 Conferencia ¿Cómo Reinventarte en un Mundo Cada Vez Más Digital?,2025-04-12,2855.0,19.63,0:09:20,41.0,6.3832,,Empresarios / Liderazgo,False
ps7HR_pMVMw,Casa Fiori: el lujo de lo hecho a mano en República Dominicana,2025-08-15,479.0,31.18,0:02:29,152.0,6.3062,,Otros / Institucional,False
phdvPExQSJk,El contenido de tu móvil te puede impedir el ingreo a Estados Unidos,2026-02-03,45.0,72.54,0:00:32,1144.0,6.2672,,Noticias breves (geopolítica/actualidad),True
dDFgiIuZIjs,Bad Bunny recibe distinción institucional,2026-02-16,68.0,40.41,0:00:27,1367.0,6.2396,,Otros / Institucional,True
NNUZzB-88LM,Entrevista exclusiva a Antonio y Agustín Lama - 40 under 40,2018-11-14,183.0,50.99,0:01:33,239.0,6.1943,,Empresarios / Liderazgo,False
FlFwafyREag,Entrevista a Félix García Presidente de Afconagro,2018-07-20,701.0,33.07,0:03:51,96.0,6.1826,,Empresarios / Liderazgo,False
5NIC2lEpA7M,Santo Domingo 2026 RD vuelve al centro del deporte regional,2026-07-24,115.0,39.46,0:00:45,797.0,6.099,,Otros / Institucional,True
tMSpk_EWV4o,La República Dominicana consolida su liderazgo turístico en el Caribe,2025-12-02,44.0,67.58,0:00:29,1407.0,5.9844,,Empresarios / Liderazgo,True
g6aACCmV2xY,Bad Bunny impulsa el turismo en RD,2025-11-26,40.0,62.86,0:00:25,1836.0,5.9594,,Otros / Institucional,True
8WwnRyZSmWc,Arquitectura pro-sísmica: lecciones de Chile para República Dominicana | Cristian Wittig,2025-09-22,760.0,20.75,0:02:37,136.0,5.9581,,Otros / Institucional,False
N6xFa36DhIk,"Ciberseguridad, IA y empleos de futuro, por Harry Peralta (HarPer)",2024-02-22,645.0,26.58,0:02:51,125.0,5.952,,Otros / Institucional,False
xbqayoE_HUQ,El iPhone 18 Fold ya se deja ver: así sería el primer plegable de Apple,2026-04-10,65.0,43.16,0:00:28,1428.0,5.9096,,Otros / Institucional,True
RIblULzEgsM,Ranking de las monedas más fuertes de América Latina,2026-07-06,73.0,66.07,0:00:48,862.0,5.8508,,Otros / Institucional,True
vbW48GYiyQE,Conoce los 20 billonarios mas ricos de latinoamerica,2026-01-08,47.0,71.33,0:00:33,1129.0,5.8008,,Otros / Institucional,True
SqmCij63v5A,El país sigue bajo alerta meteorológica,2026-04-16,79.0,50.36,0:00:39,951.0,5.6615,,Otros / Institucional,True
x_cTrE1NQnA,"Entrevista exclusiva con Ligia Bonetti, presidente Grupo SID",2018-03-23,521.0,23.47,0:02:02,164.0,5.5709,,Empresarios / Liderazgo,False
vpH8Pb58KaU,David Collado: transformando la ciudad con un equipo joven.,2019-11-15,809.0,17.51,0:02:21,139.0,5.4694,,Otros / Institucional,False
LFPxZt5q1Bg,"Vivian Acra de Marsh McLennan, una trayectoria inspiradora en los seguros",2023-12-27,2408.0,14.81,0:05:56,55.0,5.4487,,Empresarios / Liderazgo,False
zh0UZkelLk8,Mejores Empresas Para Trabajar en RD 2021,2021-07-21,10006.0,6.85,0:11:25,28.0,5.3283,,Otros / Institucional,False
ss9l63wFing,"Hermanos Bonarelli: El secreto de ""El Catador"" detrás de 500 millones de copas",2024-05-29,330.0,38.92,0:02:08,149.0,5.3152,,Otros / Institucional,False
9JkcqtBKizk,"Hidrobombeo, solar y eólica: el plan que transformará la matriz energética dominicana - EGEHID",2025-07-17,509.0,32.3,0:02:44,116.0,5.2982,,Otros / Institucional,False
NEnjCyjexjc,El Catador y la revolución del vino con legado en Dominicana | Gonzalo Entrecanales,2025-06-27,568.0,19.65,0:01:51,170.0,5.271,,Otros / Institucional,False
oun4nc5N_44,Medidas que salvarán la economía dominicana en 2026 y entran en vigencia ¡HOY!,2026-05-01,78.0,49.47,0:00:38,1026.0,5.2476,,Otros / Institucional,True
FJHkPZJo4Kc,Emergencia Climática en República Dominicana,2026-04-14,70.0,59.94,0:00:41,805.0,5.131,,Otros / Institucional,True
7QDWpxoJYRo,Homenaje a Fernandito Rainieri - Definición de un Superhéroe,2018-11-13,523.0,45.8,0:03:59,77.0,5.1239,,Otros / Institucional,False
dcOyxwumCTs,La embajadora de EE. UU. en RD impulsa una agenda común de progreso y bienestar,2025-12-17,63.0,43.04,0:00:27,1125.0,4.9404,,Otros / Institucional,True
4b2XFyVD1hU,GLP 1  - Impacto económico de los nuevos hábitos de consumo,2026-05-07,100.0,63.19,0:01:03,502.0,4.8974,,Otros / Institucional,True
w7_RUNOv4Eg,Confirmado: SpaceX apunta a salir a bolsa en 2026 y esto es lo que cambia para los inversionistas,2025-12-16,39.0,71.4,0:00:27,1184.0,4.8758,,Otros / Institucional,True
j8y0apk9WEE,¿Cómo formar estudiantes para un mundo que todavía no existe? | Saint Joseph School,2026-05-14,519.0,23.58,0:02:02,143.0,4.8613,,Otros / Institucional,False
BpPLhcdmhoA,"Innovación legal y digital, por Luis Miguel Pereyra",2024-02-06,725.0,23.86,0:02:52,101.0,4.853,,Otros / Institucional,False
dGSJD0w1dZ8,"Dr. Rubén Peralta, un gigante de la diáspora dominicana",2022-12-30,468.0,34.48,0:02:41,108.0,4.841,,Otros / Institucional,False
YR3Ymk8Z4ZI,Tiendas Garrido: Apertura y expansión para dinamización de la economía,2021-05-24,295.0,37.45,0:01:50,157.0,4.8175,,Otros / Institucional,False
UBDGk785D7U,Victoria Holtz: El mindset que ya no sirve y cómo reemplazarlo con IA,2025-07-04,514.0,25.53,0:02:11,132.0,4.8102,,Otros / Institucional,False
zNK2yG4jMzo,Transformando el Agua: El Plan de Saneamiento del Ing. Wellington Arnaud para RD,2026-03-22,906.0,19.87,0:03:00,96.0,4.8002,,Otros / Institucional,False
xvK9VqlIKqw,De la adversidad al éxito - La inspiradora historia de Indira Marielis Ramos y Hair Plus,2025-01-07,335.0,41.14,0:02:17,125.0,4.7855,,Otros / Institucional,False
4XbCuBmtGTY,"Banco Santa Cruz: Crecimiento, Trascendencia y Valor para RD | Entrevista con Fausto Pimentel",2025-03-18,329.0,31.48,0:01:43,167.0,4.7772,,Empresarios / Liderazgo,False
gvI0MoULq4I,"Grupo Piñero a 50 años: innovación, expansión y propósito con Encarna Piñero",2025-03-24,1507.0,18.57,0:04:39,61.0,4.7408,,Otros / Institucional,False
bjktvQCGT4c,Revolución bancaria digital: QIK el primer neobanco 100% digital del país,2025-09-04,356.0,18.91,0:01:07,249.0,4.6573,,Otros / Institucional,False
m0cPcOEQXPQ,Liderazgo e innovación para destacar en un mundo competitivo | Ramón Andrés Brenes,2025-11-11,208.0,34.96,0:01:12,229.0,4.6262,,Empresarios / Liderazgo,False
7WX3Z3L3f6E,Cómo transformar el mercado de valores dominicano con innovación y credibilidad,2025-08-16,258.0,34.14,0:01:28,189.0,4.6241,,Otros / Institucional,False
EKWQohPfcUY,Electrolinera  Carga Ultra Rápida para Vehículos Eléctricos,2025-03-04,40.0,79.87,0:00:31,710.0,4.6074,,Otros / Institucional,True
hDtoZFS37t4,"""Siempre he buscado confrontar a los poderosos con la verdad"" - Patricia Janiot Ep. 01",2024-10-10,573.0,36.18,0:03:27,80.0,4.6066,,Otros / Institucional,False
BdIhvMO0Vwg,Red de interferencia y sabotaje chino contra EE  UU en investigación,2026-05-26,97.0,76.14,0:01:13,460.0,4.601,,Otros / Institucional,True
QE0o4D92OhE,Louvre pierde joyas por 50 millones en robo histórico,2025-10-29,41.0,66.55,0:00:27,1731.0,4.5929,,Otros / Institucional,True
3AKYB0OhAf8,De perder su empleo a crear uno de los talleres más grandes de República Dominicana,2026-07-27,707.0,24.56,0:02:53,93.0,4.4862,,Otros / Institucional,False
KbaFnLylfWI,"De Haití a RD: migrar, invertir y crear comunidad en el boom inmobiliario",2025-11-14,401.0,25.36,0:01:41,158.0,4.4627,,Otros / Institucional,False
Z4YTZjrKnyI,¿Por qué República Dominicana será la próxima potencia logística?  | Grupo Rannik,2025-05-06,452.0,37.25,0:02:48,94.0,4.3958,,Otros / Institucional,False
R1sl142VpI8,"Motorsport, Q5 y más: lo que viene para Audi en República Dominicana",2026-06-12,408.0,31.51,0:02:08,122.0,4.3563,,Otros / Institucional,False
mb3TkRrFYY4,Cómo la ubicación de RD la convierte en clave para el comercio mundial,2026-05-25,614.0,19.07,0:01:57,133.0,4.3258,,Otros / Institucional,False
I5J6BieJrUo,"El liderazgo en seguros que pone a las personas al centro, con innovación y sostenibilidad",2025-12-16,444.0,31.3,0:02:18,110.0,4.2459,,Empresarios / Liderazgo,False
_CXeuGcckuk,DP World: El Impacto de las Zonas Francas en el Crecimiento Económico de República Dominicana,2024-09-02,321.0,41.72,0:02:13,114.0,4.2406,,Empresarios / Liderazgo,False
se-vIfaDEBc,Shakira y Burna Boy encienden la inauguración del Mundial 2026,2026-06-11,90.0,69.35,0:01:02,641.0,4.1817,,Otros / Institucional,True
5nOC7hC0MMI,Inclusión femenina: las barreras que frenan a las mujeres en el liderazgo - Jaime Ozores Ep.03,2024-10-03,750.0,58.97,0:07:22,34.0,4.1771,,Empresarios / Liderazgo,False
84rLRdQR8u8,Abraham Hazoury - Power Talks,2020-09-15,981.0,16.56,0:02:42,91.0,4.1062,,Otros / Institucional,False
XNikUz6UlXA,¿En qué ciudades se puede construir una carrera profesional sin sacrificar la calidad de vida?,2026-07-13,85.0,59.16,0:00:50,533.0,4.0789,,Otros / Institucional,True
RCYJhNVo_Sc,Explota vehículo en el Distrito Financiero en Nueva York,2026-05-20,37.0,86.35,0:00:31,814.0,4.0735,,Otros / Institucional,True
1NJiL00mtVs,¿Cómo Conquista Dave and Busters al Mundo del Entretenimiento?,2026-05-14,435.0,35.1,0:02:32,96.0,4.0718,,Otros / Institucional,False
r8tFd1Yr15I,Mauricio De Vengoechea - Mercado Interview,2020-07-27,1621.0,26.68,0:07:12,33.0,3.9639,,Otros / Institucional,False
J2zkeCxYmR0,RD apuesta por una industria verde y competitiva que trascienda fronteras,2025-09-05,487.0,13.77,0:01:07,206.0,3.8361,,Otros / Institucional,False
7ZnzJyAxIxc,La biometría lo cambia todo: así se combate el fraude hoy | Jesús Aragon,2026-05-05,655.0,25.6,0:02:47,82.0,3.8197,,Otros / Institucional,False
6Y9EoLjmzAE,Zara rompe con su historia en España y toma una decisión sin precedentes,2026-01-19,31.0,71.77,0:00:22,1044.0,3.7629,,Otros / Institucional,True
fQbpfI0sLOU,Precios más bajos para medicamentos:  acuerdo que beneficia a millones,2026-04-24,101.0,48.28,0:00:48,536.0,3.7601,,Otros / Institucional,True
l8wqzRHODAU,El triunfo de De la Espriella: rompe el mapa político de Sudamérica,2026-06-22,87.0,65.96,0:00:57,494.0,3.7574,,Otros / Institucional,True
hzaN7oUNxqs,Cómo los Family Office aseguran la continuidad generacional | Raul Hoyo y María Redondo,2025-10-09,369.0,34.48,0:02:07,103.0,3.6406,,Otros / Institucional,False
BGOxWAAPaaM,Transferencia de Tecnología  ¡El Secreto del Éxito Empresarial! 🚀,2025-10-21,26.0,81.04,0:00:21,1880.0,3.6143,,Empresarios / Liderazgo,True
8f20RMEEj_Q,Rafaela Delfino,2019-06-03,559.0,25.82,0:02:24,90.0,3.6087,,Otros / Institucional,False
LZTMVky26Do,"Asofidom, figura del fideicomiso esencial para el crecimiento de RD",2021-12-29,322.0,58.43,0:03:08,69.0,3.606,,Otros / Institucional,False
lgGWXn0gFbI,"Hecho en RD, pensado para el mundo: la visión de Cervecería Punta Cana",2025-04-25,329.0,26.75,0:01:28,147.0,3.5936,,Otros / Institucional,False
emLsSMS-ehg,Descubrimientos Arqueológicos en el Templo de Isis  – Dra. Kathleen Martínez,2024-12-13,53.0,80.77,0:00:42,452.0,3.5838,,Documental (Kathleen Martínez),True
F_T9uYmDoZk,Reconocimiento: Un aspecto a mejorar en la cultura latina - Jaime Ozores Ep. 4,2024-10-08,520.0,51.68,0:04:28,48.0,3.5833,,Otros / Institucional,False
Hv5exgBCiQc,Banco Mundial prevé crecimiento de 4.5 % para RD en 2026,2026-01-15,38.0,60.24,0:00:22,1121.0,3.5824,,Otros / Institucional,True
2l9GH7w36OE,El Ambicioso Plan de Crecimiento de Grupo Ramos: Una Mirada al Fideicomiso Público | Iván Mejía,2026-04-24,272.0,32.52,0:01:28,145.0,3.5632,,Empresarios / Liderazgo,False
696Khn5vcoI,"36 años, inversión y energía limpia: el impacto de Armando Rodríguez en Seabord",2026-06-12,540.0,20.0,0:01:47,118.0,3.5394,,Otros / Institucional,False
GiKjvdEzuDo,Empresas internacionales en busca de talento dominicano: Jaime Ozores Ep. 01,2024-10-03,829.0,44.59,0:06:09,34.0,3.4913,,Otros / Institucional,False
AmaiZMaJ8W8,Edward Veras: transformando el sector eléctrico dominicano,2026-06-12,497.0,25.72,0:02:07,98.0,3.4803,,Otros / Institucional,False
4olBAVxb9xY,Roberto Ángel Salcedo presenta un nuevo modelo de gestión cultural Dominicana,2025-08-15,527.0,24.17,0:02:07,98.0,3.4668,,Otros / Institucional,False
eNTImZSfsTo,Promipyme: Líder en Microcréditos y Desarrollo Empresarial de las MIPYMES en RD,2024-06-14,325.0,56.79,0:03:04,66.0,3.384,,Empresarios / Liderazgo,False
FIAsl90v-Og,Juan Suárez - Co- fundador y Director Creativo Aristocrazy,2019-11-11,328.0,33.48,0:01:49,110.0,3.3555,,Empresarios / Liderazgo,False
NOIX-1_YAs8,¿En que país es más barato comprar un Iphone?,2026-01-19,36.0,48.94,0:00:17,1278.0,3.3458,,Otros / Institucional,True
ZiP1hviEGNo,Gabriel Escarrer: Qué opina el CEO mundial de Meliá Hotels,2025-03-16,67.0,68.67,0:00:46,343.0,3.2998,,Deportes,True
SGgqS5ED5cc,Derecho en la era digital: ¿Cómo regular la Inteligencia Artificial (IA)? - Javier Cremades,2024-10-03,689.0,40.67,0:04:40,42.0,3.2694,,Otros / Institucional,False
pBxKpU3IsHs,Raúl Rizek: Oportunidades y futuro del sector construcción en República Dominicana,2025-09-30,278.0,35.98,0:01:40,117.0,3.251,,Otros / Institucional,False
xZQleaPN87o,El Catador - Innovación en Gestión Humana y crecimiento profesional en el sector de vinos,2024-08-08,296.0,46.93,0:02:18,82.0,3.1639,,Otros / Institucional,False
dosx_Ww4drI,La adicción a las redes sociales ya tiene culpables: corte en EEUU  condena a Meta y Google,2026-03-26,84.0,64.05,0:00:53,300.0,3.1631,,Noticias breves (geopolítica/actualidad),True
Tz28g-8vD1I,¿Cómo la EGEHID está transformando la energía y el desarrollo de República Dominicana?,2026-07-15,557.0,21.51,0:01:59,95.0,3.1617,,Otros / Institucional,False
W3aWou4xW4w,Seaboard y Energías Renovables: Un Futuro Sostenible y próspero para República Dominicana,2024-05-21,407.0,31.17,0:02:06,89.0,3.1367,,Otros / Institucional,False
wqTNEOMv1cc,"Albert Rivera analiza el auge del populismo, la geopolítica y el rol de la moderación",2026-01-15,65.0,40.97,0:00:26,877.0,3.1282,,Noticias breves (geopolítica/actualidad),True
OeylhBQUrI8,Superando desafíos en Egipto - Dra. Kathleen Martínez,2024-12-09,26.0,1648.04,0:07:08,42.0,3.0973,,Documental (Kathleen Martínez),True
knS8X573Dqo,Panel inspirador sobre empresas familiares en el sector automotriz dominicano: Family Values 2024,2024-10-01,3222.0,26.02,0:13:58,13.0,3.0269,,Empresarios / Liderazgo,False
BhRRAYecaYk,40 Under Forty Role Model: Eduardo Cruz,2014-11-12,733.0,41.18,0:05:01,36.0,3.0182,,Otros / Institucional,False
dd6LBdS-4zE,Diseño Pro Sísmico Chileno Oportunidad Estratégica para Transformar la Cultura Constructiva de RD,2025-10-07,3638.0,9.82,0:05:57,30.0,2.9784,,Otros / Institucional,False
32lm95JfXJY,MediTalk Summit 2024 - Salud con Vision de Futuro,2024-06-05,10472.0,2.01,0:03:29,51.0,2.9746,,Empresarios / Liderazgo,False
0Di80sZnqZM,Más allá de las tarjetas: así evoluciona el negocio financiero | GUSTAVO TURQUIA,2026-05-05,640.0,23.82,0:02:32,70.0,2.9645,,Otros / Institucional,False
cU7fc_d36cY,Fernando Viyella vicepresidente - FERSAN,2025-09-02,39.0,37.79,0:00:14,1782.0,2.9469,,Empresarios / Liderazgo,True
UnVomGHUM50,"Formalidad laboral, IA y juventud: el gran reto del empleo en RD",2026-07-06,1304.0,14.74,0:03:12,55.0,2.9365,,Otros / Institucional,False
j7YCywlMdAM,Cómo la inteligencia artificial puede transformar a República Dominicana,2025-10-08,248.0,22.65,0:00:56,186.0,2.9025,,Otros / Institucional,False
VfgjC2GiVL8,10 Destinos imprescindibles para armar tus próximas vacaciones V03,2026-07-13,98.0,49.3,0:00:48,383.0,2.8922,,Otros / Institucional,True
BPzJyKQmZ-w,Alanube: La solución líder en facturación electrónica,2022-04-01,199.0,52.61,0:01:44,99.0,2.8793,,Empresarios / Liderazgo,False
JHUtsVIUum0,"Melba Segura de Grullón, presidenta de Fundación Sur Futuro: Un futuro desde el sur",2022-04-07,238.0,30.62,0:01:12,142.0,2.8745,,Otros / Institucional,False
2nj2WP0jl40,Neurocirugía endovascular: Trayectoria y desafíos del Dr. Juan Isidro Ramirez,2024-07-12,446.0,38.6,0:02:52,60.0,2.8692,,Otros / Institucional,False
XsWgFsnSlTU,Ocean Fresh: Producción de pescado fresco en RD en menos de 24 horas,2025-09-11,161.0,36.42,0:00:58,176.0,2.8669,,Otros / Institucional,True
3mjXKmEUY6c,Women's Leadership Summit 2021,2021-04-29,12181.0,5.29,0:10:44,16.0,2.8662,,Empresarios / Liderazgo,False
J-DuD8zx9NI,Mercado Family Values 2023 - Evento completo,2023-12-07,8600.0,5.96,0:08:32,20.0,2.8486,,Empresarios / Liderazgo,False
GJeGxjPYvpQ,Transformar el campo para competir en el mundo | Joaquín González,2025-08-28,439.0,23.61,0:01:43,98.0,2.8219,,Otros / Institucional,False
mnhqkp9nGRo,"DP World, rompiendo paradigmas como ecosistema logístico",2021-12-09,446.0,36.69,0:02:43,62.0,2.818,,Otros / Institucional,False
MeaiDjz9VS8,La nueva era gastronómica de Santo Domingo,2026-07-15,94.0,61.19,0:00:57,409.0,2.8116,,Otros / Institucional,True
adyQZaTxkKw,De un PowerPoint a más de 1.2 millones de usuarios: la fintech que cambió las reglas en RD,2025-09-23,470.0,22.82,0:01:47,94.0,2.8003,,Otros / Institucional,False
pBMuudRtOSY,Nueva Torre Alpha - Luis Velutini,2024-12-25,50.0,166.23,0:01:23,172.0,2.7553,,Otros / Institucional,True
YWbd65vJlBY,La primera electrolinera para vehículos eléctricos en Latinoamérica y el Caribe,2024-05-22,585.0,40.36,0:03:56,42.0,2.7544,,Otros / Institucional,False
LRK5bhQeTCU,La importancia de los MERCADOS FINANCIEROS para las economías,2023-08-24,394.0,30.15,0:01:58,83.0,2.7387,,Otros / Institucional,False
cSmtd0VQLkw,"RESTART: El método para avanzar, solucionar y trascender – Ney Díaz",2025-03-20,404.0,38.58,0:02:35,63.0,2.7274,,Otros / Institucional,False
mfHuUtj5wWI,Anécdotas de periodismo en zonas de conflicto - Patricia Janiot Ep.2,2024-11-15,382.0,45.68,0:02:54,56.0,2.7146,,Otros / Institucional,False
wt6SKByBRYk,Tres generaciones construyendo una visión educativa en RD | IES University,2026-05-14,599.0,16.7,0:01:40,97.0,2.6959,,Otros / Institucional,False
OXf4Txly1JY,Grupo Noah: La importancia de la innovación en la Gastronomía de República Dominicana,2024-09-02,245.0,49.49,0:02:01,80.0,2.6946,,Otros / Institucional,False
7oaHk95tEK8,La Clave de la Ética y Empatía en la Medicina ¡Imprescindible!,2025-10-21,35.0,44.58,0:00:15,1661.0,2.682,,Otros / Institucional,True
9l0ZdInpWNc,La visión galáctica en los negocios de Manuel Corripio,2017-11-27,1945.0,11.0,0:03:33,45.0,2.6744,,Otros / Institucional,False
8_PAB6dxWoU,"Valores, pilares de la cultura organizacional y continuidad empresarial - Jaime Ozores",2024-09-27,2868.0,15.93,0:07:36,21.0,2.665,,Empresarios / Liderazgo,False
Zeo-ZI87StM,¡Crisis Climática! Reduciendo la Huella de Carbono  Oportunidades,2025-10-27,40.0,36.41,0:00:14,1764.0,2.6544,,Noticias breves (geopolítica/actualidad),True
g-PfJ4XEJqA,¿Por qué RD duplicó su demanda de energía en 5 años?,2026-07-16,40.0,52.83,0:00:21,855.0,2.6495,,Otros / Institucional,True
pQx8ChmtKZQ,¿Cómo Transformar las Finanzas en Tiempos de Cambio? | Adriano Martínez de Banco Caribe,2026-03-10,316.0,29.19,0:01:32,103.0,2.6392,,Otros / Institucional,False
SInY3vl9lIw,Empresas conocidas que se declararon en quiebra 2025: los casos más importantes,2026-01-24,41.0,60.35,0:00:24,792.0,2.5999,,Otros / Institucional,True
s9LTXLKRvGY,"Dionisio Gutiérrez, presidente de la Fundación Libertad y Desarrollo",2021-10-01,489.0,25.43,0:02:04,74.0,2.5561,,Empresarios / Liderazgo,False
ASQJXwU67cw,Ligia Bonetti - Presidente Grupo SID,2019-11-18,520.0,22.63,0:01:57,78.0,2.5494,,Empresarios / Liderazgo,False
N7-jOI-UdaY,Claves de éxito en crecimiento empresarial de MUSA,2026-07-27,30.0,101.93,0:00:30,619.0,2.5164,,Empresarios / Liderazgo,True
H1kXGLWcr6k,La nueva era del turismo médico en RD | Yissell Rosado,2026-07-08,566.0,18.77,0:01:46,85.0,2.5087,,Otros / Institucional,False
pme4CIm4nrE,Super Bowl 2026: los comerciales que dominaron la conversación antes del partido,2026-02-17,47.0,53.3,0:00:25,767.0,2.5033,,Otros / Institucional,True
5r9MXoepCLk,"AUTOZAMA, en la TENDENCIA ECOLÓGICA del sector AUTOMOTRIZ",2023-07-27,290.0,25.76,0:01:14,120.0,2.4901,,Otros / Institucional,False
rJhTQQ_5IqA,Conoce la cultura empresarial que está marcando la diferencia en el Caribe | Jenny González,2026-07-06,801.0,20.24,0:02:42,55.0,2.4772,,Empresarios / Liderazgo,False
k3wSzxSS1y0,Cómo el factoring está cambiando el acceso al financiamiento para las pymes en RD | Yean Castaing,2026-01-21,297.0,30.3,0:01:29,98.0,2.4496,,Otros / Institucional,False
EoCFe4vHD9Y,Fenómenos anómalos: la desclasificación que reabre el debate global,2026-05-11,123.0,49.47,0:01:00,280.0,2.4435,,Otros / Institucional,True
54mg_MRm-qs,Cómo SURA redefine el modelo de salud con enfoque holístico y personalizado,2025-10-28,277.0,25.2,0:01:09,126.0,2.4431,,Otros / Institucional,False
jllQTQc-Qls,El impacto del Marxismo en la propiedad privada china - Hernando de Soto,2024-10-26,37.0,90.43,0:00:33,389.0,2.4206,,Otros / Institucional,True
wriBKUu4vP8,Construction Summit Norte 2025 - Aliados Estratégicos para la Construcción República Dominicana,2025-10-07,1539.0,18.12,0:04:38,31.0,2.4015,,Empresarios / Liderazgo,False
9rujHbbJ1WU,Ferretería Detallista: el camino a los 3 millones de blocks mensuales,2022-10-27,360.0,37.15,0:02:13,63.0,2.3405,,Otros / Institucional,False
b7vzBMkY89I,José Ivan Melo Pimentel (MELCON): Añadiendo valor agregado a cada proyecto,2022-06-24,296.0,41.81,0:02:03,68.0,2.3377,,Otros / Institucional,False
fQO80RLWT6A,El Catador   ¿Quién compra el vino en República Dominicana,2024-07-28,60.0,88.02,0:00:52,252.0,2.3237,,Otros / Institucional,True
j99dz99D_iA,Dr. Oscar Hasbun CEO Amerident Grupo Odontológico: Innovación en Salud y Bienestar,2024-07-25,322.0,48.1,0:02:34,54.0,2.3233,,Empresarios / Liderazgo,False
da7_nXU3kR8,Juan de Antonio - Fundador de Cabify,2019-11-11,512.0,36.12,0:03:04,45.0,2.3118,,Empresarios / Liderazgo,False
C3aEO8FO7ss,Luís Concepción - Mercado Interview,2020-04-27,1293.0,33.05,0:07:07,19.0,2.2556,,Otros / Institucional,False
1lDtwGlq5DY,"Petroquim. Una historia de valor agregado, emprendimiento y adaptabilidad",2024-01-26,2475.0,4.82,0:01:59,68.0,2.2552,,Otros / Institucional,False
Zq_s_kdCuss,Cómo mantener equipos motivados en entornos híbridos y asincrónicos,2026-07-06,595.0,25.74,0:02:33,53.0,2.2551,,Otros / Institucional,False
2BQVMXLv7cY,Semana Dominicana en España consolida al país como destino líder de inversión,2025-09-30,329.0,26.17,0:01:26,93.0,2.2242,,Empresarios / Liderazgo,False
0iHpPSJyjPk,Noval Properties. Proyectos inmobiliarios de alto calibre,2024-01-29,564.0,26.75,0:02:30,53.0,2.2215,,Otros / Institucional,False
AVFsmtp5GDg,La Nacional es sinónimo de confort y garantía,2015-04-15,295.0,32.24,0:01:35,84.0,2.2192,,Otros / Institucional,False
LnMsVaU4hCU,EQUIFAX: Innovación en la industria de crédito de RD,2023-04-26,265.0,36.62,0:01:37,82.0,2.2104,,Otros / Institucional,False
9SDErWn3aWM,Grupo Mersa apuesta por sistemas constructivos modernos para acelerar obras sin sacrificar calidad,2026-01-22,258.0,31.67,0:01:21,96.0,2.1786,,Otros / Institucional,False
isajv-Siylc,¿En qué 4 principios debe basarse la construcción de un centro de salud?,2023-09-27,184.0,49.27,0:01:30,86.0,2.1656,,Otros / Institucional,False
85LuufsU1lo,Manuel Ignacio Martínez: Estrategia y retos del nuevo CEO de DP World Dominicana,2024-04-15,578.0,37.35,0:03:35,36.0,2.159,,Empresarios / Liderazgo,False
XUZcakeZ0Jg,Raúl Peña - United Brands - Mejores Empresas Para Trabajar 2020,2020-09-09,473.0,35.39,0:02:47,46.0,2.1389,,Otros / Institucional,False
tU7C3pSPLJo,Isaac García de la Cruz revela cómo la UCNE transformó al Nordeste dominicano,2026-03-31,491.0,23.76,0:01:56,66.0,2.1385,,Otros / Institucional,False
L5_DYEWNaOM,¿Será RD el próximo líder energético del Caribe? CLAUDIO HUEPE,2026-08-03,36.0,134.51,0:00:48,366.0,2.126,,Empresarios / Liderazgo,True
CCRTWmd6c8U,Meta RD 2036: visión y estrategia para transformar el país,2025-09-23,384.0,28.53,0:01:49,69.0,2.0998,,Otros / Institucional,False
hSJQeQSN4ms,Hire Horatio: cambiando la percepción de un Contact Center de alta calidad - Mercado Interview,2024-07-26,265.0,45.27,0:01:59,63.0,2.0994,,Otros / Institucional,False
O0hwQPNxpP0,Cómo la resiliencia y el liderazgo femenino impulsan la transformación empresarial | Lisbeth Jerez,2025-11-04,499.0,15.41,0:01:16,98.0,2.0929,,Empresarios / Liderazgo,False
2HX7YL8UAbc,One to One: Comercio bilaterial en tiempos de cambios arancelarios - Francesca Rainieri,2025-05-19,992.0,13.55,0:02:14,56.0,2.0904,,Otros / Institucional,False
nawvvCBV9i0,La verdad detrás de la confianza laboral | Stephanie Salazar,2026-07-06,558.0,20.43,0:01:53,66.0,2.0895,,Otros / Institucional,False
bH-_pILQf8o,"Eduardo Cruz (Grupo Humano): para crecer, los ejecutivos deben aprender a delegar",2022-12-19,172.0,64.15,0:01:50,68.0,2.0843,,Otros / Institucional,True
u_V8qStgJvc,Oscar 2026: la lista completa de nominados y las películas que lideran las candidaturas,2026-01-23,81.0,64.2,0:00:51,146.0,2.0832,,Otros / Institucional,True
rIJ0y72-U9o,"Freddy Rossi: Cevaldom, enfocados en ofrecer seguridad a sus clientes",2022-03-23,120.0,82.2,0:01:38,76.0,2.0825,,Otros / Institucional,True
nKZt3H1jtMQ,Cruz Ayala: Innovación y Liderazgo en el Sector de laboratorios clínicos en República Dominicana,2024-08-02,260.0,44.03,0:01:54,65.0,2.0671,,Empresarios / Liderazgo,False
tPqs-Eg_CSo,Arturo Grullón - Banco Popular Dominicano - Mejores Empresas Para Trabajar 2020,2020-09-09,1192.0,17.29,0:03:26,36.0,2.0613,,Otros / Institucional,False
sHulpkwOmwU,¿Estamos educando niños felices o solo niños que aprenden? | Karen Heisen,2026-05-14,545.0,19.1,0:01:44,71.0,2.0532,,Otros / Institucional,False
Tno107P0acQ,Market Brief Summit 2021 - Nuevos Tiempos en el Mercado de Valores,2021-11-11,17236.0,2.24,0:06:25,19.0,2.0369,,Empresarios / Liderazgo,False
4p-PrbeQwG8,Asegurados Primero  ¡De Contacto a Recuperación Total!,2025-10-24,16.0,65.45,0:00:10,1684.0,2.0336,,Otros / Institucional,True
omEDsJlbqB0,Críticas que hacen por ser mujer - Faride Raful,2024-09-25,37.0,62.53,0:00:23,443.0,2.0308,,Otros / Institucional,True
s8vHxk2f09o,Economía naranja en RD: Impulsando miles de empleos - Ito Bisonó Ep. 03,2024-10-26,686.0,22.92,0:02:37,46.0,2.009,,Otros / Institucional,False
a0V34HYdXYE,El talento senior es un recurso valioso en el proceso de reclutamiento - Jaime Ozores - Ep. 02,2024-10-03,527.0,52.56,0:04:37,26.0,2.0007,,Otros / Institucional,False
0BiRbNLO-zY,Adjudican a empresa dominicana construir la nueva terminal del AILA,2026-03-27,65.0,84.4,0:00:54,225.0,1.9977,,Otros / Institucional,True
y2RuVKFFKI8,"Voxel: Facturación electrónica, Latinoamérica lidera la transformación digital global",2024-07-11,869.0,22.35,0:03:14,37.0,1.9963,,Otros / Institucional,False
y0-PC407Egw,"Solvex Dominicana, servicios empresariales desde la nube",2021-05-27,362.0,37.31,0:02:15,53.0,1.9882,,Empresarios / Liderazgo,False
no9E8sLXS1s,Mercado en Fitur 2026 - Biviana Riveiro,2026-01-23,179.0,26.92,0:00:48,334.0,1.981,,Otros / Institucional,True
LOl8U5Eg3vg,"Nuria Vilanova, presidenta del Consejo Empresarial Alianza por Iberoamérica (CEAPI)",2021-10-05,324.0,40.7,0:02:11,54.0,1.978,,Empresarios / Liderazgo,False
jwEBM7ct3U4,"Luis Miguel Pereyra, socio fundador de Pereyra & Asociados",2021-09-09,182.0,48.24,0:01:27,81.0,1.9755,,Empresarios / Liderazgo,False
LCWnSWk8uHE,"Romina Seltzer, VP Senior de Productos: El nuevo e-commerce según VISA",2021-08-31,1690.0,21.01,0:05:55,20.0,1.9723,,Empresarios / Liderazgo,False
97nn7CzO6NY,Sostenibilidad en empresas: ¿cómo hacerlo bien y hacerlo crecer? | Ana Karina Cardenas,2026-02-24,270.0,37.01,0:01:39,71.0,1.971,,Otros / Institucional,False
0lGN1fh3U4M,Como Supérate y MIO estan uniendo fuerzas contra la pobreza en RD,2024-10-24,700.0,15.52,0:01:48,65.0,1.9619,,Otros / Institucional,False
iyipM3wCg0k,Ligia Bonetti - Mercado Interview,2020-05-19,2262.0,4.62,0:01:44,67.0,1.9466,,Otros / Institucional,False
5AXRK452CZU,IVAN MEJIA - CEO GRUPO RAMOS,2026-04-24,50.0,122.27,0:01:01,256.0,1.9456,,Empresarios / Liderazgo,True
1NQBSzTuLNg,Construction Summit 2025 - Visión Territorial  El Futuro Turístico de RD,2025-10-07,1393.0,16.08,0:03:43,31.0,1.9283,,Empresarios / Liderazgo,False
qTXyUqbyk-A,SIPEN: Claves y novedades del sistema dominicano de pensiones,2024-04-25,614.0,18.17,0:01:51,62.0,1.9189,,Otros / Institucional,False
mOOhilMwgd8,La Evolución del Rol del CFO: Cómo Planeación y Tecnología Impulsan la Competitividad Empresarial,2026-02-13,557.0,17.96,0:01:40,69.0,1.9172,,Empresarios / Liderazgo,False
D8a8ageqLzo,Jorge López Hilario: Retos y avances en la aplicación del Código Penal,2025-09-30,347.0,33.0,0:01:54,60.0,1.9082,,Otros / Institucional,False
jNA_YXFKnyI,Pentraze: Cómo trabajar la prevención en materia de ciberseguridad,2024-04-26,1635.0,20.86,0:05:41,20.0,1.8945,,Otros / Institucional,False
y87HGQxUucA,"""La salud financiera de un país refleja la salud de sus ciudadanos"" - Market Brief Summit 2024",2024-12-08,1328.0,32.0,0:07:04,16.0,1.8888,,Empresarios / Liderazgo,False
WXBT1ZlCWnI,Luis Galindo: Lo importante del liderazgo con empatía,2024-08-18,26.0,87.49,0:00:22,453.0,1.8634,,Empresarios / Liderazgo,True
RxfRpicHnaY,Jhon Modesto (Força): la prioridad es la seguridad antes que lo económico,2022-07-28,272.0,42.23,0:01:54,58.0,1.8508,,Otros / Institucional,False
P_Ujx-BDGiM,Entrevista exclusiva a Álvaro Uribe - Un momento histórico - Patricia Janiot,2024-10-11,41.0,69.95,0:00:28,399.0,1.8454,,Empresarios / Liderazgo,True
Vs1_mdN-rBo,Revista Mercado conversa sobre la gestión consular y el trámite de visados a EE.UU.,2014-05-13,165.0,49.58,0:01:21,81.0,1.8408,,Otros / Institucional,True
sGYkM8n0Dno,Barahona: la apuesta logística para el sector aeronáutico en RD,2022-05-03,259.0,45.57,0:01:58,56.0,1.8359,,Otros / Institucional,False
W-J11wpZ-bI,Cover Story Región Norte: Mícalo Bermúdez,2015-06-12,522.0,24.31,0:02:06,52.0,1.8329,,Otros / Institucional,False
cW52X78TZ3U,Construction Summit 2025 - Maralda  Visión y Propósito para Miches,2025-10-07,661.0,24.79,0:02:43,40.0,1.8205,,Empresarios / Liderazgo,False
hE7yUa3WFxo,El misterioso templo de Taposiris Magna y la Diosa Isis – Dra. Kathleen Martínez,2024-12-17,47.0,79.04,0:00:37,237.0,1.8142,,Documental (Kathleen Martínez),True
Qt2vJxtX5TA,Dr. Pablo Mateo presenta novedoso tratamiento para el cáncer de próstata,2021-10-11,267.0,35.02,0:01:33,69.0,1.792,,Otros / Institucional,False
gqnlcxk8g3k,Innovación y liderazgo joven en la política de republica dominicana - Omar Fernández,2024-11-12,47.0,58.28,0:00:27,338.0,1.7894,,Empresarios / Liderazgo,True
GHDwiE3yl3o,Labubu  y Porsche unieron fuerzas,2025-11-27,43.0,38.49,0:00:16,713.0,1.786,,Otros / Institucional,True
feVBQEwg4L8,DR Trade: Alianzas Estratégicas y tecnologías que Transforman la Logística en República Dominicana,2024-08-28,324.0,33.53,0:01:48,59.0,1.7806,,Otros / Institucional,False
Rbv_xNnkDNk,"Dr. Javier O.  Morales - Curatech, la medicina que inicia con un mensaje",2021-02-11,1134.0,5.06,0:00:57,111.0,1.7699,,Otros / Institucional,False
YXXIu56Ipmk,Carlos Liriano: liderar un legado familiar y transformar la industria gastronómica desde adentro,2025-07-27,354.0,39.92,0:02:21,45.0,1.7664,,Otros / Institucional,False
UPIxgt5NuB8,Cómo Cesarina Beauchamp convirtió su pasión por los aviones en una carrera de éxito,2023-12-18,2027.0,23.98,0:08:06,13.0,1.7553,,Otros / Institucional,False
otpgkK-jNLU,Mercado Construction Summit 2021,2021-06-23,12591.0,2.08,0:04:21,24.0,1.7421,,Empresarios / Liderazgo,False
GA-DZiMfiGo,Eduardo Cruz - Mercado Interview,2020-04-30,1127.0,26.49,0:04:58,21.0,1.7416,,Otros / Institucional,False
BdDzFuwVuAQ,De médico a CEO de Mapfre República Dominicana: 30 años construyendo una visión | Andrés Mejía,2026-04-14,510.0,19.51,0:01:39,63.0,1.741,,Empresarios / Liderazgo,False
hWQyQ08p4nk,"Retos y aprendizajes de una ejecutiva de McDonald’s: liderazgo, familia y legado | Andrea Brenes",2025-10-23,167.0,26.99,0:00:45,139.0,1.7406,,Empresarios / Liderazgo,True
cY4CDA3LZxY,Quala Dominicana: comprometidos con el desarrollo de sus empleados,2022-07-27,343.0,34.87,0:01:59,52.0,1.7277,,Otros / Institucional,False
Z4NiKm3wGck,"Grupo Coral Hospitality Corp., innovadores en servicios turísticos",2021-12-14,536.0,52.71,0:04:42,22.0,1.7265,,Otros / Institucional,False
nEjGERMOI6Q,"César Iglesias, pionera en el mercado de acciones",2022-05-11,112.0,67.62,0:01:15,82.0,1.7251,,Otros / Institucional,True
gRU7zRbrRs4,"“La conversación intergeneracional”- Presidenta de Engage Burson Marsteller, Stella Leon",2019-04-12,914.0,27.1,0:04:07,25.0,1.7199,,Otros / Institucional,False
0492iikDzQw,Arquitectos Óscar Imbert Tessón y Antonio Segundo Imbert,2017-06-22,318.0,38.9,0:02:03,50.0,1.7183,,Otros / Institucional,False
36YHZuUgbyk,mujeres de poder y exito 2024 evento completo,2024-04-05,15263.0,2.52,0:06:25,16.0,1.7111,,Otros / Institucional,False
vzbhjZ7T6ZA,"Cómo liderar en tiempos de incertidumbre, según el CEO de Claro",2025-06-16,411.0,32.38,0:02:13,46.0,1.7004,,Empresarios / Liderazgo,False
TThQjzmE84Y,Adriana Dominguez - Consejera Delegada de Adolfo Dominguez,2019-11-11,442.0,47.09,0:03:28,29.0,1.6766,,Otros / Institucional,False
BtEBL83lS90,Un modelo de educación integral y diferenciada,2025-03-25,465.0,25.84,0:02:00,50.0,1.669,,Otros / Institucional,False
bNVr5UMmizo,Revista Mercado conversa con Dominican Watchman por su 40 Aniversario,2014-09-11,642.0,40.62,0:04:20,23.0,1.666,,Otros / Institucional,False
K808_SVi1pY,"Iñaki Ábalos: ""Latinoamérica es una mina de buena arquitectura""",2022-07-11,469.0,35.36,0:02:45,36.0,1.6583,,Otros / Institucional,False
L41m-pFubBo,"Alejandro Peña Defilló: ""La cadena de valor da longevidad a los negocios""",2023-04-10,121.0,44.01,0:00:53,112.0,1.6566,,Otros / Institucional,True
Pb7NR1gu8vg,"La importancia de las remesas para el desarrollo de RD, junto a Banco Unión",2021-06-16,242.0,66.57,0:02:41,37.0,1.6557,,Otros / Institucional,False
87mwktX8Cng,Bella Aldea Café: Cultivando filosofía y una tradición en República Dominicana,2024-09-04,763.0,16.8,0:02:08,46.0,1.6375,,Otros / Institucional,False
Xj4Tv6kS1fE,Construction Summit Norte 2025 - Protagonistas del Futuro Nuevas Visiones para Desarrollo Regional,2025-10-07,1347.0,22.89,0:05:08,19.0,1.627,,Empresarios / Liderazgo,False
ea74NScKOic,Meta 2036  Ideas Para Transformar Tu País ¡Ya!,2025-10-22,138.0,62.13,0:01:25,268.0,1.6267,,Otros / Institucional,True
2q6_I5MrXfc,José Herrera (Hire Horatio): Servicio personalizado por cualquier canal,2022-04-13,389.0,34.96,0:02:16,43.0,1.6246,,Otros / Institucional,False
pF1ycZzNBEk,Amelia Santos-Paulino: Incentivos y 'aftercare'. Fórmula ganadora para la IED,2022-10-10,399.0,30.41,0:02:01,48.0,1.618,,Otros / Institucional,False
ucCsQ6GOSo8,"El CFO del futuro: menos contador, más estratega tecnológico | Ludovino Colón",2026-02-13,356.0,29.01,0:01:43,56.0,1.6064,,Otros / Institucional,False
R6XsdtZiYtA,"Claudio Huepe: ""República Dominicana puede convertirse en líder energético de la región""",2026-08-03,1211.0,6.71,0:01:21,72.0,1.6046,,Empresarios / Liderazgo,False
