Contenido,Título del video,Tiempo de publicación del video,Duración,Ingresos estimados (USD),Vistas,RPM (USD)
Total,,,,1857.238,16069867,0.151
vV3Uw15K5Go,ÚLTIMA HORA Trump estalla tras filtración del acuerdo secreto con Irán,"Jun 12, 2026",89,96.528,528781,0.239
u5G_2nlisQ8,Se eleva la tension global Irán responde: hay implicaciones en comercio energetico,"Mar 25, 2026",109,95.488,870399,0.141
PP5jnSPUjXE,"Taposiris Magna, el tesoro sumergido que podría cambiar la historia - Dra. Kathleen Martínez Ep.4","Dec 11, 2024",796,86.523,38000,2.278
JVrzJXcwxkI,La arqueóloga dominicana que logró lo inimaginable – Dra. Kathleen Martínez Ep.2,"Dec 9, 2024",402,65.872,54177,1.216
biHUbgJTdFQ,Irán suma un aliado a la guerra y pone en riesgo para la economía global,"Jul 17, 2026",102,65.154,658381,0.137
V927einCJZo,Convertiremos el área en un cementerio  Irán lanza duras advertencias a EEUU,"May 27, 2026",108,61.571,413331,0.185
ovKMLcMovRQ,Irán eleva amenazas contra EEUU y el comercio energético mundial,"Jul 16, 2026",111,53.706,467391,0.168
5nnc6qUy6MM,Golpe interno para Trump: La disidencia republicana lo desarma,"Jun 5, 2026",96,45.66,286851,0.211
Vvfoc_ubQz4,Trump da marcha atrás al polémico peaje del 20% en el estrecho de Ormuz,"Jul 15, 2026",114,42.671,333591,0.18
RgAtZpon-Vo,¿Trump pierde el control del tablero geopolítico frente a Israel e Irán?,"Jun 2, 2026",104,39.758,303620,0.17
4qvY6ha5ky0,Oriente Medio en alerta una nueva alianza militar redefine el tablero regional,"Aug 7, 2026",89,33.782,296769,0.163
-vFzNWY2BGE,Una filtración sacude al Pentágono y aumenta la tensión con Irán,"Aug 7, 2026",110,32.97,361565,0.142
n5pRBmJqD8Y,El inicio del viaje tras la pista de Cleopatra - Dra. Kathleen Martínez Ep.1,"Dec 6, 2024",467,29.212,24837,1.176
99LGvbtOvBo,¿La peor derrota de Trump?  Opiniones divididas por el acuerdo de paz,"Jun 18, 2026",98,29.068,214745,0.208
lZCMrOppsJQ,El conflicto ya no es solo entre EE UU,"Jul 31, 2026",84,26.614,283511,0.136
O9cZyClnfe8,La dura decisión de no ceder el proyecto ni la bandera dominicana - Dra Kathleen Martínez Ep.3,"Dec 11, 2024",304,22.712,19800,1.147
36XMpoilps4,¿Puede tomar Trump el control de Venezuela?,"Jul 1, 2026",105,21.158,288290,0.107
XtCQlOmEprI,La presión militar de Irán se mantiene mientras crecen los llamados al diálogo,"Jul 20, 2026",107,21.109,215544,0.137
JQBx9orXtQU,¿Cómo se produce Ron Brugal?,"Nov 27, 2015",1519,19.811,31840,0.622
uXHYWQckaGg,¿Un nuevo frente de guerra para Trump? Corea del Norte amenza de palabra y lanza misiles de prueba,"Aug 14, 2026",91,19.473,198765,
1SsOYiYc4YM,El Pentágono bajo presión: La parálisis diplomática que fractura la imagen de fuerza de Trump,"Jun 19, 2026",106,19.085,156492,0.184
kwPlMtpLsyw,Una nueva tensión en el mar Rojo eleva la alerta global,"Jul 22, 2026",84,18.912,165350,0.167
u1eAHAlAxkc,Irán refuerza su ofensiva militar y eleva la tensión con EEUU,"Aug 10, 2026",109,17.548,183653,0.149
DWdcYHvtJPo,Amenaza contra la vida de Trump sacude el tablero geopolítico,"Jul 10, 2026",89,17.052,133181,0.191
IuGdJ8838tg,La guerra escala Medio Oriente abre un nuevo capítulo de incertidumbre global,"Jul 24, 2026",82,16.944,156661,0.16
pkiReMIUO-s,Trump bajo el fuego crítico y Rubio contra el Senado,"Jun 2, 2026",92,16.661,110650,0.209
QA1h1I_c2g4,Informe que anticipó el riesgo sísmico en Venezuela llegó a su gobierno hace 25 años,"Jul 2, 2026",98,16.606,270050,0.107
by0aTcMMtoA,El número de víctimas de la tragedia sigue en ascenso y sismo de 5.2 sacude el Caribe,"Jun 26, 2026",80,15.883,235076,0.111
68ZNKFP9ckM,Ataques y represalias agravan el conflicto entre Estados Unidos e Irán,"Jul 13, 2026",100,15.217,130262,0.172
3CLeZaACFLo,Nuevo riesgo para Irán: conflictos internos por inflación del 90%,"Jul 21, 2026",89,14.707,132340,0.161
DL-4rcv3kNU,Andrés Moreno habla a los emprendedores,"Mar 17, 2017",354,13.128,8335,1.575
F8WjE9sjOEQ,Irán exige indemnización a EEUU y Trump responde,"Aug 11, 2026",110,13.044,121432,0.166
WsLmWTSofyk,Nuevos bombardeos de EE  UU  sacude el tablero geopolítico,"May 26, 2026",76,12.892,106902,0.174
o6u1n5CvBeY,Vuelven los bombardeos de EE  UU  a Irán por el bloqueo de buques en Ormuz,"Jul 8, 2026",117,12.649,119998,0.165
wfyCaOjNMrQ,El joven senador con su propia forma de pensar - Omar Fernandez,"Nov 11, 2024",536,12.353,9930,1.244
WHA1yaUsfYc,El presidente iraní admite su fragilidad “la crisis es multidimensional”,"Aug 6, 2026",106,12.062,114708,0.148
Z70RK6gN8fw,Mercado Octubre - Cover Story: Los Poma,"Sep 21, 2016",245,11.833,17736,0.667
begbTra-oU4,Reacciones europeas ante conflicto bélico entre EEUU e Irán,"Mar 31, 2026",109,10.968,128966,0.116
cgItzQG1hJs,Conversaciones con el Dr. Enrique Rojas Episode 4 - Mercado Podcast,"Aug 14, 2024",1286,10.431,7153,1.448
svQAHfzp87k,La guerra se expande nuevos aliados intensifican la escalada militar,"Jul 29, 2026",76,10.316,92204,0.166
IWPMwEUFa0s,"José Luis Cordeiro: ""¿Te imaginas un mundo sin muerte?""","Apr 25, 2022",282,10.083,7931,1.271
kUTx0hQYoVk,AZUL: Disruptores de los pagos digitales - Mercado Conversations,"Jul 15, 2024",2261,9.536,13964,0.683
Vf8jCyC93wI,"Israel desafía a la Casa Blanca: ""nos vincula el acuerdo entre Trump e Irán  V01""","Jun 15, 2026",85,9.255,60986,0.214
wtdgYMperOU,¿La inversión extranjera confía en la economía de República Dominicana? - Oscar Medina EP 03,"Sep 24, 2024",379,8.971,4475,2.005
F3zZU_xYy10,¿Fuerzas armadas o soldados de Trump?  La agresiva estrategia de Pete Hegseth,"Jun 9, 2026",91,8.914,55520,0.231
I30IfmrSSxg,Una nueva amenaza para el comercio mundial emerge en el Mar Rojo,"Aug 10, 2026",96,8.559,89945,0.162
wuYK_s440ZI,Stanley Motta Presidente Copa Holdings en entrevista exclusiva para Revista Mercado,"Jul 12, 2018",909,8.088,18293,0.442
iMfY8Nia0WM,"Irán resiste, Trump ¿replantea su estrategia en la guerra?","Aug 3, 2026",120,8.088,77853,0.151
SYRpkV0YquE,Liderazgo con Luis Galindo: cómo la Psicología Positiva Transforma Vidas - Mercado Podcast,"Aug 7, 2024",4190,8.045,8205,0.978
3YF_f4ihQP0,¿Irán asoma una amenaza de ataque nuclear al mundo?,"Aug 12, 2026",113,7.801,66912,0.167
8oq4zsjixlg,Fuertes confrontaciones al gobierno venezolano por la respuesta ante el desastre,"Jul 3, 2026",159,7.651,108150,0.101
Ca2kyRyFk4E,Civiles vuelven a pagar el costo de la guerra entre Estados Unidos e Irán,"Jul 30, 2026",94,7.071,60989,0.17
aDkVGylH4Dg,La derrota expuso el lado más polémico de la Albiceleste,"Jul 20, 2026",134,6.807,86253,0.111
KO522G5MwCU,UBER ¿RENTABLE PARA DOMINICANOS?,"Jun 8, 2016",112,6.417,25466,0.252
da7_nXU3kR8,Juan de Antonio - Fundador de Cabify,"Nov 11, 2019",512,6.415,2147,2.988
Yj7pQ_ApORY,Prensa Iraní proclama victoria así cuentan el alto al fuego de Trump,"Aug 4, 2026",146,6.407,127577,0.068
pDu6uOpu1W0,"Dr. Martín Robles Mejía, Cirujano Plástico y Reconstructivo","Jul 1, 2021",292,6.401,2227,2.874
y2RuVKFFKI8,"Voxel: Facturación electrónica, Latinoamérica lidera la transformación digital global","Jul 11, 2024",869,6.297,5479,1.149
jKt8C4zI2dA,DPH: Adaptándose a las necesidades de un mercado global a través de la tecnología,"Aug 22, 2024",326,6.165,11777,0.523
5OTqc3ZMUkc,"La guerra entra en pausa, pero la tensión sigue al máximo","Jul 27, 2026",108,5.978,53984,0.164
maxrYKTZcFk,"Willian Ramos, CEO Siempre Viajero RD","Oct 22, 2019",180,5.932,1242,4.776
dGeaaT6EzOs,Aumenta la tensión entre Estados Unidos e Iran,"Mar 30, 2026",70,5.925,61427,0.136
Os9KohyfnJs,Proyectos inmobiliarios que perduran en el tiempo: El legado de Luis Velutini,"Dec 17, 2024",382,5.898,7766,0.759
JHUtsVIUum0,"Melba Segura de Grullón, presidenta de Fundación Sur Futuro: Un futuro desde el sur","Apr 7, 2022",238,5.787,4152,1.394
GVLJTIO9EFg,Fuerte abucheo contra el presidente Donald Trump,"Jun 9, 2026",76,5.633,38940,0.201
-Ol0qk8m56Q,IDAC: Aviación Civil en RD - Liderazgo y Responsabilidad en la Era de los Cielos Abiertos,"Aug 27, 2024",469,5.614,6692,0.839
Z9znXI7ujOc,Emprendedores dominicanos cuentan sus historias - VISIÓN EMPRENDEDORA 2017,"Jun 30, 2017",216,5.364,4576,1.172
4xIZpj05kXA,La guerra que no para: El EE  UU- Irán se enciende junto al conflicto de Hezbollah,"Jun 1, 2026",94,5.272,43150,0.156
Aq59g94aFho,Los tres pilares fundamentales del éxito para jóvenes líderes - Hostos Rizik - BCIE,"Nov 10, 2024",352,5.265,8465,0.622
2oRus5S6mUA,Guerra inminente: EE  UU  e Irán rompen el pacto de paz con bombardeos masivos,"Jul 9, 2026",84,5.245,50300,0.167
MHggLrPp8Aw,Conversaciones con el Dr. Enrique Rojas Episode 2 - Mercado Podcast,"Aug 10, 2024",1030,5.132,6815,0.753
yAj3AYOh7yY,¿Se agota los misiles de Estados Unidos  Washington niega una crisis militar?,"Aug 5, 2026",112,5.12,47622,0.157
pD0lpschIxM,40 under 40 Región Este: El resort que lidera en sostenibilidad - Charles Keusters,"Oct 24, 2024",501,4.941,10947,0.451
feVBQEwg4L8,DR Trade: Alianzas Estratégicas y tecnologías que Transforman la Logística en República Dominicana,"Aug 28, 2024",324,4.796,7101,0.676
l7K7Zk8PDHc,¿Perdió Trump el control militar de Israel? Netanyahu ignoró las advertencias de la Casa Blanca,"Jun 8, 2026",87,4.41,35366,0.178
1UPh3fZgVOw,Ataque con drones y misiles Irán desafía la seguridad de la región,"May 28, 2026",89,4.394,44186,0.144
Ub59dfodKvU,"La guerra con Irán: Trump, la OTAN y la incertidumbre global","Apr 2, 2026",89,4.151,37890,0.142
mqoNBTeYfxQ,Miitral: Prevención y tratamiento cardiovascular de excelencia - Mercado Interview,"Aug 15, 2024",260,3.98,5561,0.716
H1SzLZ9ym7E,"Planeación estratégica, gobernanza y transformación: conoce los insights de expertos de Grupo Valor","Jul 30, 2024",1301,3.974,6707,0.593
Qt2vJxtX5TA,Dr. Pablo Mateo presenta novedoso tratamiento para el cáncer de próstata,"Oct 11, 2021",267,3.772,2272,1.662
bF243NHAEzs,"Ana Ibáñez: Tu cerebro no quiere que seas feliz, quiere que sobrevivas","Jun 3, 2025",875,3.726,1232,3.033
o-xz75s8ATQ,Jorge Rosas.  Mejores Empresas Para Trabajar 2019.,"Jul 16, 2019",4076,3.681,1279,2.878
DLYSCC216dI,Unitrade: Líder en tecnología y Eficiencia Energética en Republica Dominicana,"Jun 14, 2024",349,3.589,6220,0.577
hSJQeQSN4ms,Hire Horatio: cambiando la percepción de un Contact Center de alta calidad - Mercado Interview,"Jul 26, 2024",265,3.495,8877,0.394
krq-QaraqOk,Ministerio de Turismo de la República Dominicana,"Aug 2, 2019",31,3.474,4594,0.756
eb7j3XDV8FA,Catástrofe sísmica en Venezuela declaran estado de emergencia tras dos potentes terremotos,"Jun 25, 2026",101,3.433,66698,0.098
DJohkOuKptM,"Edward Veras: ""República Dominicana es renovable"" - Mercado Energy 2024","May 23, 2024",634,3.397,5359,0.634
4xbXLfiGgGo,Dionisio Gutierrez,"Jan 14, 2020",597,3.352,2708,1.238
ED0RuIxS1K0,La guerra sacude los mercados internacionales,"Jul 14, 2026",86,3.293,28597,0.182
nxhFit8GfE0,Trump y Xi Jinping la batalla por Taiwán y el conflicto con Irán,"May 14, 2026",104,3.236,31278,0.166
30v340X1_CY,El Futuro de la Inteligencia Artificial en la República Dominicana - Drones en Logística,"Sep 18, 2024",515,3.163,6015,0.526
hLfBxTGikAA,Roberto Stark - Parte 1,"Jun 3, 2019",1815,3.137,2453,1.279
qtRfxo_ZMl4,Bonos temáticos: Nueva era de la inversión sostenible,"Dec 2, 2024",632,3.127,7565,0.413
OKMpfhoKqls,Brasil como socio comercial de RD en exportación de productos cárnicos,"Jul 23, 2024",308,3.067,8665,0.354
7bcx70HJCFU,"INDOTEL, CLARO Y ALTICE,  el impacto de la tecnología en las TELECOMUNICACIONES #TECHTALKEVENT","Nov 24, 2017",2766,2.983,1432,2.083
kPA6kWxdURM,Conversaciones con el Dr. Enrique Rojas Episode 3 - Mercado Podcast,"Aug 12, 2024",1082,2.965,1821,1.632
lMvFh44GiwY,Acuerdo nuclear bajo amenaza ofensiva de Trump contra Irán,"May 20, 2026",77,2.954,27969,0.158
tNjvI2Nk7BE,Trump asegura que EE  UU  mantiene capacidad militar y advierte que los ataques podrían reanudarse,"Jul 28, 2026",94,2.947,24748,0.17
9LAJ3L5mdmQ,Pentraze: La Evolución de la ciberseguridad - Mercado Interview,"Aug 1, 2024",460,2.946,9440,0.312
dxPmeyn6PnQ,Trump marca línea firme: No habrá arma nuclear ni peajes en Ormuz,"May 22, 2026",85,2.941,26651,0.16
JMoHiuW6KaE,¿Qué es un CEO?,"May 15, 2018",62,2.927,13259,0.221
4n71pJKV2s4,Liderazgo sólido para el sector de la construcción - Mercado Construction Summit 2024,"Jul 26, 2024",553,2.878,5587,0.515
ASQJXwU67cw,Ligia Bonetti - Presidente Grupo SID,"Nov 18, 2019",520,2.862,3003,0.953
TThQjzmE84Y,Adriana Dominguez - Consejera Delegada de Adolfo Dominguez,"Nov 11, 2019",442,2.796,2718,1.029
kt8KOWGoTEc,"¿Cuál será la jugada de Trump, en este caso de corrupción sin precedentes?","Jun 19, 2026",108,2.781,16956,0.217
_CXeuGcckuk,DP World: El Impacto de las Zonas Francas en el Crecimiento Económico de República Dominicana,"Sep 2, 2024",321,2.734,9513,0.287
8apQhpqE1po,Estrategias que fortalecen y desarrollan el comercio en República Dominicana - Mercado Interview,"Jun 14, 2024",379,2.576,41227,0.062
c1zyobTs0FQ,Google Cloud en Inmotion: soluciones innovadoras para la industria tecnológica en la RD,"Aug 1, 2024",386,2.49,9093,0.274
AxRpqREtrBU,De la CIA al servicio diplomático: Leah F. Campos y sus prioridades en RD,"Dec 17, 2025",815,2.474,787,3.177
FIAsl90v-Og,Juan Suárez - Co- fundador y Director Creativo Aristocrazy,"Nov 11, 2019",328,2.41,985,2.447
GfE34oG1ZRM,Cesar Latrilla   CEO de Noval Properties,"Jun 3, 2019",587,2.401,884,2.716
JNrGvEJSKCg,Irán desmiente a Trump con relación a los acuerdos nucleares,"Jun 23, 2026",92,2.358,17518,0.193
OXf4Txly1JY,Grupo Noah: La importancia de la innovación en la Gastronomía de República Dominicana,"Sep 2, 2024",245,2.354,19145,0.123
ZNJa0CPBPkI,El pulso de un “dando y dando” marca la crisis en Ormuz,"Apr 27, 2026",125,2.35,30520,0.119
hC3OGyLXTFA,Fuertes amenazas por parte del Pentágono: el bloqueo se intensifica.,"Apr 16, 2026",90,2.346,23352,0.132
I30GJwGOu5Q,Gonzalo Parral - Gerente General - Scotiabank República Dominicana,"Dec 22, 2020",591,2.324,1180,1.971
CHpKvD2hMJM,Grupo Tarico: ¿Cómo reducir la huella de carbono en la logística? - Mercado Interview,"Sep 2, 2024",280,2.275,52762,0.043
hDtoZFS37t4,"""Siempre he buscado confrontar a los poderosos con la verdad"" - Patricia Janiot Ep. 01","Oct 10, 2024",573,2.26,3672,0.615
uPf0Z0kdi24,Conversaciones con el Dr. Enrique Rojas Episode 1 - Mercado Podcast,"Aug 8, 2024",416,2.254,1729,1.304
5i03Od7sUPE,Revolucionarios Iraniés atentan contra el posible acuerdo de paz,"Apr 22, 2026",97,2.236,22875,0.126
Mx8ccrbPDZg,"LABORATORIOS CLÍNICOS   “UNA MIRADA AL FUTURO""","May 27, 2019",536,2.203,2493,0.884
2nj2WP0jl40,Neurocirugía endovascular: Trayectoria y desafíos del Dr. Juan Isidro Ramirez,"Jul 12, 2024",446,2.202,4924,0.447
dg17bkcLe90,Trump advierte fuertes bombardeos nocturnos ¿Fracasaron las negociaciones,"Jun 11, 2026",82,2.16,18240,0.186
NNUZzB-88LM,Entrevista exclusiva a Antonio y Agustín Lama - 40 under 40,"Nov 14, 2018",183,2.142,1903,1.126
bNQE74ftIwQ,La tragedia sísmica en Colombia escala el balance preliminar deja terribles cifras,"Aug 11, 2026",132,2.101,22009,0.144
uuPMyXnkeFs,"Isa Grupo Dermatológico: Excelencia en la dermatología clínica, quirúrgica y estética","Jul 12, 2024",345,2.09,4719,0.443
kg6Ioa8DnK4,Antonio Novas - Country Manager McKinsey & Company,"Nov 9, 2020",1140,2.086,760,2.743
Lful5g7Oj70,El papel de la automatización en el futuro de la logística global: Oscar Medina EP 02,"Sep 23, 2024",392,2.062,4324,0.477
DgKAlBL_f1A,"Zantier, donde la odontología sonríe - Mercado Best Doctors","Jul 12, 2024",453,2.045,4711,0.434
3XyUB8of8zA,Crucero aislado por HANTAVIRUS: Crisis sanitaria bajo investigación,"May 5, 2026",118,2.045,26548,0.144
yEbUG7ty9TA,CONVERSATORIO: Jean Alain Rodríguez narra cómo ha sido su imparable trayectoria,"Nov 14, 2019",538,2.03,3974,0.511
dr6LHQ5vDc0,"Compromiso con la igualdad en la República Dominicana - Mayra Jiménez, ministra de la Mujer","Nov 13, 2024",524,1.945,5836,0.333
SMbadRW24hM,"Para Irán  ""ni paz, ni guerra""  mientras Trump reactiva las amenazas","Jun 10, 2026",75,1.943,16842,0.18
7QDWpxoJYRo,Homenaje a Fernandito Rainieri - Definición de un Superhéroe,"Nov 13, 2018",523,1.931,3366,0.574
84rLRdQR8u8,Abraham Hazoury - Power Talks,"Sep 15, 2020",981,1.913,2548,0.751
MRFbGIYLMYk,El CFO de Grupo Universal revela que la tecnología juega un papel primordial en el sector servicios,"Jan 2, 2025",358,1.899,4112,0.462
j99dz99D_iA,Dr. Oscar Hasbun CEO Amerident Grupo Odontológico: Innovación en Salud y Bienestar,"Jul 25, 2024",322,1.866,5117,0.365
i8eUpbgfbxU,La clave para equilibrar cabeza y corazón en la vida y el trabajo - Isabel Rojas Estapé,"Jul 4, 2025",2321,1.837,15888,0.115
7k6AZKDBkj8,Traba nuclear: Las dudas de Trump y el escepticismo de Irán,"May 29, 2026",85,1.813,16915,0.152
87mwktX8Cng,Bella Aldea Café: Cultivando filosofía y una tradición en República Dominicana,"Sep 4, 2024",763,1.811,4662,0.388
TWSYT7UdzOQ,"Harvest Trading Cap, con una valiosa oportunidad de gestión financiera","Dec 8, 2021",171,1.786,995,1.795
s-r5Eu4n2n0,Entrevista al ex presidente mexicano Vicente Fox. Responsabilidad Social.,"Jan 15, 2019",776,1.772,2134,0.83
q_LAd7YAgQA,"Escándalo en el Mundial: Racismo, denuncias contra el VAR y furia por parcialidad","Jul 8, 2026",120,1.739,18971,0.138
kEeDNDPZGdM,Terremotos e inundaciones en Venezuela: la crisis humanitaria sigue en aumento,"Jun 29, 2026",86,1.733,27874,0.088
rf2ZNxBVtRI,Colapso sin precedentes: Spirit Airlines detiene operaciones y deja miles en incertidumbre,"May 5, 2026",101,1.718,16335,0.175
PGJL9fOzPyY,"Luis Franco, Director del Centro Médico Dominico Cubano","Jul 2, 2021",264,1.701,2015,0.844
xvK9VqlIKqw,De la adversidad al éxito - La inspiradora historia de Indira Marielis Ramos y Hair Plus,"Jan 7, 2025",335,1.659,7521,0.221
YuFvhexloU8,Ni la intervención de Trump evitó la caída de EEUU ante Bélgica,"Jul 7, 2026",101,1.659,15103,0.174
tPqs-Eg_CSo,Arturo Grullón - Banco Popular Dominicano - Mejores Empresas Para Trabajar 2020,"Sep 9, 2020",1192,1.629,2054,0.793
mTVRC-5Wfwg,EL GENIO DE LA CONSTRUCCIÓN EN REPÚBLICA DOMINICANA,"Jan 5, 2018",178,1.596,2847,0.559
r8tFd1Yr15I,Mauricio De Vengoechea - Mercado Interview,"Jul 27, 2020",1621,1.568,1718,0.913
OpryEs10RUs,De campeones a sancionados: las consecuencias de la Albiceleste,"Jul 22, 2026",96,1.556,17558,0.141
X6KHuqiv1Vk,Roberto Stark   Parte 2,"May 30, 2019",1317,1.521,1038,1.466
7yDbDj9aGZ4,El gobierno de Donald Trump anució cierra total del espacio aéreo venezolano,"Dec 1, 2025",44,1.495,26982,0.109
bTO37XyC3Ko,La guerra invisible del petróleo barcos ocultos y una economía en alerta,"Aug 13, 2026",106,1.449,15512,0.154
xZBFit01QqI,Trump rechaza defender a Taiwan pero mantiene la relación comercial,"May 15, 2026",79,1.445,16671,0.137
JIGCw09kuP0,¿Cómo Newlink ha mantenido la reputación de marcas por 20 años? - Eduardo Valcárcel,"Nov 14, 2024",310,1.436,2910,0.493
nEjGERMOI6Q,"César Iglesias, pionera en el mercado de acciones","May 11, 2022",112,1.428,2682,0.532
JMrtB123uYw,Terremoto en Colombia reaviva las alertas,"Aug 10, 2026",110,1.421,17898,0.114
lN2hM1irObo,"Franklin Vásquez, Vicepresidente Ejecutivo de UNIT","Jul 28, 2021",263,1.409,773,1.823
JQc7Pz-AT04,Saymon Díaz: Innovación en el Entretenimiento en RD - Mercado Interview,"May 17, 2024",1669,1.385,11673,0.119
n7kcI3dGZa4,Visión Emprendedora 2016 - Cover Story: David Collado,"Jul 1, 2016",315,1.381,4192,0.329
DFhkhJrRcj4,Alerta: Irán y EE.UU. acercan nuevamente la guerra,"May 18, 2026",62,1.363,16535,0.143
92oOJrePRJw,El “Súper Niño” amenaza la estabilidad económica regional,"May 19, 2026",92,1.362,18615,0.125
dpYDlHrROGo,La CIA visita Cuba para entregar “ultimatum” diplomático,"May 15, 2026",95,1.348,13579,0.156
G_LouDLDsmo,Freddy Rossi: CEVALDOM y su legado en el mercado de valores,"Apr 30, 2021",283,1.34,595,2.252
rk19hO8ssbA,Entrevista Embajadora de los Estados Unidos en República Dominicana Robin Bernstein,"Jan 11, 2019",429,1.314,2507,0.524
YR3Ymk8Z4ZI,Tiendas Garrido: Apertura y expansión para dinamización de la economía,"May 24, 2021",295,1.311,1483,0.884
AVFsmtp5GDg,La Nacional es sinónimo de confort y garantía,"Apr 15, 2015",295,1.31,4764,0.275
VVkKppU5sH0,Infraestructura devastada y millones de afectados el costo de la tragedia en Venezuela,"Jun 30, 2026",84,1.264,15272,0.136
NGbiZM-qQWc,Intento de atentado en Washington obliga a evacuar a Donald Trump durante cena oficial,"Apr 26, 2026",36,1.251,21975,0.112
xaNC8BMf9qQ,"Entrevista al ministro de hacienda, Donald Guerrero.","Mar 25, 2019",972,1.241,4123,0.301
0492iikDzQw,Arquitectos Óscar Imbert Tessón y Antonio Segundo Imbert,"Jun 22, 2017",318,1.215,1854,0.655
1EsjiD5ehgE,José Gutiérrez Ríos - Mercado Interview,"Dec 30, 2020",274,1.206,1269,0.95
thJuwFopEc8,La importancia del legado familiar en las empresas - Patricia Janiot,"Sep 28, 2024",2416,1.201,472,2.549
ax6o063nd10,¿Mundial de 64 selecciones?  La propuesta que divide al fútbol,"Jul 13, 2026",95,1.193,15823,0.121
oGpKQb27EYM,"Trump juega su propio Mundial: Visas denegadas, interrogatorios y caos logístico en la Copa 2026","Jun 18, 2026",105,1.159,7004,0.259
sRWNfbpYGLo,"""La Garra""  presidencial: El histórico y millonario festejo de cumpleaños de Trump","Jun 15, 2026",84,1.15,7353,0.256
c85HfC8pgm4,El capricho de la mejor carne del mundo,"Mar 15, 2019",277,1.142,1464,0.78
KRJhrY9JovU,Frank Rainieri - Mercado Interview,"May 6, 2020",1638,1.123,1698,0.661
q4ft-ZMhcak,Entrevista a Raquel Peña para Powerful Women 2019,"Apr 23, 2019",415,1.114,19723,0.056
s4RNgBWCK3U,"El Catador: 25 años de evolución de mercado, cultura de vino y amistad - Mercado Podcast","Jul 26, 2024",3271,1.105,482,2.306
JenpbYq6jTA,Raffaella y Emanuela Delfino - Presidente y VP de Finanzas - Consorcio Remix,"Dec 11, 2020",568,1.092,864,1.265
nAqZsBrgO6o,EE  UU  alivia sanciones a Irán mientras Israel mantiene la presión militar,"Jun 22, 2026",82,1.082,10313,0.17
2q6_I5MrXfc,José Herrera (Hire Horatio): Servicio personalizado por cualquier canal,"Apr 13, 2022",389,1.076,790,1.362
g7d9tAtclKY,Cynthia Hudson - CNN en Español,"Nov 18, 2019",598,1.069,750,1.425
KqIpSIBGdn4,Irán declara ''totalmente abierto'' el estrecho de Ormuz: ¿Fin de la guerra?,"Apr 17, 2026",128,1.065,13451,0.114
eswczmi1PwY,Tragedia en Venezuela: suben las víctimas y continúan las réplicas,"Jun 26, 2026",91,1.056,13111,0.126
YuYyz57dX4U,Rolando González Bunster - Power Talks,"Sep 15, 2020",2336,1.055,929,1.136
xXMDniYPcMA,"Carlos Bonilla, Director del Instituto Nacional de la Vivienda (INVI)","Jun 17, 2021",283,1.054,775,1.36
_SMitPo82P4,"Noval Properties, una historia que empezó en el Este y ahora llega al Norte","Mar 16, 2022",131,1.047,582,1.802
sfxcrO6nDr0,Intervención de Trump deja a la Fifa bajo fuego,"Jul 6, 2026",87,1.02,9106,0.175
5wlT-9_K3iE,Pablo Wiechers - Gerente General - Nestlé,"Mar 10, 2021",521,0.988,644,1.534
gsqjyK-9K-k,Lucila Wynen - Philip Morris International - Mejores Empresas Para Trabajar 2020,"Sep 9, 2020",588,0.985,1024,0.962
T3fL_dgX8pw,Las dinastías del poder: controlan la riqueza empresarial en EEUU,"Jul 1, 2026",136,0.957,8249,0.19
j7M78g_7rmw,"Dulce Marchena, Directora de Recursos Humanos de Scotia GBS","Jul 19, 2021",254,0.92,919,1.001
NEnjCyjexjc,El Catador y la revolución del vino con legado en Dominicana | Gonzalo Entrecanales,"Jun 27, 2025",568,0.912,417,2.187
c7zWLL0g2hI,José Ignacio Paliza - Ministro Administrativo - Presidencia de la República,"Nov 17, 2020",562,0.907,1765,0.514
cyzRwGup9q4,"Urban Group, atractivas opciones para una inversión rentable y segura","May 20, 2022",247,0.89,405,2.198
BjcTkSyO1_M,Seguridad vs. derechos: el costo institucional del modelo Bukele,"Apr 28, 2026",82,0.876,12706,0.12
s9LTXLKRvGY,"Dionisio Gutiérrez, presidente de la Fundación Libertad y Desarrollo","Oct 1, 2021",489,0.863,11586,0.074
MVMBSNgkAag,40 Under Forty Next Generation: Omar Fernández,"Nov 13, 2014",300,0.857,7211,0.119
ATzDQ6aEFJE,Escándalo en Venezuela se revela desvío de ayuda humanitaria tras los terremotos,"Jul 6, 2026",74,0.854,12947,0.101
X5TjA4xC-XM,One to One: vicepresidenta Raquel Peña,"Apr 7, 2022",1968,0.851,679,1.253
rpx1xIZ1NE0,Sin vía electoral ¿Ortega abre la puerta a una nueva dictadura en Nicaragua?,"Jul 21, 2026",111,0.85,10810,0.115
dxtzizqM51M,¿Cuál es el impacto del EPA en la economía dominicana? - Katja Afheldt,"Dec 16, 2024",368,0.848,627,1.352
A91dbCv6xAk,EE  UU  acusa formalmente a Raúl Castro por derribo de avionetas en 1996,"May 22, 2026",84,0.846,11682,0.117
jwEBM7ct3U4,"Luis Miguel Pereyra, socio fundador de Pereyra & Asociados","Sep 9, 2021",182,0.845,656,1.29
0MT4j6j1Lac,Cadena de suministro de América Latina en riesgo: El Conflicto Panamá-China,"Apr 29, 2026",112,0.844,12195,0.114
Rbv_xNnkDNk,"Dr. Javier O.  Morales - Curatech, la medicina que inicia con un mensaje","Feb 11, 2021",1134,0.839,493,1.702
i_GISMuNI8U,¿Por qué es importante el conflicto del Estrecho de Ormuz?,"Mar 20, 2026",85,0.831,9528,0.141
ydrZmVcBqqg,Víctor Pacheco: 'Los dominicanos podrán viajar a precios económicos',"Apr 26, 2022",177,0.819,329,2.489
FlFwafyREag,Entrevista a Félix García Presidente de Afconagro,"Jul 20, 2018",701,0.818,1820,0.449
x_cTrE1NQnA,"Entrevista exclusiva con Ligia Bonetti, presidente Grupo SID","Mar 23, 2018",521,0.81,2541,0.319
SGgqS5ED5cc,Derecho en la era digital: ¿Cómo regular la Inteligencia Artificial (IA)? - Javier Cremades,"Oct 3, 2024",689,0.802,355,2.265
ilsLVm55BgE,¿Cómo el SNS está democratizando la salud en República Dominicana?,"Jan 29, 2025",388,0.769,7842,0.098
Kq_50FTdxkk,"Carlos Paulino, VP Mercadeo y Administración de Constructora Pedralbes","Jun 15, 2021",256,0.764,316,2.418
nXOkxhvy9S0,¿Y si la educación realmente se adaptara a cada niño? | María Fondeur y Yazmín Estrella,"May 14, 2026",868,0.757,4779,0.17
5-PO8pf492M,DOMINICAN WATCHMAN. Historia de un referente en seguridad,"Mar 27, 2024",2532,0.744,679,1.096
zRx481ncgjY,Entrevista con Vicente Fox. La Educación y la Familia,"Jan 15, 2019",302,0.733,1214,0.604
Tno107P0acQ,Market Brief Summit 2021 - Nuevos Tiempos en el Mercado de Valores,"Nov 11, 2021",17236,0.719,1412,0.509
VZrNfq2_h4U,ICE bajo la lupa: dos muertes más en operativos migratorios,"Jul 14, 2026",135,0.718,3772,0.276
W-J11wpZ-bI,Cover Story Región Norte: Mícalo Bermúdez,"Jun 12, 2015",522,0.711,1660,0.428
Lf41mFlL2xg,"Alexandre Carreteiro, CEO de Nestlé","Jun 15, 2018",740,0.711,861,0.826
ss9l63wFing,"Hermanos Bonarelli: El secreto de ""El Catador"" detrás de 500 millones de copas","May 29, 2024",330,0.71,10674,0.067
96YO4jJZX1s,Castañer da un paso clave en República Dominicana,"Mar 15, 2019",92,0.709,529,1.34
qDC1S1XN3fQ,Paola Santana: Moonshot Mindset & Disrupción Tecnológica de Alto Impacto,"Mar 23, 2018",1461,0.695,1001,0.694
2Bf-1AurgrA,Manuel Diez: inversión de Goldman Sachs impulsa el nacimiento de ALYON,"Oct 26, 2021",306,0.689,425,1.621
cSQ0-OhINIg,Trump refuerza la “Presión Máxima” contra Irán,"May 1, 2026",89,0.688,10329,0.104
2wxuLC8iVRg,EEUU sale del cierre de Gobierno,"Nov 19, 2025",43,0.683,5067,0.22
iyipM3wCg0k,Ligia Bonetti - Mercado Interview,"May 19, 2020",2262,0.68,845,0.805
S57GSO_I-x4,Equifax International - expandiendo su línea de negocio por todo el planeta,"Apr 21, 2022",342,0.677,210,3.224
Jc7p2sljXzw,Marco Rubio señala la corrupción cubana y ofrece ayuda sin control estatal,"May 20, 2026",115,0.674,5982,0.169
rWvSXF6-zNs,Gabriela Frias de CNN Entrevista entrevista Frank Rainieri,"Oct 28, 2013",640,0.663,1805,0.367
6PGJ6Lr3P18,Carlos Bonilla - Director - Instituto Nacional de la Vivienda (INVI),"Nov 23, 2020",120,0.658,643,1.023
jBD4LHGtpGc,Ataque contra Trump: sistema de seguridad bajo presión,"Apr 27, 2026",148,0.655,9138,0.114
LI4BTntJUAw,¿Cleopatra descansa en el Taposiris Magna? - Dra. Kathleen Martínez,"Dec 10, 2024",57,0.655,13228,0.073
Z4NiKm3wGck,"Grupo Coral Hospitality Corp., innovadores en servicios turísticos","Dec 14, 2021",536,0.649,315,2.06
DtbF-bJgrAU,Documental Mercado Education 2026,"May 25, 2026",1303,0.645,2143,0.313
fvyHLJ4F2VQ,"Carolina Mejía, una 'Change Maker' imparable","Sep 9, 2021",805,0.645,1115,0.578
I9RXj20hIJo,Samuel Ramírez - Gerente de División Negocios de Avance Capital Comercial,"Sep 17, 2020",734,0.644,243,2.65
LCWnSWk8uHE,"Romina Seltzer, VP Senior de Productos: El nuevo e-commerce según VISA","Aug 31, 2021",1690,0.628,139,4.518
wPBCZpyC2dQ,Fedor Vidal - CEO de Arium Health - Semana de Salud,"Oct 1, 2020",1611,0.622,439,1.417
9l0ZdInpWNc,La visión galáctica en los negocios de Manuel Corripio,"Nov 27, 2017",1945,0.619,870,0.711
VVhXBxviFjc,ÚLTIMA HORA: Tregua de 60 días entre EEUU e Irán tras hostilidades espera la aprobación de Trump,"May 28, 2026",70,0.61,6835,0.14
IPdPJ6rxE7k,"""Be bold, take risks, and succed""- Miriam Olivera, ejecutiva de Mastercard.","Apr 12, 2019",997,0.606,856,0.708
le8ByevJtV0,¿Fin de la guerra y la crisis energética?  Ormuz vuelve a abrirse,"May 6, 2026",103,0.598,6361,0.148
zzWuD3GwkC0,"Seguros Universal, líder en el país","Jun 22, 2015",162,0.587,972,0.605
aUktl5Q3PXc,Gabriel Gutierrez - Gerente General de UBER para Panamá y Caribe,"Dec 23, 2019",131,0.587,299,1.963
UPHZlxw3q_g,Ultimatum de Trump: Alerta de la economía global,"Apr 6, 2026",74,0.586,6286,0.125
4g7DdjPe_pE,Asociación Cibao. José Santiago Reinoso Lora. MEPT NORTE 2019,"Jul 9, 2019",575,0.577,557,1.036
6MVG-cYNwWs,¿Puede Colombia cambiar de rumbo político en solo una semana?,"May 25, 2026",96,0.569,11587,0.08
rIJ0y72-U9o,"Freddy Rossi: Cevaldom, enfocados en ofrecer seguridad a sus clientes","Mar 23, 2022",120,0.544,496,1.097
KkF5DiVOm0I,Medicina Ilustre 2015: Dr. Luis Taveras Guzmán,"Oct 19, 2015",217,0.542,1053,0.515
Snkb0Qeeb6k,Conoce el costo de las boletas del Clasico Mundial 2026,"Mar 13, 2026",58,0.54,6168,0.14
71C5XsWII7U,Patricia De Moya con Camilo en CNN,"Dec 4, 2018",923,0.538,899,0.598
4EFWKqojc1Y,Francisco Salguero - Gerente de RRHH Desarrollo Organizacional - Casa Brugal,"Oct 28, 2020",525,0.536,397,1.35
1fIxLDGNBE0,Isabel Rojas,"Jul 4, 2025",71,0.534,3366,0.258
96yyTLrf-Xs,Elianne Vilchez - VP Ejecutiva ‎Bolsa y Mercados de Valores de la República Dominicana,"Feb 2, 2021",484,0.531,444,1.196
tUg0AAR6fVg,"Carlos Díaz-Rosillo, director del The Adam Smith Center for the Study of Economic Freedom","Oct 5, 2021",370,0.53,288,1.84
oT4nPPEX_oA,G7 Bajo presión por el incógnito pacto nuclear,"Jun 16, 2026",97,0.523,4850,0.17
hj_AfeAMIRU,Mercado Women's Leadership Summit 2020,"Oct 22, 2020",9447,0.522,2241,0.233
lgGWXn0gFbI,"Hecho en RD, pensado para el mundo: la visión de Cervecería Punta Cana","Apr 25, 2025",329,0.517,37093,0.015
hYSpNJorCno,El origen de la COVID 19 vuelve al centro del poder en Washington,"Jul 30, 2026",145,0.514,4852,0.148
kmWJPuDHROA,Market Brief Summit 2020,"Nov 25, 2020",12216,0.513,1170,0.438
VylENHnZRf0,Mercado CEO Edition - Cover Story: Rolando González Bunster,"Jun 7, 2016",373,0.507,1562,0.324
X7n0n2T3EBY,Manuel Grullón H. - Fintech,"Sep 17, 2020",629,0.504,487,1.035
hJrOGlmtaaQ,Transformación Digital en la Industria de la Salud por Andrea Barbiero,"Sep 6, 2019",2104,0.503,454,1.108
pdihekua3d4,IMPACTO DE EL NIÑO El fenómeno que va a cambiar el clima del planeta este año,"Jun 3, 2026",89,0.502,7016,0.121
io-TeeidhV8,José Manuel Infante - Fundador y Presidente de CSI - Tech Talks,"Sep 28, 2020",812,0.494,491,1.006
b_ApiwVKmzQ,Dream Team Summit 2018. Miguel Jose Moya - Parte 1,"Jul 5, 2018",617,0.493,717,0.688
xekQ0qI2Hmw,El bloqueo naval continúa: la crisis mundial crece,"Apr 15, 2026",85,0.493,5809,0.129
ycfzZgddJc0,"Luis Miguel De Camps, Ministro del Ministerio de Trabajo","Jul 19, 2021",448,0.492,675,0.729
-zdjLu6bwWM,"Alex Castillo, Fundador y CEO de Neurosity","Jul 24, 2021",167,0.49,572,0.856
Pb7NR1gu8vg,"La importancia de las remesas para el desarrollo de RD, junto a Banco Unión","Jun 16, 2021",242,0.487,357,1.364
em-EKAJ0s8g,Power Issue 2015: Víctor Gómez Bergés,"Sep 21, 2015",179,0.485,593,0.818
Sd5rA8EFEuQ,Sin control del uranio Lo que oculta el documento filtrado entre Trump y Teherán,"Jun 17, 2026",92,0.483,3295,0.212
wYLUbeu3zew,José Del Castillo Saviñón: Just 40,"Nov 12, 2015",208,0.483,478,1.01
ogQ-3zTg7bU,"Jean Alain Rodríguez, Director del CEI-RD- Conversa con Revista Mercado","Jul 21, 2014",395,0.477,1075,0.444
uDqOaRnDb34,Mercado Women's Leadership Summit 2020,"Oct 21, 2020",9501,0.477,15818,0.03
QXty9P3vrS8,"Andy Dauhajre, economista y director ejecutivo de la Fundación Economía y Desarrollo, INC","Jan 10, 2017",354,0.476,1733,0.275
t1cjEnSdWJE,Cuando un milímetro cambia una vida: la precisión detrás de la cirugía robótica | Rene Sotelo,"Dec 19, 2025",560,0.476,204,2.274
61-KZl9oTsc,Enrique Mesones - CEO Perú Connect,"Dec 23, 2019",102,0.47,198,2.374
0znAXFposzM,Jaime Fernández - Operations Manager - ELECTROM,"Nov 12, 2020",276,0.468,288,1.625
8_PAB6dxWoU,"Valores, pilares de la cultura organizacional y continuidad empresarial - Jaime Ozores","Sep 27, 2024",2868,0.467,183,2.552
U3C7xq4MXkI,Energy Summit 2025 - ONE TO ONE - Celso Marranzini La Deuda Cultural del Sistema Electrico,"Jun 17, 2025",1139,0.463,107,4.327
bp-rXclppw0,"José Mateo: 'Quien domina la data, domina el mercado'","Apr 26, 2022",142,0.462,259,1.784
Tn-nxa1zyIw,HTS Fiduciaria es el aliado perfecto para el éxito de tus negocios,"Dec 23, 2021",124,0.457,179,2.553
UqtzPzAIGYc,Dora lockhart Directora Gestión Talento Humano Pasteurizadora Rica,"Sep 9, 2020",453,0.454,443,1.025
KGaTYTBeMik,Diego Favarolo. Speaker International. Tech Talk Event 2018,"Nov 20, 2018",746,0.451,498,0.906
sxEOiR5txD8,"C-VEN Technologies, soluciones tecnológicas eficientes","May 27, 2021",415,0.446,225,1.982
9JkcqtBKizk,"Hidrobombeo, solar y eólica: el plan que transformará la matriz energética dominicana - EGEHID","Jul 17, 2025",509,0.428,30904,0.014
ZCh14XOuqeo,Peter Baudenbacher CFO Nestlé Dominicana,"Feb 9, 2017",94,0.424,692,0.613
BPzJyKQmZ-w,Alanube: La solución líder en facturación electrónica,"Apr 1, 2022",199,0.423,317,1.339
-mzAVveYw7g,"José Alfredo Rizek, fundador y socio director de Rizek Abogados","Sep 10, 2021",313,0.423,266,1.596
hDev5jQFFqk,"José Manuel Alburquerque, Socio Director de Alburquerque Abogados - Consultores","Sep 7, 2021",178,0.423,233,1.815
FDWJvHnBCtY,"Maeno Gómez Casanova, CEO de Maeno & Co","Jun 6, 2019",264,0.42,459,0.88
mnXP1L6TDZE,Alcalde Raymundo Ortiz: Desarrollo y avance para San Pedro de Macorís,"Feb 2, 2022",297,0.419,900,0.466
a75MEt5jnpI,Gina Lovatón (Voxel Caribe): Haciendo realidad la facturación electrónica en RD,"Apr 14, 2022",280,0.418,328,1.274
O_H0Pds_zpU,"THRIVE, lo último en coworking en la República Dominicana","Jun 6, 2019",170,0.417,250,1.668
uwYRnem0B1w,República Dominicana derrota a Venezuela en el Clásico Mundial de Béisbol 2026,"Mar 12, 2026",50,0.413,9064,0.078
qnZiKsEHFrE,Entrevista a Hipólito Mejía,"Oct 29, 2013",685,0.402,776,0.518
rXO3B--cjns,Entrevista al CEO de BMW Group Latinoamérica Alexander Wehr,"Feb 4, 2019",305,0.401,691,0.58
EZlaXtpDVZA,"Dr. Gastón Gabin, CEO de CEMDOE","Jul 1, 2021",312,0.4,591,0.678
LOl8U5Eg3vg,"Nuria Vilanova, presidenta del Consejo Empresarial Alianza por Iberoamérica (CEAPI)","Oct 5, 2021",324,0.393,627,0.627
qOc9xB6XSwY,Carlos Flaquer - Manager Caucedo Logistics Center,"Apr 11, 2019",1066,0.392,321,1.221
fuQD89PBOJw,"Francisco Vásquez, Gerente de Ventas de Lexus en Delta Comercial","Jul 26, 2021",161,0.387,454,0.852
OEDQIl0hbp0,Curbo redefine la forma de adquirir tu vehículo ideal,"Feb 18, 2022",238,0.384,318,1.208
WZHFSSEJSz8,"Andy Stalman, ícono y tótem del branding","Dec 15, 2021",163,0.384,368,1.043
Oc5qUuVaBJc,Nora Colón - Gerente Gestión Humana - La Aurora,"Dec 3, 2020",430,0.383,405,0.946
wrDvvR5LYxg,Gilda Vásquez - ALTICE Dominicana - Mejores Empresas Para Trabajar 2020,"Sep 9, 2020",540,0.381,654,0.583
UPIxgt5NuB8,Cómo Cesarina Beauchamp convirtió su pasión por los aviones en una carrera de éxito,"Dec 18, 2023",2027,0.379,302,1.096
FPhdaGgto30,Rodrigo Miranda: Cómo usar la IA para ser más competitivo y más humano,"Apr 20, 2025",491,0.378,94,4.021
BTMRl0MuyDM,Entrevista a Juana Barceló. CEO Barrick Pueblo Viejo.,"Oct 8, 2018",948,0.377,866,0.435
7ApLXTdrA20,"Eduardo Domínguez Imbert, Presidente de CADOCON","Jun 17, 2021",379,0.376,229,1.642
eNTImZSfsTo,Promipyme: Líder en Microcréditos y Desarrollo Empresarial de las MIPYMES en RD,"Jun 14, 2024",325,0.376,9185,0.041
1VMYuH9K0zA,Stella León - Power Talks,"Sep 15, 2020",1214,0.375,608,0.617
-UaQ-9GawPM,10 terremotos en 7 meses la cadena sísmica nos mantiene en alerta,"Aug 12, 2026",159,0.375,8047,0.119
MvLSK_7kUU4,"El riesgo como aliado de la comunicación de marcas, por Yvonne Patxot (OR Advertising)","Apr 9, 2024",1628,0.373,174,2.144
7iVab2oyQB4,"5,000 soldados a Polonia: jugada geopolítica de Trump","May 22, 2026",88,0.371,4957,0.124
QrUhsW8Zn8c,"Andrés López, Director de Ventas de Ansamed: ""Estamos enfocados en el paciente""","Aug 26, 2021",279,0.369,176,2.097
nA-oFX9Gcc8,MERCADO MEPT 2024 SUMMIT - Mejores empresas para trabajar,"Jan 11, 2025",126,0.367,91,4.033
geuL0oeuaaU,"Patricia González, Presidenta de Amadita Laboratorio Clínico","Jun 30, 2021",257,0.367,530,0.692
tU6LmJexgyU,Familia León - Family Values 2023,"Dec 7, 2023",6318,0.367,86,4.267
c5vsKM4mVB0,Cilpen: Cumpliendo con los 17 Objetivos de Desarrollo Sostenible,"Mar 21, 2022",306,0.367,863,0.424
XqQI2vCgqEM,"Guerra, petróleo e inflación: el nuevo frente económico global.","May 12, 2026",103,0.366,4326,0.147
W3AxNuq57bE,José Zapata - VP Ejecutivo - Grupo Humano : Semana de los Seguros,"May 13, 2021",367,0.365,294,1.241
u_9gzh45rus,"Edmundo Aja, más que un empresario","Feb 21, 2017",219,0.362,702,0.516
RoHQXkK0Sjs,Golpe judicial a la guerra comercial de Trump,"May 8, 2026",89,0.359,3837,0.15
Z1kL4H4w-Cg,Fantino Polanco - Viceministro de Desarrollo Industrial - MICM,"Feb 10, 2021",360,0.358,193,1.894
30O15yTA2_Y,Alerta sanitaria en Estados Unidos por un parásito intestinal,"Jul 15, 2026",94,0.355,2932,0.198
3fX2XtqoAMk,Erick Van Egeraat,"Jun 5, 2018",3875,0.354,460,0.77
IpJlA5RovMg,Carlos J. Marti Ramos - Dir. Gas Natural y Energías Renovables - Martí,"Nov 13, 2020",223,0.353,1589,0.222
hGO4oCxf5ok,Estados Unidos en alerta por caso de ébola,"May 19, 2026",90,0.353,3535,0.177
fZQRPBKU8UA,Dominicana Inteligente Tech Talk Summit 2022,"Mar 29, 2022",104,0.353,292,1.209
UJ5dDzga0kk,Escenario extermo: el petróleo podría subar a US$ 200 por la crisis de Irán,"Mar 30, 2026",49,0.352,4774,0.132
DCvcdq8sjtg,"Mónika Leschhorn, Cofundadora y CEO de Costa Youth","Jul 5, 2021",173,0.352,338,1.041
y0-PC407Egw,"Solvex Dominicana, servicios empresariales desde la nube","May 27, 2021",362,0.351,325,1.08
lAD3pWbboPo,"Annerys Rodríguez, Sheyly Viuque y Tanzania Reynoso al timón de la AFP RESERVAS","Nov 10, 2021",216,0.347,291,1.192
FDp2na4qrEg,Discapacidad auditiva: La Dra. Quéliz destaca la importancia de la atención temprana,"Jul 12, 2024",640,0.342,943,0.363
lMsGzIRBmOM,NODO GLOBAL – soluciones logísticas integrales en un solo punto,"Apr 25, 2022",282,0.342,399,0.857
vA3WzWTU5l4,"Dr. Rafael Yunen, Presidente del Grupo Yunen","Jun 28, 2021",361,0.34,398,0.854
ouVgA5OsWos,"PLAN SUPÉRATE. Gloria Reyes, la estratega detrás de este proyecto","Mar 27, 2024",883,0.339,354,0.958
jLcjWcHzJDQ,Luis Miguel Guzmán - Presidente de C-VEN Technologies - Tech Talks,"Sep 28, 2020",931,0.338,183,1.847
nx2-dGLpQ9E,Descubriendo la tumba perdida de Cleopatra en Egipto - Dra. Kathleen Martínez,"Dec 11, 2024",31,0.338,7751,0.064
A2AftDgiCdQ,¿Por qué el Mundial 2026 cambiará el fútbol para siempre?,"Jun 10, 2026",83,0.338,5705,0.111
gvI0MoULq4I,"Grupo Piñero a 50 años: innovación, expansión y propósito con Encarna Piñero","Mar 24, 2025",1507,0.334,161,2.075
1gh1MRis4Ak,"Jessica Weinerth, CEO de Corotos","Jul 7, 2021",244,0.331,309,1.071
8pv7dHheOCM,Inka Mattila - Representante residente del PNUD en República Dominicana,"Oct 12, 2020",206,0.33,364,0.907
WX-ncvYcePc,El Psiquiatra como Médico de la Conducta: Dr. Enrique Rojas en el Episodio 1 de Mercado Podcast,"Aug 14, 2024",29,0.33,16011,0.027
7jU7UN0eKZk,Wellington Arnaud - Director - INAPA,"Dec 11, 2020",382,0.326,437,0.746
tdaKSaNwEHg,Lucila Wynen. Directora Gente y Cultura Philip Morris. Diversity 2019.,"Jul 8, 2019",346,0.323,495,0.653
0EJ_AkUSQNI,Raquel Arbaje: Cómo entiende el poder la primera dama de RD,"Mar 15, 2025",1266,0.323,225,1.448
bqa2Squbc-w,"Antoliano Peralta, Consultor Jurídico del Poder Ejecutivo","Sep 6, 2021",228,0.321,227,1.414
fdJ9GwSgcVM,RDVial - agilizando el tránsito en la red vial de RD,"Apr 22, 2022",274,0.32,255,1.255
WVNnvXyE1Es,Christian Cabral - VP Corporativo - Martí,"Nov 24, 2020",290,0.319,256,1.246
V4dMtmIe6ew,Roberto Herrera - Gerente País - InterEnergy Group,"Nov 10, 2020",282,0.318,328,0.97
qaFYz-eP_-0,Nuria Vilanova - Presidente ATREVIA y CEAPI,"Nov 11, 2019",304,0.318,235,1.353
ulx6HKrIYbo,Frank Elías Rainieri conversa con Revista Mercado,"Nov 15, 2013",339,0.317,1304,0.243
vm1HY10py2U,Celebración de Argentina desata polémica internacional,"Jul 16, 2026",100,0.315,3676,0.135
K_TGOGUWOIU,Wellington Arnaud presenta histórico plan de saneamiento en zonas turísticas,"Mar 22, 2025",474,0.315,507,0.621
CmtcnRbq9JQ,Yermis Peña - Mercado Interview,"Jul 15, 2020",1138,0.309,205,1.507
HmrY5JgqP_c,Dr. Fernando Contreras: 'Podemos prevenir un cáncer de colon a tiempo',"Oct 26, 2021",127,0.305,513,0.595
Rq6XY4AJHzs,Cómo se fundó el BARRIO CHINO en Santo Domingo,"Mar 27, 2024",2603,0.305,166,1.837
Kk-ncGb5_kg,DiDi Food: valor por el dinero es buen precio y buen servicio,"May 6, 2022",283,0.304,653,0.466
4XbCuBmtGTY,"Banco Santa Cruz: Crecimiento, Trascendencia y Valor para RD | Entrevista con Fausto Pimentel","Mar 18, 2025",329,0.302,286,1.067
TbWy6pdT4o4,David Malena: Grant Thornton en RD crea valor en los negocios,"Nov 3, 2021",121,0.301,286,1.052
wJC4G8Pebvs,Entrevista a Marian Salzman. VP communications de Phillis Morris International,"Apr 22, 2019",446,0.3,172,1.744
Y2jSSX8Oagw,Jose Antonio Cabrera,"Jun 3, 2019",563,0.298,301,0.99
69NwxzHbPDU,Fernando del Río: 'En Bepensa siempre superamos altas expectativas',"Jan 12, 2022",481,0.297,286,1.042
RgnNt8LjuC0,"Chef Álvaro Reyes, en la cocina para crear e innovar","Aug 19, 2021",271,0.297,150,1.98
rLzZOqYMBEU,Tensión máxima en el Golfo | ACTUALIDAD,"Apr 13, 2026",118,0.296,3568,0.12
SRahM2hqB4c,"Jesús Francos Rodríguez, Socio de Medina Garrigó Abogados","Sep 8, 2021",177,0.291,138,2.109
we_XT71RXBY,"Mercado Sports: Fernando Queipo, presidente de los Titanes de Santo Domingo","Jul 15, 2015",195,0.287,236,1.216
R6bZ4MR1bqI,Carlos Asilis - Mercado Interview,"Apr 21, 2020",1449,0.286,395,0.724
DXpZCRvpaxo,"Morten Johansen, CEO de DP World: 'Conectividad para el progreso'","Sep 1, 2021",177,0.285,273,1.044
aAR8dGZObJA,Celebrar con moderación: la visión de Diageo y Johnnie Walker en RD | María Gabriela  Mabo,"Dec 18, 2025",257,0.285,90577,0.004
BBCp78oAMPk,Change The World Summit 2022,"Feb 10, 2022",7134,0.284,688,0.413
CotGbqYrTD0,"Andrés Lugo-Lovatón y Carlos Camblor, cofundadores de Divano","Apr 11, 2022",206,0.283,250,1.132
0soDf59SkSk,"Yasser Mármol, pasión por el marketing","Jul 16, 2021",194,0.283,181,1.564
NFzxyHJFRps,"Pedro Brache (CONEP): ""resiliencia y colaboración, esenciales para empresarios de RD""","May 31, 2022",194,0.282,283,0.996
xlhu8INYrnc,Cómo Fersan transforma el campo dominicano con ciencia y sostenibilidad,"Aug 28, 2025",286,0.281,54009,0.005
z_1EGU9kxpA,Antonio Jorge y Denisse Fondeur - Gte. General y Dir. Comercial - EXCEL,"Feb 4, 2021",613,0.281,188,1.495
feYHZKyNVRg,Rafael De Peña: 'Marcamos el referente de una compañía aseguradora',"Sep 22, 2021",120,0.28,68,4.118
LZTMVky26Do,"Asofidom, figura del fideicomiso esencial para el crecimiento de RD","Dec 29, 2021",322,0.28,207,1.353
2vSiKwoxNwk,"Carlos Cabrera, Vicepresidente Ejecutivo de Servinca","Jun 16, 2021",358,0.28,316,0.886
hJ1skNfvxSQ,¿Quién era «El Mencho»? La historia del narco más buscado,"Feb 24, 2026",36,0.276,3536,0.14
izHlT-yutXw,US$700 millones: la proyección financiera de The Devil Wear Prada 2,"Apr 21, 2026",108,0.276,3466,0.117
5gynKwxqKTY,Paola Rainieri - Mercado Interview,"May 13, 2020",1225,0.275,475,0.579
CBHRHlPZAiM,"Andrés Slullitel, director de finanzas Consorcio Energético Punta Cana - Macao (CEPM)","Feb 23, 2017",240,0.273,546,0.5
DL8su_qHPfg,Extracto discurso Al Gore Santo Domingo noviembre 2010,"Oct 28, 2013",348,0.27,667,0.405
74sBB0YG2Jc,En alerta pero sin pánico: Las Medidas de México ante el Ébola,"May 27, 2026",91,0.27,2865,0.141
9bYquk7aXNA,Artemis II: Un paso hacia marte. Todo lo que necesitas saber:,"Apr 1, 2026",86,0.268,3334,0.116
m0cPcOEQXPQ,Liderazgo e innovación para destacar en un mundo competitivo | Ramón Andrés Brenes,"Nov 11, 2025",208,0.267,81279,0.004
Zv3vA-WHmT0,"MIO, la herramienta financiera ayuda a los comercios en su gestión","Nov 10, 2021",132,0.266,157,1.694
Gn4U_S22h7w,Los cuatro temas de la logística y expansión portuaria en Colombia - Oscar Medina EP 01,"Sep 22, 2024",339,0.266,2307,0.115
0waYhkFY3AM,Orgullo dominicano que convirtió velocidad en millones: Marileidy Paulino,"Aug 6, 2026",97,0.264,3996,0.115
dMeQBxRSd5Y,"Dominique Barkhausen, Fundadora y CEO de Vita Healthy & Fit","Jul 8, 2021",163,0.264,172,1.535
JHe9AzcgYq0,Tensión geopolítica vuelve a escalar: Ormuz el centro del riesgo global,"Apr 20, 2026",112,0.264,3619,0.123
uKADQMMmimg,"Luis Rafael Pellerano, socio director de Pellerano Nadal","Sep 9, 2021",158,0.263,222,1.185
zuVTLokLUQk,Ruth Méndez –Gerente de Negocios– Alpha Inversiones: Groundbreakers del Mercado Bursátil,"May 5, 2021",200,0.263,114,2.319
fZrUGY0I2qg,TECH SUMMIT 2025 Conferencia ¿Cómo Reinventarte en un Mundo Cada Vez Más Digital?,"Apr 12, 2025",2855,0.261,101,2.584
6ReejK8rFnk,Francisco José Pérez Menéndez: Expandiendo negocios españoles en RD,"Oct 5, 2021",259,0.26,100,2.6
039hC2hBPqQ,Brian Paniagua - CEO de GCS - Tech Talks,"Sep 28, 2020",1427,0.259,192,1.349
pHPkLm_vRU4,Trump y Xi  la reunión que pone a prueba el equilibrio mundial,"May 13, 2026",101,0.258,2809,0.142
FXyFBdfB9R0,Alineación total de De la Espriella con Trump: Mano de Hierro con el narcotráfico,"Jun 24, 2026",114,0.258,2715,0.142
u9PoWw-0vBI,Inka Mattila - Representante residente del PNUD en República Dominicana,"Jan 1, 2020",443,0.257,490,0.524
AIG9jKFG_Rg,📢 ¡Conoce el MediTalk SUMMIT 2024! - Salud con Vision de Futuro🌐,"Jun 19, 2024",124,0.256,269,0.952
dk6W57v1evk,Marta Betances –Gerente General– United Capital: Groundbreakers del Mercado Bursátil,"May 10, 2021",216,0.256,214,1.196
tk8Yf14jcaw,BANFONDESA: El banco distinto que transforma desde la base,"Jul 8, 2025",527,0.255,38098,0.007
UBDGk785D7U,Victoria Holtz: El mindset que ya no sirve y cómo reemplazarlo con IA,"Jul 4, 2025",514,0.254,168,1.512
xAl5d5nJu40,"Jorge A. López Hilario, Socio fundador de LH Abogados","Sep 8, 2021",214,0.254,268,0.948
d86jekto08k,"Dr. Núñez Santana, dedicado al manejo integral de la obesidad","Dec 2, 2021",186,0.254,181,1.403
e7735zAnarI,IDA Health Care: Atención médica inmediata y personalizada de calidad,"Mar 18, 2022",272,0.252,153,1.647
IICnHd44kmU,LIDERAZGO FEMENINO DESDE EL AMOR Y EL ACERCAMIENTO - Maggie Henríquez,"Mar 28, 2017",942,0.249,334,0.746
SzWe2rH0WQ0,Perspectivas Económicas y Financieras Mirando al 2024 - Market Brief 2023,"Dec 7, 2023",3366,0.249,36,6.917
dY7OY0i6Tes,"Empresas SURA, una apuesta para las pymes de la República Dominicana","May 18, 2022",228,0.248,137,1.81
j_1kDsuB18c,Saverio Stassi - The Best Of DR,"Aug 28, 2020",490,0.247,269,0.918
6Vvoz7PogGw,"Marisol Vicens, socia senior de Headrick Rizik Álvarez & Fernández","Sep 9, 2021",239,0.246,250,0.984
sFiyV8FOTK4,Cuenta regresiva para Irán: Hasta hoy a las 8:00 P.M.,"Apr 7, 2026",71,0.246,3176,0.12
LXDsXTYLtTQ,Reopen Hosteleria PT3,"Aug 17, 2020",819,0.246,316,0.778
9AKmgcOXQbE,República Dominicana y Nestlé: Un Vínculo de Crecimiento Económico y Sostenibilidad,"May 16, 2024",603,0.244,11057,0.022
ZxT86StiACU,Ignacio Barbero y Alberto Ibeas: por qué RD es el mercado que marca tendencia en Diageo,"Dec 18, 2025",245,0.242,95959,0.003
XUZcakeZ0Jg,Raúl Peña - United Brands - Mejores Empresas Para Trabajar 2020,"Sep 9, 2020",473,0.242,448,0.542
ULJ1Yh943d4,"Thania Gómez Muñoz, Partner de EY Law","Sep 7, 2021",148,0.241,149,1.617
xQRVSvBBgFU,Dream Team Summit 2018 Miguel José Moya - Parte 3,"Jul 6, 2018",565,0.241,220,1.095
rJrs6djF6OE,"Julio Rafael Curiel Daneri, VP Ejecutivo de Grupo Carol","Jun 29, 2021",296,0.24,318,0.755
zMuklHsrDdU,Armando Rodríguez: La eficiencia energética es el corazón del futuro eléctrico,"Jun 7, 2025",399,0.239,123,1.951
kRApPmVPNz0,Víctor J. Rojas - Vicepresidente Ejecutivo - Seguros Reservas,"Dec 3, 2020",416,0.238,236,1.008
1AtBVhE9Rt4,Carlos Flaquer - Viceministro de Zonas Francas y Regímenes Especiales - MICM,"Feb 9, 2021",391,0.238,205,1.161
MULT3KfRt_I,Josefa Castillo – Superintendente – Superintendencia de Seguros : Semana de los Seguros,"May 11, 2021",311,0.238,340,0.7
C5vjcFKPF90,Pedro Casado: Atréviate-te-te a cambiar percepciones,"Oct 13, 2021",251,0.237,180,1.317
BhRRAYecaYk,40 Under Forty Role Model: Eduardo Cruz,"Nov 12, 2014",733,0.237,1460,0.162
p_lVIv17fb4,"Ysabela Molini, una mujer que talló su propia constelación de experiencia","Apr 13, 2022",177,0.236,146,1.616
i7xhqWC1KpE,DPH - servicios digitalizados para el uso de los contenedores,"Apr 21, 2022",215,0.236,190,1.242
FgayW4eB_WI,"Rainier Mallol, Fundador y CEO de AIME","Jul 22, 2021",229,0.236,191,1.243
DLexyNX4HMk,Entrevista al economista Héctor Salcedo,"Jan 29, 2019",313,0.235,402,0.585
HVhZQwN3Fls,José Frank Almeyda - Director Regional de América - ITSS Global : Tech Talks,"May 7, 2021",742,0.233,128,1.82
r5JLVFueLuk,"Servio Tulio Castaños, Vicepresidente Ejecutivo de FINJUS","Sep 6, 2021",213,0.232,169,1.373
ZqzvmT1AbTc,"Gerardo Bongiovanni, presidente de la Fundación Internacional para la Libertad","Oct 1, 2021",486,0.23,270,0.852
HA81GfD4h-I,"Evento ""Mejores empresas para trabajar"" 2024 - Santo Domingo - Mercado MEPT 2024 summit","Jul 18, 2024",67,0.23,2240,0.103
r2KTcYtPIok,Claudio Nuñez - Fortinet,"Jul 30, 2020",1111,0.23,207,1.111
63qgOqbyzaU,Aislamiento bancario ¿Cómo afecta a la economía cubana la suspensión de las grandes tarjetas?,"Jun 5, 2026",87,0.229,1891,0.178
JUJfx0-znFA,El Motor de la Recuperación Pt. 1 - Mercado Exchange Webcast,"Jul 27, 2020",1007,0.229,592,0.387
hasQOK9JQBc,"María de Lourdes de Lasso, una primera dama puesta al servicio","Jun 17, 2022",333,0.229,354,0.647
ET4sRriAMmQ,#VisiónEmprededora2015: The Colonial Gate 4D Cinema,"Aug 5, 2015",342,0.228,488,0.467
kYyeHvybOv8,Medicina Ilustre 2015: Dra. Norma Poueriet,"Oct 19, 2015",152,0.227,416,0.546
iiPFQazVs2Y,Entrevista Sameer Maskey - Founder and CEO de Fusemachines,"Nov 27, 2018",592,0.227,422,0.538
D27UpvDr2n4,"Philippe la Cognata, los tres ejes principales de la acción AFD en RD","Dec 2, 2021",366,0.224,116,1.931
eM6aptRVB0M,Haydée Rainieri en Mercado Women's Leadership Summit,"Mar 30, 2016",955,0.223,593,0.376
vS02JXzqR9E,"Alberto Adam, VP Corporativo de Data Crédito","Jul 13, 2021",265,0.222,210,1.057
gefi6fB4dSo,Empresario Del Año 2020 - Overview,"Dec 23, 2020",82,0.222,178,1.247
Hv6NQV3OfYI,Rodolfo Guzmán enfocado en la experiencia del consumidor,"Apr 24, 2018",433,0.222,297,0.747
0fG82vUvXI4,Patricia Mejía - Nestlé Caribe Latino - Mejores Empresas Para Trabajar 2020,"Sep 9, 2020",781,0.22,416,0.529
t-LtdS9asZI,Ramón Pérez Fermín: 'Es una norma capital actuar en el marco de la ley',"Oct 8, 2021",235,0.22,161,1.366
5I-Eed7HHN4,Planeta en llamas: El impacto letal de la nueva ola de calor global,"Jun 23, 2026",92,0.22,2533,0.141
cQES6g3UisA,Después de 50 años el hombre vuelve a la luna | 2026,"Mar 31, 2026",67,0.22,3166,0.122
VviBs-4gyvQ,Miguel Arenas - ReOpen Hostelería,"Aug 17, 2020",390,0.219,325,0.674
1wtJfRehvzs,"Eduardo Hernández Incháustegui, con la Verdat por delante","May 24, 2022",205,0.218,136,1.603
ekumGe6jWT0,Henry Montero: 'Experiencia incomparable de servicio al cliente',"Jan 11, 2022",122,0.217,116,1.871
94VM-uJ2mS4,"Gina Cordero Pujáls, vicepresidenta corporativa AFP Crecer","Nov 10, 2021",155,0.216,128,1.688
LueU4F3KXp8,"World Law Congress: Santo Domingo, capital mundial del derecho - Ángela Montoya Holguín","Dec 18, 2024",359,0.215,248,0.867
pXOfoj_ZIb0,"TRANSPORTE, LOGISTICA & ZONAS FRANCAS SUMMIT 2025","May 9, 2025",173,0.213,106,2.009
1ChJcykOei8,Lo que no se mostró de la inauguración del Mundial 2026,"Jun 12, 2026",80,0.213,2731,0.119
4nSGI1swIk0,Leman Oliveros - CISCO - Mercado Tech Talks,"Jul 29, 2020",1283,0.212,257,0.825
OgwgJScsKn8,Luisa Fernández - Mercado Interview,"Apr 29, 2020",929,0.212,318,0.667
1Hz1IUbT-cY,Vivian Peña - Squire Patton Boggs Peña Prieto Gamundi,"Sep 9, 2020",1296,0.212,229,0.926
AJQnXKKXLAY,"Hendrik Kelner, de Tabadom Holding, Inc.  conversa con Revsita Mercado","Jul 7, 2015",275,0.211,610,0.346
BOIzaFiP9PY,"PMI, enfocados en brindar apoyo a las personas que gerencian proyectos","Oct 20, 2021",276,0.21,86,2.442
omEDsJlbqB0,Críticas que hacen por ser mujer - Faride Raful,"Sep 25, 2024",37,0.21,3227,0.078
jEp0nHOuZOs,Laura Peña-Izquierdo - VP y Gerente - Peña-Izquierdo Corredores de Seguros : Semana de los Seguros,"May 14, 2021",302,0.21,192,1.094
8f20RMEEj_Q,Rafaela Delfino,"Jun 3, 2019",559,0.209,290,0.724
dR6qAv7nQ3s,Max Corredores de Seguros,"May 12, 2015",377,0.207,207,1
jd_v5UfoRcc,Vision Talk - Una aduana que se transforma: la clave para un HUB logístico competitivo,"May 18, 2025",1034,0.206,52,3.962
mnhqkp9nGRo,"DP World, rompiendo paradigmas como ecosistema logístico","Dec 9, 2021",446,0.206,297,0.694
qHpPacOg2G0,"Equipo de SinerLex Dominicana Abogados Consultores, encabezado por César Rodríguez Jiménez","Sep 10, 2021",252,0.203,231,0.879
T4Qvp2PSA44,¿Se vende el Mundial?  La polémica propuesta que desata una crisis en la FIFA,"Jul 29, 2026",95,0.203,2204,0.16
3aberwqZ7yc,El Poder de los Fondos de Inversión - Market Brief 2023,"Dec 7, 2023",1511,0.203,52,3.904
hNeBCrKi3Ys,"Las ZF, modelo de desarrollo efectivo con Daniel Liranzo, Director Ejecutivo de CNZFE","Jun 8, 2021",267,0.202,264,0.765
gzIQ03BLTKQ,Juan Isaza - VP de Planificación Estratégica en DDB,"Oct 8, 2019",285,0.201,260,0.776
tOGHyX7-7cw,"Andrés Bisonó, Fundador y CEO de SOS Carbon","Jul 6, 2021",158,0.201,322,0.624
pVsh74SZooU,Posibles focos de contagio del HANTAVIRUS están fuera del barco,"May 8, 2026",121,0.201,4421,0.077
tqaaz3z7rlc,Semana del agua con Wellington Arnaud - Director Ejecutivo - INAPA,"Mar 23, 2021",472,0.199,225,0.888
bNVr5UMmizo,Revista Mercado conversa con Dominican Watchman por su 40 Aniversario,"Sep 11, 2014",642,0.198,817,0.242
LktlNETRdn4,"EE UU  habla de avances, Irán niega una firma inmediata ¿Sigue la Guerra?","May 25, 2026",81,0.198,1856,0.176
UL5yDN9srVw,Medicina Ilustre 2015: Dr. José A. Silié Ruíz,"Oct 19, 2015",280,0.196,292,0.671
9eQQ3gO1RcE,"Jose Luis De Ramon, economista y socio director en Deloitte República Dominicana","Jan 10, 2017",269,0.196,612,0.32
0d9F0hXUU5s,"Empresario del Año 2018. Entrevista al presidente de Imca, Pedro Esteva","Dec 10, 2018",602,0.195,621,0.314
ynkzAyq2m4M,"Masters of payments. Tomás Alonso, Country Manager para RepúblicaDominicana y Haití en Mastercard","Dec 22, 2023",1421,0.194,154,1.26
BM7dyEeqt28,MICFootball: El mega torneo internacional que aterriza en República Dominicana,"Mar 16, 2025",410,0.194,324,0.599
5dTRHI0Wdzo,Evelyn Méndez O. - BDO - Mejores Empresas Para Trabajar 2020,"Sep 9, 2020",253,0.193,264,0.731
cSmtd0VQLkw,"RESTART: El método para avanzar, solucionar y trascender – Ney Díaz","Mar 20, 2025",404,0.193,162,1.18
-kfEzBPDmAE,Nashla Bogaert: de talento a empresaria,"Mar 23, 2018",776,0.192,563,0.341
zEH6LIJPQIc,"Paola Giachero, Regional Marketing Manager de hugo app: En el corazón de los dominicanos","Aug 26, 2021",143,0.192,101,1.901
erbWpfItw1A,Las 5 decisiones que cambiaron mi vida profesional - Christian Cabral: 40 under 40,"Nov 18, 2024",425,0.192,149,1.289
HQKJZtRvP7g,"Lourdes Muñoz, de la cima mexicana a la cúspide suiza","May 26, 2022",235,0.191,450,0.424
16FMyAMCO9g,"Jenny González (ADOARH): la IA potencia, la gente inspira","Jun 20, 2025",360,0.19,161,1.18
cOJpkcOCTxY,Pablo Mondragón - Director Centroamérica y Caribe - DIDI,"Dec 23, 2020",823,0.19,114,1.667
o8fmfug3UBY,Bad Bunny - Latin Grammy 2025,"Nov 18, 2025",78,0.19,2237,0.14
mujbjb3UaJA,"Alberto Espaillat, Presidente de Constructora AE","Jun 15, 2021",324,0.189,315,0.6
Mostrando los 500 resultados principales,,,,,,