video_id,titulo,fecha_publicacion,duracion_seg,pct_reproducido,duracion_promedio_vista,vistas,horas_reproduccion,categoria,es_short,ingresos_usd
-vFzNWY2BGE,Una filtración sacude al Pentágono y aumenta la tensión con Irán,"Aug 7, 2026",110,95.06,0:01:44,361183,6997.8685,Noticias breves (geopolítica/actualidad),True,32.97
4qvY6ha5ky0,Oriente Medio en alerta una nueva alianza militar redefine el tablero regional,"Aug 7, 2026",89,103.12,0:01:31,296355,5416.9495,Otros / Institucional,True,33.782
lZCMrOppsJQ,El conflicto ya no es solo entre EE UU,"Jul 31, 2026",84,107.77,0:01:30,238566,4197.9028,Noticias breves (geopolítica/actualidad),True,22.093
u1eAHAlAxkc,Irán refuerza su ofensiva militar y eleva la tensión con EEUU,"Aug 10, 2026",109,98.58,0:01:47,183653,3725.068,Noticias breves (geopolítica/actualidad),True,17.548
uXHYWQckaGg,¿Un nuevo frente de guerra para Trump? Corea del Norte amenza de palabra y lanza misiles de prueba,"Aug 14, 2026",91,97.01,0:01:28,198765,3548.4667,Noticias breves (geopolítica/actualidad),True,19.473
Yj7pQ_ApORY,Prensa Iraní proclama victoria así cuentan el alto al fuego de Trump,"Aug 4, 2026",146,92.86,0:02:15,127538,3480.3431,Noticias breves (geopolítica/actualidad),True,6.407
F8WjE9sjOEQ,Irán exige indemnización a EEUU y Trump responde,"Aug 11, 2026",110,105.1,0:01:55,121432,2618.0991,Noticias breves (geopolítica/actualidad),True,13.044
WHA1yaUsfYc,El presidente iraní admite su fragilidad la crisis es multidimensional,"Aug 6, 2026",106,93.29,0:01:38,114665,2268.9032,Noticias breves (geopolítica/actualidad),True,12.062
I30IfmrSSxg,Una nueva amenaza para el comercio mundial emerge en el Mar Rojo,"Aug 10, 2026",96,119.97,0:01:55,89945,1841.224,Noticias breves (geopolítica/actualidad),True,8.559
iMfY8Nia0WM,"Irán resiste, Trump ¿replantea su estrategia en la guerra?","Aug 3, 2026",120,100.64,0:02:00,77822,1821.5306,Noticias breves (geopolítica/actualidad),True,8.088
3YF_f4ihQP0,¿Irán asoma una amenaza de ataque nuclear al mundo?,"Aug 12, 2026",113,104.56,0:01:58,66912,1533.6359,Noticias breves (geopolítica/actualidad),True,7.801
IuGdJ8838tg,La guerra escala Medio Oriente abre un nuevo capítulo de incertidumbre global,"Jul 24, 2026",82,107.27,0:01:27,68626,1165.4665,Noticias breves (geopolítica/actualidad),True,7.346
yAj3AYOh7yY,¿Se agota los misiles de Estados Unidos Washington niega una crisis militar?,"Aug 5, 2026",112,103.25,0:01:55,47620,1066.4312,Noticias breves (geopolítica/actualidad),True,5.12
ovKMLcMovRQ,Irán eleva amenazas contra EEUU y el comercio energético mundial,"Jul 16, 2026",111,99.45,0:01:50,46331,980.8269,Noticias breves (geopolítica/actualidad),True,4.777
biHUbgJTdFQ,Irán suma un aliado a la guerra y pone en riesgo para la economía global,"Jul 17, 2026",102,93.42,0:01:35,50779,970.1009,Noticias breves (geopolítica/actualidad),True,4.762
Vvfoc_ubQz4,Trump da marcha atrás al polémico peaje del 20% en el estrecho de Ormuz,"Jul 15, 2026",114,97.62,0:01:51,40158,881.7675,Noticias breves (geopolítica/actualidad),True,4.496
XtCQlOmEprI,La presión militar de Irán se mantiene mientras crecen los llamados al diálogo,"Jul 20, 2026",107,96.24,0:01:42,39723,827.7251,Noticias breves (geopolítica/actualidad),True,3.901
Ca2kyRyFk4E,Civiles vuelven a pagar el costo de la guerra entre Estados Unidos e Irán,"Jul 30, 2026",94,103.57,0:01:37,33749,621.1617,Noticias breves (geopolítica/actualidad),True,3.908
kwPlMtpLsyw,Una nueva tensión en el mar Rojo eleva la alerta global,"Jul 22, 2026",84,111.05,0:01:33,33533,600.7099,Noticias breves (geopolítica/actualidad),True,3.633
svQAHfzp87k,La guerra se expande nuevos aliados intensifican la escalada militar,"Jul 29, 2026",76,117.73,0:01:29,34159,572.0542,Noticias breves (geopolítica/actualidad),True,3.759
bNQE74ftIwQ,La tragedia sísmica en Colombia escala el balance preliminar deja terribles cifras,"Aug 11, 2026",132,88.16,0:01:56,22009,474.8496,Noticias breves (geopolítica/actualidad),True,2.101
JMrtB123uYw,Terremoto en Colombia reaviva las alertas,"Aug 10, 2026",110,88.36,0:01:37,17898,338.4038,Noticias breves (geopolítica/actualidad),True,1.421
bTO37XyC3Ko,La guerra invisible del petróleo barcos ocultos y una economía en alerta,"Aug 13, 2026",106,105.43,0:01:51,15512,327.69,Noticias breves (geopolítica/actualidad),True,1.449
5OTqc3ZMUkc,"La guerra entra en pausa, pero la tensión sigue al máximo","Jul 27, 2026",108,106.46,0:01:54,13004,274.1283,Noticias breves (geopolítica/actualidad),True,1.348
-UaQ-9GawPM,10 terremotos en 7 meses la cadena sísmica nos mantiene en alerta,"Aug 12, 2026",159,98.35,0:02:36,8047,237.5638,Noticias breves (geopolítica/actualidad),True,0.375
3CLeZaACFLo,Nuevo riesgo para Irán: conflictos internos por inflación del 90%,"Jul 21, 2026",89,111.3,0:01:39,10881,206.3111,Noticias breves (geopolítica/actualidad),True,1.297
68ZNKFP9ckM,Ataques y represalias agravan el conflicto entre Estados Unidos e Irán,"Jul 13, 2026",100,103.06,0:01:43,9241,181.621,Noticias breves (geopolítica/actualidad),True,0.977
DWdcYHvtJPo,Amenaza contra la vida de Trump sacude el tablero geopolítico,"Jul 10, 2026",89,110.71,0:01:38,5628,107.5424,Noticias breves (geopolítica/actualidad),True,0.615
tNjvI2Nk7BE,Trump asegura que EE UU mantiene capacidad militar y advierte que los ataques podrían reanudarse,"Jul 28, 2026",94,108.62,0:01:42,5243,100.2631,Noticias breves (geopolítica/actualidad),True,0.613
o6u1n5CvBeY,Vuelven los bombardeos de EE UU a Irán por el bloqueo de buques en Ormuz,"Jul 8, 2026",117,94.65,0:01:50,4424,92.6081,Noticias breves (geopolítica/actualidad),True,0.508
0waYhkFY3AM,Orgullo dominicano que convirtió velocidad en millones: Marileidy Paulino,"Aug 6, 2026",97,81.9,0:01:19,3995,51.2725,Otros / Institucional,True,0.264
hYSpNJorCno,El origen de la COVID 19 vuelve al centro del poder en Washington,"Jul 30, 2026",145,92.15,0:02:13,1087,27.6106,Otros / Institucional,True,0.107
36XMpoilps4,¿Puede tomar Trump el control de Venezuela?,"Jul 1, 2026",105,80.78,0:01:24,1256,22.8632,Noticias breves (geopolítica/actualidad),True,0.116
BBt-DWbHX5s,¿Vale menos una medalla centroamericana que una olímpica?,"Aug 5, 2026",111,76.83,0:01:25,809,12.1587,Deportes,True,0.064
ZvBpAfKgJrw,"México, Inglaterra, España y Francia… ¿fuera del Mundial?","Jul 31, 2026",81,99.01,0:01:20,779,10.7978,Otros / Institucional,True,0.077
q9D-V1yfOrw,Redefiniendo la Historia de Cleopatra: La Visión de Kathleen Martínez,"Mar 12, 2026",689,29.98,0:03:26,165,9.3524,Documental (Kathleen Martínez),False,
PP5jnSPUjXE,"Taposiris Magna, el tesoro sumergido que podría cambiar la historia - Dra. Kathleen Martínez Ep.4","Dec 11, 2024",796,40.79,0:05:24,98,8.7489,Documental (Kathleen Martínez),False,0.334
WhxSmfv7Hzw,Tupaq: de una idea a una red nacional,"Aug 3, 2026",506,42.9,0:03:37,144,8.6823,Otros / Institucional,False,
cgItzQG1hJs,Conversaciones con el Dr. Enrique Rojas Episode 4 - Mercado Podcast,"Aug 14, 2024",1286,42.57,0:09:07,53,8.0605,Mercado Podcast,False,0.217
nTHaEn5IKgU,Infantino sigue perdiendo respaldo,"Aug 3, 2026",112,55.31,0:01:01,716,8.0439,Otros / Institucional,True,0.046
cV47gtFgzL8,La otra carrera de Marileidy Paulino construir talento después de conquistar el mundo,"Aug 14, 2026",100,61.6,0:01:01,627,7.6842,Otros / Institucional,True,0.059
2LeA0vrSaKY,Europa dividida la batalla por el control de sus fronteras,"Aug 4, 2026",102,106.77,0:01:48,367,6.9891,Otros / Institucional,True,0.032
JVrzJXcwxkI,La arqueóloga dominicana que logró lo inimaginable – Dra. Kathleen Martínez Ep.2,"Dec 9, 2024",402,33.56,0:02:14,164,6.1084,Documental (Kathleen Martínez),False,0.289
T4Qvp2PSA44,¿Se vende el Mundial? La polémica propuesta que desata una crisis en la FIFA,"Jul 29, 2026",95,89.0,0:01:24,440,5.5405,Deportes,True,0.034
dAGdLBjfrWU,Lecciones de vida y negocios - Don Pepin Corripio,"Mar 12, 2026",770,43.81,0:05:37,56,5.2471,Otros / Institucional,False,
D-TdNA3lRZ0,¿Cómo se produce Ron Barceló?,"Nov 24, 2015",1235,27.68,0:05:41,50,4.7477,Otros / Institucional,False,
82oTAq5xD8k,Juan Carlos Escotet (Banesco): No debe cambiar la estrategia si los resultados son satisfactorios,"May 28, 2025",871,44.64,0:06:28,35,3.7805,Empresarios / Liderazgo,False,
GUwm1t9w1Ts,La Conquista De Un Sueño - Grupo PuntaCana,"Aug 21, 2019",618,56.5,0:05:49,37,3.5885,Otros / Institucional,False,
QA1h1I_c2g4,Informe que anticipó el riesgo sísmico en Venezuela llegó a su gobierno hace 25 años,"Jul 2, 2026",98,67.15,0:01:05,263,3.5227,Noticias breves (geopolítica/actualidad),True,0.025
99LGvbtOvBo,¿La peor derrota de Trump? Opiniones divididas por el acuerdo de paz,"Jun 18, 2026",98,77.53,0:01:15,269,3.482,Noticias breves (geopolítica/actualidad),True,0.019
O9cZyClnfe8,La dura decisión de no ceder el proyecto ni la bandera dominicana - Dra Kathleen Martínez Ep.3,"Dec 11, 2024",304,55.49,0:02:48,74,3.4211,Documental (Kathleen Martínez),False,0.168
JQBx9orXtQU,¿Cómo se produce Ron Brugal?,"Nov 27, 2015",1519,20.56,0:05:12,33,2.8631,Otros / Institucional,False,0.034
MHggLrPp8Aw,Conversaciones con el Dr. Enrique Rojas Episode 2 - Mercado Podcast,"Aug 10, 2024",1030,42.89,0:07:21,23,2.8224,Mercado Podcast,False,0.041
2oRus5S6mUA,Guerra inminente: EE UU e Irán rompen el pacto de paz con bombardeos masivos,"Jul 9, 2026",84,140.91,0:01:58,165,2.6468,Noticias breves (geopolítica/actualidad),True,0.013
AxRpqREtrBU,De la CIA al servicio diplomático: Leah F. Campos y sus prioridades en RD,"Dec 17, 2025",815,38.53,0:05:14,30,2.6171,Otros / Institucional,False,0.062
J-DuD8zx9NI,Mercado Family Values 2023 - Evento completo,"Dec 7, 2023",8600,36.28,0:52:00,3,2.6,Empresarios / Liderazgo,False,0.016
DllHnw8bnVw,Megaincendios temperaturas extremas ponen al mundo bajo presión climática,"Jul 28, 2026",113,66.91,0:01:15,205,2.5837,Otros / Institucional,True,0.015
ED0RuIxS1K0,La guerra sacude los mercados internacionales,"Jul 14, 2026",86,89.65,0:01:17,267,2.5836,Noticias breves (geopolítica/actualidad),True,0.017
4-VS4a7CUz0,Imposición arancelaria sacude los mercados: RD queda en la línea de impacto,"Jul 24, 2026",100,101.83,0:01:41,173,2.5413,Otros / Institucional,True,0.016
n5pRBmJqD8Y,El inicio del viaje tras la pista de Cleopatra - Dra. Kathleen Martínez Ep.1,"Dec 6, 2024",467,25.83,0:02:00,74,2.48,Documental (Kathleen Martínez),False,0.064
i8eUpbgfbxU,La clave para equilibrar cabeza y corazón en la vida y el trabajo - Isabel Rojas Estapé,"Jul 4, 2025",2321,29.16,0:11:16,12,2.2559,Mercado Podcast,False,0.026
L5_DYEWNaOM,¿Será RD el próximo líder energético del Caribe? CLAUDIO HUEPE,"Aug 3, 2026",36,134.51,0:00:48,366,2.126,Empresarios / Liderazgo,True,0.018
7LQtC4u2wH4,"Innovación y mindset digital para crear campañas de éxito, por Yasser Mármol (Liquid)","Apr 10, 2024",1927,53.25,0:17:06,7,1.9953,Otros / Institucional,False,
aDkVGylH4Dg,La derrota expuso el lado más polémico de la Albiceleste,"Jul 20, 2026",134,67.05,0:01:29,127,1.9352,Deportes,True,0.009
D23gDYzOV1w,Mercedes Ramos: una serena sirena al mando de Grupo Ramos,"Oct 20, 2021",353,46.78,0:02:45,36,1.6512,Empresarios / Liderazgo,False,
SYRpkV0YquE,Liderazgo con Luis Galindo: cómo la Psicología Positiva Transforma Vidas - Mercado Podcast,"Aug 7, 2024",4190,9.26,0:06:27,15,1.6158,Mercado Podcast,False,0.088
R6XsdtZiYtA,Claudio Huepe: República Dominicana puede convertirse en líder energético de la región,"Aug 3, 2026",1211,6.68,0:01:20,69,1.5299,Empresarios / Liderazgo,False,
4J2NADZF-Gw,Cómo Arajet transformó el precio de volar en RD: la visión de Víctor Pacheco,"Apr 14, 2026",687,41.57,0:04:45,19,1.5072,Otros / Institucional,False,
rpx1xIZ1NE0,Sin vía electoral ¿Ortega abre la puerta a una nueva dictadura en Nicaragua?,"Jul 21, 2026",111,62.64,0:01:09,117,1.4366,Noticias breves (geopolítica/actualidad),True,0.008
LI4BTntJUAw,¿Cleopatra descansa en el Taposiris Magna? - Dra. Kathleen Martínez,"Dec 10, 2024",57,70.37,0:00:40,239,1.4,Documental (Kathleen Martínez),True,0.009
0EJ_AkUSQNI,Raquel Arbaje: Cómo entiende el poder la primera dama de RD,"Mar 15, 2025",1266,32.81,0:06:55,12,1.3844,Otros / Institucional,False,0.003
kPA6kWxdURM,Conversaciones con el Dr. Enrique Rojas Episode 3 - Mercado Podcast,"Aug 12, 2024",1082,23.6,0:04:15,19,1.3474,Mercado Podcast,False,0.016
wuYK_s440ZI,Stanley Motta Presidente Copa Holdings en entrevista exclusiva para Revista Mercado,"Jul 12, 2018",909,9.13,0:01:22,57,1.3135,Empresarios / Liderazgo,False,0.028
OpryEs10RUs,De campeones a sancionados: las consecuencias de la Albiceleste,"Jul 22, 2026",96,81.26,0:01:18,120,1.2981,Deportes,True,0.009
FU72O7nI7vo,Martín Ibarra: cómo las zonas francas pueden cambiar la historia de República Dominicana,"Aug 5, 2026",821,8.94,0:01:13,57,1.1624,Empresarios / Liderazgo,False,
7ZqlqgxfUp0,Iván Duque: El mundo VICA llegó para quedarse,"Jun 18, 2025",2042,66.93,0:22:46,3,1.1388,Otros / Institucional,False,
gM1nWCUaNH8,¿Qué hace que una empresa sea un excelente lugar para trabajar?,"Aug 6, 2026",1084,7.27,0:01:18,52,1.1387,Otros / Institucional,False,
_x0rvvUHzF0,"Messi, el VAR y el negocio detrás del mundial 2026 ¿está en duda la potencia Argentina","Jul 9, 2026",113,599.09,0:11:16,27,1.1351,Deportes,True,0.002
vV3Uw15K5Go,ÚLTIMA HORA Trump estalla tras filtración del acuerdo secreto con Irán,"Jun 12, 2026",89,79.63,0:01:10,93,1.0708,Noticias breves (geopolítica/actualidad),True,0.006
LmC-Svf2RKU,Los sucesores Business must go on - Sr. Román Ramos,"Aug 6, 2026",84,55.12,0:00:46,83,1.0676,Empresarios / Liderazgo,True,0.103
-lv4vvs0p84,"PANORAMA JETS, una empresa 100% dominicana que vuela por todo el mundo","Jan 24, 2024",3038,21.08,0:10:40,6,1.0671,Otros / Institucional,False,
eb7j3XDV8FA,Catástrofe sísmica en Venezuela declaran estado de emergencia tras dos potentes terremotos,"Jun 25, 2026",101,57.45,0:00:58,125,1.0521,Noticias breves (geopolítica/actualidad),True,0.01
hLfBxTGikAA,Roberto Stark - Parte 1,"Jun 3, 2019",1815,41.22,0:12:28,5,1.0392,Otros / Institucional,False,0.003
5NIC2lEpA7M,Santo Domingo 2026 RD vuelve al centro del deporte regional,"Jul 24, 2026",115,39.78,0:00:45,132,1.0041,Otros / Institucional,True,0.013
LFPxZt5q1Bg,"Vivian Acra de Marsh McLennan, una trayectoria inspiradora en los seguros","Dec 27, 2023",2408,28.87,0:11:35,5,0.9656,Empresarios / Liderazgo,False,
YgjZ1tT2duA,La Entrevista con el Dr. Leonel Fernández,"May 26, 2015",5359,3.1,0:02:45,20,0.9219,Empresarios / Liderazgo,False,
ldpMCSOjtn0,¿Cómo es el amor verdadero? Dr. Enrique Rojas en Mercado Podcast,"Aug 20, 2024",29,117.48,0:00:34,139,0.9142,Mercado Podcast,True,0.007
3AKYB0OhAf8,De perder su empleo a crear uno de los talleres más grandes de República Dominicana,"Jul 27, 2026",707,23.13,0:02:43,20,0.9085,Otros / Institucional,False,
ATzDQ6aEFJE,Escándalo en Venezuela se revela desvío de ayuda humanitaria tras los terremotos,"Jul 6, 2026",74,75.02,0:00:55,92,0.8728,Noticias breves (geopolítica/actualidad),True,0.006
1wNaxRkKXCE,De los negocios familiares al liderazgo automotriz: la historia de María Bellapart,"Aug 6, 2026",326,15.52,0:00:50,59,0.8172,Empresarios / Liderazgo,False,
c5vsKM4mVB0,Cilpen: Cumpliendo con los 17 Objetivos de Desarrollo Sostenible,"Mar 21, 2022",306,42.72,0:02:10,22,0.799,Otros / Institucional,False,0.02
WX-ncvYcePc,El Psiquiatra como Médico de la Conducta: Dr. Enrique Rojas en el Episodio 1 de Mercado Podcast,"Aug 14, 2024",29,118.76,0:00:34,173,0.7939,Mercado Podcast,True,0.006
duEh_BhYkl0,México lidera el medallero y RD alcanza una marca histórica,"Jul 27, 2026",122,46.12,0:00:56,120,0.7914,Deportes,True,0.007
2nj2WP0jl40,Neurocirugía endovascular: Trayectoria y desafíos del Dr. Juan Isidro Ramirez,"Jul 12, 2024",446,36.81,0:02:44,17,0.7753,Otros / Institucional,False,0.004
thJuwFopEc8,La importancia del legado familiar en las empresas - Patricia Janiot,"Sep 28, 2024",2416,22.37,0:09:00,5,0.7507,Otros / Institucional,False,0.06
8oq4zsjixlg,Fuertes confrontaciones al gobierno venezolano por la respuesta ante el desastre,"Jul 3, 2026",159,45.41,0:01:12,52,0.7453,Otros / Institucional,True,0.006
ovzEiew8uhU,¿Por qué gana el populismo? Albert Rivera lo explica desde dentro de la política,"Jan 15, 2026",1338,47.31,0:10:32,4,0.7033,Otros / Institucional,False,
JQc7Pz-AT04,Saymon Díaz: Innovación en el Entretenimiento en RD - Mercado Interview,"May 17, 2024",1669,14.86,0:04:07,10,0.6888,Otros / Institucional,False,0.007
Hlvjq9JCyxk,Por qué la empatía es clave en la relación médico-paciente,"Sep 26, 2023",356,43.22,0:02:33,16,0.6838,Otros / Institucional,False,
aK_HE1vCQqQ,"LA CASSINA y CASA LUCA, un binomio gastronómico que trasciende modas en RD","Aug 15, 2023",139,52.64,0:01:13,33,0.6708,Otros / Institucional,True,
t1cjEnSdWJE,Cuando un milímetro cambia una vida: la precisión detrás de la cirugía robótica Rene Sotelo,"Dec 19, 2025",560,28.71,0:02:40,15,0.6699,Otros / Institucional,False,0.081
dxPmeyn6PnQ,Trump marca línea firme: No habrá arma nuclear ni peajes en Ormuz,"May 22, 2026",85,200.51,0:02:50,37,0.6685,Noticias breves (geopolítica/actualidad),True,0.002
8WwnRyZSmWc,Arquitectura pro-sísmica: lecciones de Chile para República Dominicana Cristian Wittig,"Sep 22, 2025",760,315.36,0:39:56,1,0.6658,Otros / Institucional,False,0.008
Mr1d-cN2FT4,El camino de más de tres décadas que ha convertido a ODONTODOM en un referente,"Oct 23, 2023",2381,50.06,0:19:52,2,0.6622,Otros / Institucional,False,
5I-Eed7HHN4,Planeta en llamas: El impacto letal de la nueva ola de calor global,"Jun 23, 2026",92,197.23,0:03:01,29,0.6602,Noticias breves (geopolítica/actualidad),True,0.002
GiKjvdEzuDo,Empresas internacionales en busca de talento dominicano: Jaime Ozores Ep. 01,"Oct 3, 2024",829,40.07,0:05:32,7,0.6458,Otros / Institucional,False,
bF243NHAEzs,"Ana Ibáñez: Tu cerebro no quiere que seas feliz, quiere que sobrevivas","Jun 3, 2025",875,29.09,0:04:14,9,0.6363,Otros / Institucional,False,0.017
uDqOaRnDb34,Mercado Women's Leadership Summit 2020,"Oct 21, 2020",9501,0.69,0:01:05,36,0.6339,Empresarios / Liderazgo,False,
5nnc6qUy6MM,Golpe interno para Trump: La disidencia republicana lo desarma,"Jun 5, 2026",96,78.29,0:01:15,45,0.6293,Noticias breves (geopolítica/actualidad),True,0.004
g1aABtQX0G8,Gabriel Escarrer: Qué opina el CEO mundial de Meliá Hotels,"Mar 16, 2025",1275,16.15,0:03:25,11,0.629,Deportes,False,
nx2-dGLpQ9E,Descubriendo la tumba perdida de Cleopatra en Egipto - Dra. Kathleen Martínez,"Dec 11, 2024",31,58.71,0:00:18,188,0.6075,Documental (Kathleen Martínez),True,0.005
1fIxLDGNBE0,Isabel Rojas,"Jul 4, 2025",71,43.68,0:00:31,98,0.6055,Mercado Podcast,True,0.017
N6xFa36DhIk,"Ciberseguridad, IA y empleos de futuro, por Harry Peralta (HarPer)","Feb 22, 2024",645,37.19,0:03:59,9,0.5997,Otros / Institucional,False,
450wUzQyqdI,El Testigo: el medio de comunicación que creció revelando lo que otros no contaban,"Jul 28, 2026",369,24.21,0:01:29,24,0.5957,Otros / Institucional,False,
UnVomGHUM50,"Formalidad laboral, IA y juventud: el gran reto del empleo en RD","Jul 6, 2026",1304,31.36,0:06:48,5,0.568,Otros / Institucional,False,
UPIxgt5NuB8,Cómo Cesarina Beauchamp convirtió su pasión por los aviones en una carrera de éxito,"Dec 18, 2023",2027,99.5,0:33:36,1,0.5603,Otros / Institucional,False,0.049
V927einCJZo,Convertiremos el área en un cementerio Irán lanza duras advertencias a EEUU,"May 27, 2026",108,70.96,0:01:16,44,0.515,Noticias breves (geopolítica/actualidad),True,0.004
gvI0MoULq4I,"Grupo Piñero a 50 años: innovación, expansión y propósito con Encarna Piñero","Mar 24, 2025",1507,55.95,0:14:03,2,0.4684,Otros / Institucional,False,
by0aTcMMtoA,El número de víctimas de la tragedia sigue en ascenso y sismo de 5.2 sacude el Caribe,"Jun 26, 2026",80,57.38,0:00:45,69,0.4482,Otros / Institucional,True,0.004
bqH3-tMv380,¿Por qué República Dominicana lidera el ranking mundial de las mejores playas de lationamérica?,"Jul 8, 2026",99,105.5,0:01:44,35,0.4424,Deportes,True,0.003
30O15yTA2_Y,Alerta sanitaria en Estados Unidos por un parásito intestinal,"Jul 15, 2026",94,53.23,0:00:50,50,0.4399,Noticias breves (geopolítica/actualidad),True,0.005
5-PO8pf492M,DOMINICAN WATCHMAN. Historia de un referente en seguridad,"Mar 27, 2024",2532,10.28,0:04:20,6,0.4338,Otros / Institucional,False,0.001
1SsOYiYc4YM,El Pentágono bajo presión: La parálisis diplomática que fractura la imagen de fuerza de Trump,"Jun 19, 2026",106,63.49,0:01:07,37,0.4328,Noticias breves (geopolítica/actualidad),True,0.003
cSQ0-OhINIg,Trump refuerza la Presión Máxima contra Irán,"May 1, 2026",89,102.1,0:01:30,31,0.4309,Noticias breves (geopolítica/actualidad),True,0.001
RgAtZpon-Vo,¿Trump pierde el control del tablero geopolítico frente a Israel e Irán?,"Jun 2, 2026",104,70.33,0:01:13,41,0.43,Noticias breves (geopolítica/actualidad),True,0.002
aeUI0zYcntM,En mundo digital ¿como te puedes convertir en un medio destacado?,"Jul 28, 2026",33,63.93,0:00:21,127,0.4235,Otros / Institucional,True,0.009
N7-jOI-UdaY,Claves de éxito en crecimiento empresarial de MUSA,"Jul 27, 2026",30,78.35,0:00:23,133,0.4193,Empresarios / Liderazgo,True,0.009
JenpbYq6jTA,Raffaella y Emanuela Delfino - Presidente y VP de Finanzas - Consorcio Remix,"Dec 11, 2020",568,44.2,0:04:11,6,0.4185,Empresarios / Liderazgo,False,0.023
VR1ccID2Qqs,Panel: Logística 4.0: El nuevo ADN de la conectividad,"May 19, 2025",1497,48.83,0:12:10,2,0.4061,Otros / Institucional,False,
Z70RK6gN8fw,Mercado Octubre - Cover Story: Los Poma,"Sep 21, 2016",245,48.59,0:01:59,12,0.3968,Otros / Institucional,False,0.128
kEeDNDPZGdM,Terremotos e inundaciones en Venezuela: la crisis humanitaria sigue en aumento,"Jun 29, 2026",86,29.74,0:00:25,79,0.3941,Noticias breves (geopolítica/actualidad),True,0.004
X6KHuqiv1Vk,Roberto Stark Parte 2,"May 30, 2019",1317,14.97,0:03:17,7,0.3835,Otros / Institucional,False,0.001
oVCtM4Bbmqo,¿Conoces las cinco mejores ciudades para vivir en 2026,"Jul 7, 2026",107,133.97,0:02:23,27,0.3641,Otros / Institucional,True,0.003
1UPh3fZgVOw,Ataque con drones y misiles Irán desafía la seguridad de la región,"May 28, 2026",89,79.68,0:01:10,36,0.3577,Noticias breves (geopolítica/actualidad),True,0.003
Z4YTZjrKnyI,¿Por qué República Dominicana será la próxima potencia logística? Grupo Rannik,"May 6, 2025",452,47.28,0:03:33,6,0.3562,Otros / Institucional,False,
SMbadRW24hM,"Para Irán ni paz, ni guerra mientras Trump reactiva las amenazas","Jun 10, 2026",75,73.18,0:00:54,43,0.3536,Noticias breves (geopolítica/actualidad),True,0.002
T3fL_dgX8pw,Las dinastías del poder: controlan la riqueza empresarial en EEUU,"Jul 1, 2026",136,51.65,0:01:10,39,0.3362,Noticias breves (geopolítica/actualidad),True,0.003
pkiReMIUO-s,Trump bajo el fuego crítico y Rubio contra el Senado,"Jun 2, 2026",92,80.87,0:01:14,25,0.3318,Noticias breves (geopolítica/actualidad),True,0.002
MeaiDjz9VS8,La nueva era gastronómica de Santo Domingo,"Jul 15, 2026",94,90.58,0:01:25,36,0.3142,Otros / Institucional,True,0.003
pBxKpU3IsHs,Raúl Rizek: Oportunidades y futuro del sector construcción en República Dominicana,"Sep 30, 2025",278,66.34,0:03:04,6,0.3074,Otros / Institucional,False,
4b2XFyVD1hU,GLP 1 - Impacto económico de los nuevos hábitos de consumo,"May 7, 2026",100,75.83,0:01:15,16,0.2951,Otros / Institucional,True,0.001
eswczmi1PwY,Tragedia en Venezuela: suben las víctimas y continúan las réplicas,"Jun 26, 2026",91,38.99,0:00:35,38,0.2888,Noticias breves (geopolítica/actualidad),True,0.003
uwYRnem0B1w,República Dominicana derrota a Venezuela en el Clásico Mundial de Béisbol 2026,"Mar 12, 2026",50,47.87,0:00:23,61,0.2876,Noticias breves (geopolítica/actualidad),True,0.003
vpH8Pb58KaU,David Collado: transformando la ciudad con un equipo joven.,"Nov 15, 2019",809,17.49,0:02:21,7,0.2751,Otros / Institucional,False,
92oOJrePRJw,El Súper Niño amenaza la estabilidad económica regional,"May 19, 2026",92,54.23,0:00:49,28,0.2667,Otros / Institucional,True,0.003
WsLmWTSofyk,Nuevos bombardeos de EE UU sacude el tablero geopolítico,"May 26, 2026",76,80.66,0:01:01,34,0.2586,Noticias breves (geopolítica/actualidad),True,0.002
u5G_2nlisQ8,Se eleva la tension global Irán responde: hay implicaciones en comercio energetico,"Mar 25, 2026",109,53.54,0:00:58,18,0.2432,Noticias breves (geopolítica/actualidad),True,0.001
LQSEGASv70I,El nuevo símbolo del campeón la FIFA entregará anillos por primera vez en un Mundial,"Jul 18, 2026",108,58.27,0:01:02,46,0.2385,Deportes,True,0.003
VZrNfq2_h4U,ICE bajo la lupa: dos muertes más en operativos migratorios,"Jul 14, 2026",135,27.32,0:00:36,34,0.1697,Otros / Institucional,True,0.003
q_LAd7YAgQA,"Escándalo en el Mundial: Racismo, denuncias contra el VAR y furia por parcialidad","Jul 8, 2026",120,39.06,0:00:46,25,0.16,Otros / Institucional,True,0.003
dpYDlHrROGo,La CIA visita Cuba para entregar ultimatum diplomático,"May 15, 2026",95,138.63,0:02:11,12,0.1497,Noticias breves (geopolítica/actualidad),True,0.001
ax6o063nd10,¿Mundial de 64 selecciones? La propuesta que divide al fútbol,"Jul 13, 2026",95,33.14,0:00:31,38,0.1396,Deportes,True,0.002
nAqZsBrgO6o,EE UU alivia sanciones a Irán mientras Israel mantiene la presión militar,"Jun 22, 2026",82,48.41,0:00:39,18,0.1235,Noticias breves (geopolítica/actualidad),True,0.001
0Ca3EqKblFE,La revolución automotriz tiene nuevos protagonistas,"Jul 16, 2026",126,26.35,0:00:33,37,0.116,Otros / Institucional,True,0.001
0MT4j6j1Lac,Cadena de suministro de América Latina en riesgo: El Conflicto Panamá-China,"Apr 29, 2026",112,73.02,0:01:21,8,0.1137,Noticias breves (geopolítica/actualidad),True,0.001
b_CVDgtz2nY,Monorriel de Santo Domingo ¿Como cambiará el tráfico?,"Mar 30, 2026",58,57.05,0:00:33,14,0.1023,Otros / Institucional,True,0.001
Ej68XtdcVe8,Qué significan los colores de las tarjetas de crédito y qué indican sobre el cupo,"Jan 30, 2026",44,78.88,0:00:34,19,0.119,Otros / Institucional,True,0.001
R1sl142VpI8,"Motorsport, Q5 y más: lo que viene para Audi en República Dominicana","Jun 12, 2026",408,51.9,0:03:31,2,0.1176,Otros / Institucional,False,
GkgsIbc05EA,¿Cuál es el reto de República Dominicana en el mercado de valores?,"Jul 20, 2026",41,63.73,0:00:26,48,0.0952,Otros / Institucional,True,0.002
