Contenido,Título del video,Tiempo de publicación del video,Duración,Porcentaje promedio reproducido (%),Duración promedio de vistas,Vistas,Tiempo de reproducción (horas),Ingresos estimados (USD)
Total,,,,82.93,0:01:36,10586296,197946.5738,0
u5G_2nlisQ8,Se eleva la tension global Irán responde: hay implicaciones en comercio energetico,"Mar 25, 2026",109,79.06,0:01:26,870399,16208.0085,
biHUbgJTdFQ,Irán suma un aliado a la guerra y pone en riesgo para la economía global,"Jul 17, 2026",102,95.11,0:01:37,658365,12884.7729,
ovKMLcMovRQ,Irán eleva amenazas contra EEUU y el comercio energético mundial,"Jul 16, 2026",111,98.05,0:01:48,467381,9703.2112,
vV3Uw15K5Go,ÚLTIMA HORA Trump estalla tras filtración del acuerdo secreto con Irán,"Jun 12, 2026",89,89.47,0:01:19,528781,8934.9504,
V927einCJZo,Convertiremos el área en un cementerio  Irán lanza duras advertencias a EEUU,"May 27, 2026",108,84.26,0:01:30,413331,8103.3499,
-vFzNWY2BGE,Una filtración sacude al Pentágono y aumenta la tensión con Irán,"Aug 7, 2026",110,95.06,0:01:44,361183,6997.8685,
Vvfoc_ubQz4,Trump da marcha atrás al polémico peaje del 20% en el estrecho de Ormuz,"Jul 15, 2026",114,90.01,0:01:42,333586,6826.353,
RgAtZpon-Vo,¿Trump pierde el control del tablero geopolítico frente a Israel e Irán?,"Jun 2, 2026",104,94.29,0:01:38,303620,6038.2428,
4qvY6ha5ky0,Oriente Medio en alerta una nueva alianza militar redefine el tablero regional,"Aug 7, 2026",89,103.12,0:01:31,296355,5416.9495,
36XMpoilps4,¿Puede tomar Trump el control de Venezuela?,"Jul 1, 2026",105,92.65,0:01:37,288289,5336.7996,
5nnc6qUy6MM,Golpe interno para Trump: La disidencia republicana lo desarma,"Jun 5, 2026",96,95.61,0:01:31,286851,5335.7587,
lZCMrOppsJQ,El conflicto ya no es solo entre EE UU,"Jul 31, 2026",84,107.75,0:01:30,283467,4958.2732,
XtCQlOmEprI,La presión militar de Irán se mantiene mientras crecen los llamados al diálogo,"Jul 20, 2026",107,95.04,0:01:41,215534,4407.7956,
u1eAHAlAxkc,Irán refuerza su ofensiva militar y eleva la tensión con EEUU,"Aug 10, 2026",109,98.58,0:01:47,183653,3725.0691,
99LGvbtOvBo,¿La peor derrota de Trump?  Opiniones divididas por el acuerdo de paz,"Jun 18, 2026",98,94.97,0:01:33,214746,3625.9231,
uXHYWQckaGg,¿Un nuevo frente de guerra para Trump? Corea del Norte amenza de palabra y lanza misiles de prueba,"Aug 14, 2026",91,97.01,0:01:28,198765,3548.4669,
Yj7pQ_ApORY,Prensa Iraní proclama victoria así cuentan el alto al fuego de Trump,"Aug 4, 2026",146,92.86,0:02:15,127538,3480.3431,
QA1h1I_c2g4,Informe que anticipó el riesgo sísmico en Venezuela llegó a su gobierno hace 25 años,"Jul 2, 2026",98,72.14,0:01:10,270050,3075.3635,
1SsOYiYc4YM,El Pentágono bajo presión: La parálisis diplomática que fractura la imagen de fuerza de Trump,"Jun 19, 2026",106,99.13,0:01:45,156492,3026.4243,
kwPlMtpLsyw,Una nueva tensión en el mar Rojo eleva la alerta global,"Jul 22, 2026",84,109.06,0:01:31,165320,2914.2449,
IuGdJ8838tg,La guerra escala Medio Oriente abre un nuevo capítulo de incertidumbre global,"Jul 24, 2026",82,106.38,0:01:27,156641,2643.4547,
F8WjE9sjOEQ,Irán exige indemnización a EEUU y Trump responde,"Aug 11, 2026",110,105.1,0:01:55,121432,2618.0991,
68ZNKFP9ckM,Ataques y represalias agravan el conflicto entre Estados Unidos e Irán,"Jul 13, 2026",100,103.1,0:01:43,130261,2538.4317,
begbTra-oU4,Reacciones europeas ante conflicto bélico entre EEUU e Irán,"Mar 31, 2026",109,86.39,0:01:34,128966,2478.0981,
o6u1n5CvBeY,Vuelven los bombardeos de EE  UU  a Irán por el bloqueo de buques en Ormuz,"Jul 8, 2026",117,98.34,0:01:55,119997,2450.258,
8oq4zsjixlg,Fuertes confrontaciones al gobierno venezolano por la respuesta ante el desastre,"Jul 3, 2026",159,72.23,0:01:54,108150,2424.4934,
3CLeZaACFLo,Nuevo riesgo para Irán: conflictos internos por inflación del 90%,"Jul 21, 2026",89,105.37,0:01:33,132334,2378.5686,
DWdcYHvtJPo,Amenaza contra la vida de Trump sacude el tablero geopolítico,"Jul 10, 2026",89,104.97,0:01:33,133180,2315.6738,
WHA1yaUsfYc,El presidente iraní admite su fragilidad “la crisis es multidimensional”,"Aug 6, 2026",106,93.29,0:01:38,114665,2268.9032,
by0aTcMMtoA,El número de víctimas de la tragedia sigue en ascenso y sismo de 5.2 sacude el Caribe,"Jun 26, 2026",80,63.9,0:00:51,235076,2059.3693,
pkiReMIUO-s,Trump bajo el fuego crítico y Rubio contra el Senado,"Jun 2, 2026",92,101.29,0:01:33,110650,1992.0936,
aDkVGylH4Dg,La derrota expuso el lado más polémico de la Albiceleste,"Jul 20, 2026",134,83.66,0:01:52,86253,1909.7783,
I30IfmrSSxg,Una nueva amenaza para el comercio mundial emerge en el Mar Rojo,"Aug 10, 2026",96,119.97,0:01:55,89945,1841.224,
iMfY8Nia0WM,"Irán resiste, Trump ¿replantea su estrategia en la guerra?","Aug 3, 2026",120,100.64,0:02:00,77822,1821.5306,
WsLmWTSofyk,Nuevos bombardeos de EE  UU  sacude el tablero geopolítico,"May 26, 2026",76,102.33,0:01:17,106902,1559.6603,
3YF_f4ihQP0,¿Irán asoma una amenaza de ataque nuclear al mundo?,"Aug 12, 2026",113,104.56,0:01:58,66912,1533.6359,
svQAHfzp87k,La guerra se expande nuevos aliados intensifican la escalada militar,"Jul 29, 2026",76,112.77,0:01:25,92206,1497.0981,
PP5jnSPUjXE,"Taposiris Magna, el tesoro sumergido que podría cambiar la historia - Dra. Kathleen Martínez Ep.4","Dec 11, 2024",796,39.61,0:05:15,15605,1366.481,
5OTqc3ZMUkc,"La guerra entra en pausa, pero la tensión sigue al máximo","Jul 27, 2026",108,107.67,0:01:56,53979,1192.0847,
Ca2kyRyFk4E,Civiles vuelven a pagar el costo de la guerra entre Estados Unidos e Irán,"Jul 30, 2026",94,102.51,0:01:36,60973,1125.7916,
yAj3AYOh7yY,¿Se agota los misiles de Estados Unidos  Washington niega una crisis militar?,"Aug 5, 2026",112,103.25,0:01:55,47620,1066.4312,
Vf8jCyC93wI,"Israel desafía a la Casa Blanca: ""nos vincula el acuerdo entre Trump e Irán  V01""","Jun 15, 2026",85,97.49,0:01:22,60986,997.8865,
JVrzJXcwxkI,La arqueóloga dominicana que logró lo inimaginable – Dra. Kathleen Martínez Ep.2,"Dec 9, 2024",402,40.02,0:02:40,21180,946.5746,
F3zZU_xYy10,¿Fuerzas armadas o soldados de Trump?  La agresiva estrategia de Pete Hegseth,"Jun 9, 2026",91,97.24,0:01:28,55520,941.1027,
dGeaaT6EzOs,Aumenta la tensión entre Estados Unidos e Iran,"Mar 30, 2026",70,96.4,0:01:07,61427,818.3299,
4xIZpj05kXA,La guerra que no para: El EE  UU- Irán se enciende junto al conflicto de Hezbollah,"Jun 1, 2026",94,93.44,0:01:27,43150,769.2801,
2oRus5S6mUA,Guerra inminente: EE  UU  e Irán rompen el pacto de paz con bombardeos masivos,"Jul 9, 2026",84,102.71,0:01:26,50300,753.4518,
1UPh3fZgVOw,Ataque con drones y misiles Irán desafía la seguridad de la región,"May 28, 2026",89,97.56,0:01:26,44186,719.818,
ZNJa0CPBPkI,El pulso de un “dando y dando” marca la crisis en Ormuz,"Apr 27, 2026",125,98.72,0:02:03,30520,679.6264,
Ub59dfodKvU,"La guerra con Irán: Trump, la OTAN y la incertidumbre global","Apr 2, 2026",89,88.72,0:01:18,37890,642.6184,
eb7j3XDV8FA,Catástrofe sísmica en Venezuela declaran estado de emergencia tras dos potentes terremotos,"Jun 25, 2026",101,63.51,0:01:04,66698,633.6972,
l7K7Zk8PDHc,¿Perdió Trump el control militar de Israel? Netanyahu ignoró las advertencias de la Casa Blanca,"Jun 8, 2026",87,100.78,0:01:27,35366,588.5353,
n5pRBmJqD8Y,El inicio del viaje tras la pista de Cleopatra - Dra. Kathleen Martínez Ep.1,"Dec 6, 2024",467,39.1,0:03:02,10748,545.2165,
GVLJTIO9EFg,Fuerte abucheo contra el presidente Donald Trump,"Jun 9, 2026",76,89.12,0:01:07,38940,518.5632,
nxhFit8GfE0,Trump y Xi Jinping la batalla por Taiwán y el conflicto con Irán,"May 14, 2026",104,88.01,0:01:31,31278,495.6983,
bNQE74ftIwQ,La tragedia sísmica en Colombia escala el balance preliminar deja terribles cifras,"Aug 11, 2026",132,88.16,0:01:56,22009,474.8496,
ED0RuIxS1K0,La guerra sacude los mercados internacionales,"Jul 14, 2026",86,107.15,0:01:32,28597,463.3485,
tNjvI2Nk7BE,Trump asegura que EE  UU  mantiene capacidad militar y advierte que los ataques podrían reanudarse,"Jul 28, 2026",94,97.38,0:01:31,24746,441.3811,
dxPmeyn6PnQ,Trump marca línea firme: No habrá arma nuclear ni peajes en Ormuz,"May 22, 2026",85,94.19,0:01:20,26651,400.0668,
5i03Od7sUPE,Revolucionarios Iraniés atentan contra el posible acuerdo de paz,"Apr 22, 2026",97,81.13,0:01:18,22875,387.9886,
lMvFh44GiwY,Acuerdo nuclear bajo amenaza ofensiva de Trump contra Irán,"May 20, 2026",77,96.88,0:01:14,27969,382.9117,
hC3OGyLXTFA,Fuertes amenazas por parte del Pentágono: el bloqueo se intensifica.,"Apr 16, 2026",90,84.01,0:01:15,23352,374.0647,
q_LAd7YAgQA,"Escándalo en el Mundial: Racismo, denuncias contra el VAR y furia por parcialidad","Jul 8, 2026",120,86.19,0:01:43,18971,363.1033,
kt8KOWGoTEc,"¿Cuál será la jugada de Trump, en este caso de corrupción sin precedentes?","Jun 19, 2026",108,94.39,0:01:41,16956,362.8794,
3XyUB8of8zA,Crucero aislado por HANTAVIRUS: Crisis sanitaria bajo investigación,"May 5, 2026",118,74.42,0:01:27,26548,350.844,
O9cZyClnfe8,La dura decisión de no ceder el proyecto ni la bandera dominicana - Dra Kathleen Martínez Ep.3,"Dec 11, 2024",304,60.44,0:03:03,6712,342.5062,
JMrtB123uYw,Terremoto en Colombia reaviva las alertas,"Aug 10, 2026",110,88.36,0:01:37,17898,338.4038,
bTO37XyC3Ko,La guerra invisible del petróleo barcos ocultos y una economía en alerta,"Aug 13, 2026",106,105.43,0:01:51,15512,327.69,
JNrGvEJSKCg,Irán desmiente a Trump con relación a los acuerdos nucleares,"Jun 23, 2026",92,101.32,0:01:33,17518,316.2985,
OpryEs10RUs,De campeones a sancionados: las consecuencias de la Albiceleste,"Jul 22, 2026",96,98.08,0:01:34,17558,289.4268,
92oOJrePRJw,El “Súper Niño” amenaza la estabilidad económica regional,"May 19, 2026",92,100.22,0:01:32,18615,279.2204,
KqIpSIBGdn4,Irán declara ''totalmente abierto'' el estrecho de Ormuz: ¿Fin de la guerra?,"Apr 17, 2026",128,80.55,0:01:43,13451,267.2814,
dg17bkcLe90,Trump advierte fuertes bombardeos nocturnos ¿Fracasaron las negociaciones,"Jun 11, 2026",82,97.46,0:01:19,18240,259.1101,
kEeDNDPZGdM,Terremotos e inundaciones en Venezuela: la crisis humanitaria sigue en aumento,"Jun 29, 2026",86,52.91,0:00:45,27874,251.6908,
7k6AZKDBkj8,Traba nuclear: Las dudas de Trump y el escepticismo de Irán,"May 29, 2026",85,91.06,0:01:17,16915,251.1971,
-UaQ-9GawPM,10 terremotos en 7 meses la cadena sísmica nos mantiene en alerta,"Aug 12, 2026",159,98.35,0:02:36,8047,237.5638,
rf2ZNxBVtRI,Colapso sin precedentes: Spirit Airlines detiene operaciones y deja miles en incertidumbre,"May 5, 2026",101,85.51,0:01:26,16335,237.5029,
ax6o063nd10,¿Mundial de 64 selecciones?  La propuesta que divide al fútbol,"Jul 13, 2026",95,90.6,0:01:26,15823,237.2535,
xZBFit01QqI,Trump rechaza defender a Taiwan pero mantiene la relación comercial,"May 15, 2026",79,101.33,0:01:20,16671,235.3412,
SMbadRW24hM,"Para Irán  ""ni paz, ni guerra""  mientras Trump reactiva las amenazas","Jun 10, 2026",75,101.54,0:01:16,16842,228.5963,
0MT4j6j1Lac,Cadena de suministro de América Latina en riesgo: El Conflicto Panamá-China,"Apr 29, 2026",112,97.51,0:01:49,12195,226.3565,
dpYDlHrROGo,La CIA visita Cuba para entregar “ultimatum” diplomático,"May 15, 2026",95,93.72,0:01:29,13579,214.0176,
7yDbDj9aGZ4,El gobierno de Donald Trump anució cierra total del espacio aéreo venezolano,"Dec 1, 2025",44,125.5,0:00:55,26982,212.7714,
YuFvhexloU8,Ni la intervención de Trump evitó la caída de EEUU ante Bélgica,"Jul 7, 2026",101,78.38,0:01:19,15103,211.2288,
DFhkhJrRcj4,Alerta: Irán y EE.UU. acercan nuevamente la guerra,"May 18, 2026",62,125.46,0:01:17,16535,207.0979,
jBD4LHGtpGc,Ataque contra Trump: sistema de seguridad bajo presión,"Apr 27, 2026",148,82.09,0:02:01,9138,194.6415,
VVkKppU5sH0,Infraestructura devastada y millones de afectados el costo de la tragedia en Venezuela,"Jun 30, 2026",84,87.19,0:01:13,15272,190.007,
6MVG-cYNwWs,¿Puede Colombia cambiar de rumbo político en solo una semana?,"May 25, 2026",96,96.9,0:01:33,11587,185.2416,
eswczmi1PwY,Tragedia en Venezuela: suben las víctimas y continúan las réplicas,"Jun 26, 2026",91,86.23,0:01:18,13111,183.8882,
D-TdNA3lRZ0,¿Cómo se produce Ron Barceló?,"Nov 24, 2015",1235,33.1,0:06:48,1586,180.0825,
rpx1xIZ1NE0,Sin vía electoral ¿Ortega abre la puerta a una nueva dictadura en Nicaragua?,"Jul 21, 2026",111,78.31,0:01:26,10810,178.4887,
ATzDQ6aEFJE,Escándalo en Venezuela se revela desvío de ayuda humanitaria tras los terremotos,"Jul 6, 2026",74,102.52,0:01:15,12947,178.4311,
BjcTkSyO1_M,Seguridad vs. derechos: el costo institucional del modelo Bukele,"Apr 28, 2026",82,105.3,0:01:26,12706,176.331,
T3fL_dgX8pw,Las dinastías del poder: controlan la riqueza empresarial en EEUU,"Jul 1, 2026",136,87.73,0:01:59,8249,167.7991,
cSQ0-OhINIg,Trump refuerza la “Presión Máxima” contra Irán,"May 1, 2026",89,99,0:01:28,10329,162.0743,
A91dbCv6xAk,EE  UU  acusa formalmente a Raúl Castro por derribo de avionetas en 1996,"May 22, 2026",84,93.96,0:01:18,11682,159.0233,
nAqZsBrgO6o,EE  UU  alivia sanciones a Irán mientras Israel mantiene la presión militar,"Jun 22, 2026",82,97.28,0:01:19,10313,141.8456,
YgjZ1tT2duA,La Entrevista con el Dr. Leonel Fernández,"May 26, 2015",5359,12.33,0:11:00,758,139.0909,
q9D-V1yfOrw,Redefiniendo la Historia de Cleopatra: La Visión de Kathleen Martínez,"Mar 12, 2026",689,39.49,0:04:32,1692,127.7173,
i_GISMuNI8U,¿Por qué es importante el conflicto del Estrecho de Ormuz?,"Mar 20, 2026",85,90.83,0:01:17,9528,126.7584,
hYSpNJorCno,El origen de la COVID 19 vuelve al centro del poder en Washington,"Jul 30, 2026",145,89.34,0:02:09,4852,125.5393,
oGpKQb27EYM,"Trump juega su propio Mundial: Visas denegadas, interrogatorios y caos logístico en la Copa 2026","Jun 18, 2026",105,93.98,0:01:38,7004,122.821,
sfxcrO6nDr0,Intervención de Trump deja a la Fifa bajo fuego,"Jul 6, 2026",87,82.03,0:01:11,9106,116.5288,
LI4BTntJUAw,¿Cleopatra descansa en el Taposiris Magna? - Dra. Kathleen Martínez,"Dec 10, 2024",57,91.89,0:00:52,11973,115.1692,
cgItzQG1hJs,Conversaciones con el Dr. Enrique Rojas Episode 4 - Mercado Podcast,"Aug 14, 2024",1286,45.32,0:09:42,707,114.4458,
le8ByevJtV0,¿Fin de la guerra y la crisis energética?  Ormuz vuelve a abrirse,"May 6, 2026",103,94.59,0:01:37,6361,109.6757,
SYRpkV0YquE,Liderazgo con Luis Galindo: cómo la Psicología Positiva Transforma Vidas - Mercado Podcast,"Aug 7, 2024",4190,18.76,0:13:06,490,107.0135,
Jc7p2sljXzw,Marco Rubio señala la corrupción cubana y ofrece ayuda sin control estatal,"May 20, 2026",115,82.92,0:01:35,5982,105.2343,
NGbiZM-qQWc,Intento de atentado en Washington obliga a evacuar a Donald Trump durante cena oficial,"Apr 26, 2026",36,87.53,0:00:31,21975,99.4333,
sRWNfbpYGLo,"""La Garra""  presidencial: El histórico y millonario festejo de cumpleaños de Trump","Jun 15, 2026",84,90.93,0:01:16,7353,95.8945,
VVhXBxviFjc,ÚLTIMA HORA: Tregua de 60 días entre EEUU e Irán tras hostilidades espera la aprobación de Trump,"May 28, 2026",70,109.99,0:01:16,6835,92.7068,
GUwm1t9w1Ts,"""La Conquista De Un Sueño"" - Grupo PuntaCana","Aug 21, 2019",618,48.62,0:05:00,1108,92.471,
pdihekua3d4,IMPACTO DE EL NIÑO El fenómeno que va a cambiar el clima del planeta este año,"Jun 3, 2026",89,94.53,0:01:24,7016,90.0013,
VZrNfq2_h4U,ICE bajo la lupa: dos muertes más en operativos migratorios,"Jul 14, 2026",135,91.29,0:02:03,3772,89.3303,
xekQ0qI2Hmw,El bloqueo naval continúa: la crisis mundial crece,"Apr 15, 2026",85,96.58,0:01:22,5809,87.2662,
bF243NHAEzs,"Ana Ibáñez: Tu cerebro no quiere que seas feliz, quiere que sobrevivas","Jun 3, 2025",875,41.56,0:06:03,858,86.6649,
UPHZlxw3q_g,Ultimatum de Trump: Alerta de la economía global,"Apr 6, 2026",74,88.09,0:01:05,6286,84.8249,
82oTAq5xD8k,Juan Carlos Escotet (Banesco): No debe cambiar la estrategia si los resultados son satisfactorios,"May 28, 2025",871,34.35,0:04:59,961,79.8661,
oT4nPPEX_oA,G7 Bajo presión por el incógnito pacto nuclear,"Jun 16, 2026",97,94.92,0:01:32,4850,79.0956,
JQBx9orXtQU,¿Cómo se produce Ron Brugal?,"Nov 27, 2015",1519,25.49,0:06:27,731,78.6232,
7iVab2oyQB4,"5,000 soldados a Polonia: jugada geopolítica de Trump","May 22, 2026",88,95.75,0:01:24,4957,69.9664,
XqQI2vCgqEM,"Guerra, petróleo e inflación: el nuevo frente económico global.","May 12, 2026",103,96.9,0:01:39,4326,69.4121,
rLzZOqYMBEU,Tensión máxima en el Golfo | ACTUALIDAD,"Apr 13, 2026",118,81.78,0:01:36,3568,66.1774,
JHe9AzcgYq0,Tensión geopolítica vuelve a escalar: Ormuz el centro del riesgo global,"Apr 20, 2026",112,95.54,0:01:47,3619,64.2417,
Snkb0Qeeb6k,Conoce el costo de las boletas del Clasico Mundial 2026,"Mar 13, 2026",58,100.06,0:00:58,6168,62.5368,
i8eUpbgfbxU,La clave para equilibrar cabeza y corazón en la vida y el trabajo - Isabel Rojas Estapé,"Jul 4, 2025",2321,27.98,0:10:49,325,58.6348,
dAGdLBjfrWU,Lecciones de vida y negocios - Don Pepin Corripio,"Mar 12, 2026",770,31.91,0:04:05,839,57.2699,
RoHQXkK0Sjs,Golpe judicial a la guerra comercial de Trump,"May 8, 2026",89,92.92,0:01:22,3837,54.9602,
vm1HY10py2U,Celebración de Argentina desata polémica internacional,"Jul 16, 2026",100,82.6,0:01:22,3676,53.9546,
izHlT-yutXw,US$700 millones: la proyección financiera de The Devil Wear Prada 2,"Apr 21, 2026",108,75.57,0:01:21,3466,53.866,
uwYRnem0B1w,República Dominicana derrota a Venezuela en el Clásico Mundial de Béisbol 2026,"Mar 12, 2026",50,71.24,0:00:35,9064,53.6252,
Sd5rA8EFEuQ,Sin control del uranio Lo que oculta el documento filtrado entre Trump y Teherán,"Jun 17, 2026",92,87.93,0:01:20,3295,51.3928,
0waYhkFY3AM,Orgullo dominicano que convirtió velocidad en millones: Marileidy Paulino,"Aug 6, 2026",97,81.9,0:01:19,3995,51.2725,
AxRpqREtrBU,De la CIA al servicio diplomático: Leah F. Campos y sus prioridades en RD,"Dec 17, 2025",815,28.12,0:03:49,787,50.1097,
FXyFBdfB9R0,Alineación total de De la Espriella con Trump: Mano de Hierro con el narcotráfico,"Jun 24, 2026",114,82.53,0:01:34,2715,47.604,
9bYquk7aXNA,Artemis II: Un paso hacia marte. Todo lo que necesitas saber:,"Apr 1, 2026",86,85.77,0:01:13,3334,47.4376,
30O15yTA2_Y,Alerta sanitaria en Estados Unidos por un parásito intestinal,"Jul 15, 2026",94,97.34,0:01:31,2932,45.8178,
A2AftDgiCdQ,¿Por qué el Mundial 2026 cambiará el fútbol para siempre?,"Jun 10, 2026",83,63.7,0:00:52,5705,45.5456,
pVsh74SZooU,Posibles focos de contagio del HANTAVIRUS están fuera del barco,"May 8, 2026",121,47.51,0:00:57,4421,42.4967,
pHPkLm_vRU4,Trump y Xi  la reunión que pone a prueba el equilibrio mundial,"May 13, 2026",101,82.95,0:01:23,2809,42.185,
-lv4vvs0p84,"PANORAMA JETS, una empresa 100 % dominicana que vuela por todo el mundo","Jan 24, 2024",3038,15.9,0:08:02,309,41.4573,
Z70RK6gN8fw,Mercado Octubre - Cover Story: Los Poma,"Sep 21, 2016",245,53,0:02:09,1142,41.1884,
sFiyV8FOTK4,Cuenta regresiva para Irán: Hasta hoy a las 8:00 P.M.,"Apr 7, 2026",71,96.51,0:01:08,3176,39.0778,
DllHnw8bnVw,Megaincendios temperaturas extremas ponen al mundo bajo presión climática,"Jul 28, 2026",113,80.4,0:01:30,2317,37.9051,
5I-Eed7HHN4,Planeta en llamas: El impacto letal de la nueva ola de calor global,"Jun 23, 2026",92,94.26,0:01:26,2533,37.8021,
hGO4oCxf5ok,Estados Unidos en alerta por caso de ébola,"May 19, 2026",90,74.46,0:01:07,3535,37.5587,
kPA6kWxdURM,Conversaciones con el Dr. Enrique Rojas Episode 3 - Mercado Podcast,"Aug 12, 2024",1082,48.2,0:08:41,257,37.232,
RYPF_t_itV8,Crisis económica global más allá del precio del petroleo.,"Apr 23, 2026",121,82.5,0:01:39,2026,36.1607,
MHggLrPp8Aw,Conversaciones con el Dr. Enrique Rojas Episode 2 - Mercado Podcast,"Aug 10, 2024",1030,46.09,0:07:54,274,36.1293,
2wxuLC8iVRg,EEUU sale del cierre de Gobierno,"Nov 19, 2025",43,94.97,0:00:40,5067,35.4877,
74sBB0YG2Jc,En alerta pero sin pánico: Las Medidas de México ante el Ébola,"May 27, 2026",91,72.45,0:01:05,2865,35.3401,
msRapL7_blA,"Venezuela, un punto de inflexión para la diplomacia: John M. Barrett asume liderazgo","Apr 15, 2026",90,79.55,0:01:11,2562,34.383,
UJ5dDzga0kk,Escenario extermo: el petróleo podría subar a US$ 200 por la crisis de Irán,"Mar 30, 2026",49,87.92,0:00:43,4774,32.4602,
uHAbitEHbU0,"La integridad, parte del ADN de EPSA LABCO:","Jun 17, 2022",307,94.44,0:04:49,391,31.4911,
1ChJcykOei8,Lo que no se mostró de la inauguración del Mundial 2026,"Jun 12, 2026",80,77.39,0:01:01,2731,30.9344,
Fml8H-SIeBk,La NASA y Netflix hoy nos llevan a la luna,"Apr 6, 2026",103,71.07,0:01:13,2276,30.4781,
T4Qvp2PSA44,¿Se vende el Mundial?  La polémica propuesta que desata una crisis en la FIFA,"Jul 29, 2026",95,90.27,0:01:25,2204,30.4384,
TguxgdtZEc0,Giro inesperado! La derecha golpea primero y Petro enciende las alarmas,"Jun 1, 2026",106,84.77,0:01:29,1973,29.9344,
nx2-dGLpQ9E,Descubriendo la tumba perdida de Cleopatra en Egipto - Dra. Kathleen Martínez,"Dec 11, 2024",31,80.84,0:00:25,6065,27.9322,
g1aABtQX0G8,Gabriel Escarrer: Qué opina el CEO mundial de Meliá Hotels,"Mar 16, 2025",1275,29.28,0:06:13,269,27.8943,
LktlNETRdn4,"EE UU  habla de avances, Irán niega una firma inmediata ¿Sigue la Guerra?","May 25, 2026",81,107.87,0:01:27,1856,27.1141,
4-VS4a7CUz0,Imposición arancelaria sacude los mercados: RD queda en la línea de impacto,"Jul 24, 2026",100,92.38,0:01:32,1653,27.1076,
kUTx0hQYoVk,AZUL: Disruptores de los pagos digitales - Mercado Conversations,"Jul 15, 2024",2261,7.61,0:02:52,563,26.9241,
WX-ncvYcePc,El Psiquiatra como Médico de la Conducta: Dr. Enrique Rojas en el Episodio 1 de Mercado Podcast,"Aug 14, 2024",29,161.88,0:00:46,4420,26.5716,
TdBREgFbHBU,¿HANTAVIRUS puede convertirse en pandemia? Esto dice la OMS,"May 7, 2026",100,60.27,0:01:00,2585,26.1221,
wuYK_s440ZI,Stanley Motta Presidente Copa Holdings en entrevista exclusiva para Revista Mercado,"Jul 12, 2018",909,25.69,0:03:53,401,26.0129,
_x0rvvUHzF0,"Messi, el VAR y “el negocio detrás del mundial 2026¿está en duda la potencia Argentina","Jul 9, 2026",113,72.99,0:01:22,1718,24.2774,
oEq1JU5uF7w,Fuego cruzado: Misiles iraníes impactan el aeropuerto de Kuwait en represalia contra Washington,"Jun 3, 2026",88,120.13,0:01:45,1282,24.1906,
cQES6g3UisA,Después de 50 años el hombre vuelve a la luna | 2026,"Mar 31, 2026",67,70.27,0:00:47,3166,24.13,
boTmugXNnOc,Nuevo objetivo en la NASA: la plataforma hacia marte,"Apr 14, 2026",82,69.37,0:00:56,2559,23.6294,
uDqOaRnDb34,Mercado Women's Leadership Summit 2020,"Oct 21, 2020",9501,1.1,0:01:44,810,23.5353,
OFd-SK9f89k,¡Recta final en Colombia! El sorpresivo cambio en las encuestas a días de las elecciones,"May 29, 2026",110,75.56,0:01:23,2178,23.4261,
63qgOqbyzaU,Aislamiento bancario ¿Cómo afecta a la economía cubana la suspensión de las grandes tarjetas?,"Jun 5, 2026",87,78.46,0:01:08,1891,22.3497,
thJuwFopEc8,La importancia del legado familiar en las empresas - Patricia Janiot,"Sep 28, 2024",2416,23.07,0:09:17,144,22.2925,
ZOC96X3iY8c,Construyendo sueños: la visión de Vistasol en República Dominicana,"May 21, 2026",560,30.89,0:02:52,448,21.5269,
ZvBpAfKgJrw,"México, Inglaterra, España y Francia… ¿fuera del Mundial?","Jul 31, 2026",81,88.89,0:01:12,1756,21.3416,
1OHTww1kCNs,30 años de prisión ¿Es suficiente esa condena?,"May 5, 2026",116,73.53,0:01:25,1443,21.3176,
CsI1TPa2b0c,El costoso regreso de Escobar: Inversión de US$3 millones por episodio,"Apr 29, 2026",98,76.43,0:01:14,1567,21.2967,
Ol3-JYN5x3I,Comentarios racistas contra Mbappé desatan una crisis política,"Jul 10, 2026",101,62.89,0:01:03,1826,21.0258,
hJ1skNfvxSQ,¿Quién era «El Mencho»? La historia del narco más buscado,"Feb 24, 2026",36,104.39,0:00:37,3536,20.8926,
q_ZC3nVmIY4,Importancia del conflicto del Estrecho de Ormuz,"Mar 23, 2026",85,76.55,0:01:05,1693,20.7903,
aK_HE1vCQqQ,"LA CASSINA y CASA LUCA, un binomio gastronómico que trasciende modas en RD","Aug 15, 2023",139,53.5,0:01:14,989,20.4302,
GnGIbFkNR2Y,Doblete Sísmico de Venezuela y el Cinturón de Fuego:  Fenómenos Paralelos Sin Nexo Científico,"Jun 25, 2026",94,114.46,0:01:47,1025,19.4758,
q1uV5JXjn4k,Discurso del presidente Luis Abinader ante la tensión entre Irán e Israel.,"Mar 24, 2026",95,62.66,0:00:59,1768,19.3648,
Cv4WkcLoORI,Canita: Cerveza hecha en RD que triunfa en grande,"Apr 16, 2024",664,38.55,0:04:15,263,18.7013,
a9AgUJ5J-r0,Petróleo roza los 120 dólares y las bolsas se desploman por guerra en Oriente Medio,"Mar 12, 2026",61,73.98,0:00:45,2397,18.5623,
584c70ZpUJc,Entrevista difícil con Álvaro Uribe - Patricia Janiot,"Oct 16, 2024",56,74.81,0:00:41,2192,18.5235,
85-qksxYXiM,Elecciones de Perú: El conteo más reñido de su historia,"Jun 8, 2026",92,59.05,0:00:54,2055,18.3593,
G1blvNGXuXE,Salario Mínimo en Latinoamérica: ¿Es Suficiente para Vivir?,"May 1, 2026",118,77.85,0:01:31,1234,18.0727,
ID_nUJbLKHs,Descubrimos cimientos del Templo griego anterior a Taposiris Magna – Dra. Kathleen Martínez,"Jan 1, 2025",40,93.61,0:00:37,2448,17.9022,
7LQtC4u2wH4,"Innovación y 'mindset' digital para crear campañas de éxito, por Yasser Mármol (Liquid)","Apr 10, 2024",1927,39.05,0:12:32,85,17.765,
ovzEiew8uhU,¿Por qué gana el populismo? Albert Rivera lo explica desde dentro de la política,"Jan 15, 2026",1338,26.21,0:05:50,177,17.2314,
hYd2-_IVRwk,Nueva alarma sanitaria mundial por Ébola emite hoy la OMS,"May 18, 2026",92,67.34,0:01:01,1638,17.0572,
s4RNgBWCK3U,"El Catador: 25 años de evolución de mercado, cultura de vino y amistad - Mercado Podcast","Jul 26, 2024",3271,13.4,0:07:18,138,16.8,
AgHgojw8aSg,Messi y Yamal: la increíble historia detrás 19 años 1 final,"Jul 17, 2026",84,70.92,0:00:59,2004,16.7144,
nXOkxhvy9S0,¿Y si la educación realmente se adaptara a cada niño? | María Fondeur y Yazmín Estrella,"May 14, 2026",868,29.91,0:04:19,231,16.6567,
4J2NADZF-Gw,Cómo Arajet transformó el precio de volar en RD: la visión de Víctor Pacheco,"Apr 14, 2026",687,38.89,0:04:27,221,16.3997,
1fIxLDGNBE0,Isabel Rojas,"Jul 4, 2025",71,47.09,0:00:33,2490,16.3546,
Z9znXI7ujOc,Emprendedores dominicanos cuentan sus historias - VISIÓN EMPRENDEDORA 2017,"Jun 30, 2017",216,50.81,0:01:49,525,16.0044,
YKENzBmOmdU,"Sismo de 7.5 sacude Japón: más de 170,000 evacuados","Apr 20, 2026",82,60.19,0:00:49,1744,15.9524,
Fekr1-vdgCY,Hecho histórico - Aterrizaje Artemis II,"Apr 13, 2026",93,63.16,0:00:58,1786,15.9029,
DtbF-bJgrAU,Documental Mercado Education 2026,"May 25, 2026",1303,18.37,0:03:59,234,15.5582,
jifjE2pWpPo,"Fútbol, fortuna y visión empresarial inversiones fuera de la cancha","Jun 29, 2026",124,76.18,0:01:34,1041,15.0441,
WI8Sf7x_iZ4,"Messi y Vozinha dos leyendas, dos formas de hacer historia","Jun 16, 2026",106,69.83,0:01:14,1446,15.0141,
NWtf8SeCR8M,Citi proyecta el precio del dólar a RD$66.6 para 2027: ¿Qué significa Esto?,"Apr 30, 2026",102,67.78,0:01:09,1371,14.2215,
1zZv3hri7qo,Machado cara a cara con Trump tras la caída de Maduro,"Jan 16, 2026",30,102.98,0:00:30,2826,13.9204,
Mr1d-cN2FT4,El camino de más de tres décadas que ha convertido a ODONTODOM en un referente,"Oct 23, 2023",2381,58.46,0:23:11,36,13.9182,
0Ca3EqKblFE,La revolución automotriz tiene nuevos protagonistas,"Jul 16, 2026",126,79.02,0:01:39,925,13.9076,
VeZ3dOWb_g8,Las acciones que despiertan interés tras lo sucedido en Venezuela,"Jan 13, 2026",31,109.1,0:00:33,2454,13.6467,
hLfBxTGikAA,Roberto Stark - Parte 1,"Jun 3, 2019",1815,28.84,0:08:43,93,13.5226,
uPf0Z0kdi24,Conversaciones con el Dr. Enrique Rojas Episode 1 - Mercado Podcast,"Aug 8, 2024",416,54.96,0:03:48,209,13.2739,
RZnh4vrJEjI,La plataforma que busca transformar las exportaciones dominicanas | RANNIK,"May 12, 2026",618,28.72,0:02:57,258,12.72,
o8fmfug3UBY,Bad Bunny - Latin Grammy 2025,"Nov 18, 2025",78,41.56,0:00:32,2237,12.5377,
xlhu8INYrnc,Cómo Fersan transforma el campo dominicano con ciencia y sostenibilidad,"Aug 28, 2025",286,41.68,0:01:59,376,12.4511,
Nrs0YLH06go,Ranking Numbeo 2026 Uruguay lidera la calidad de vida en América Latina,"Jul 2, 2026",95,68.7,0:01:05,1111,12.3254,
c5vsKM4mVB0,Cilpen: Cumpliendo con los 17 Objetivos de Desarrollo Sostenible,"Mar 21, 2022",306,42.78,0:02:10,337,12.2529,
XZGJAeE6TJg,Tarifa eléctrica en aumento: petróleo y gas presionan los precios,"May 7, 2026",99,62.79,0:01:02,1015,12.1654,
BBt-DWbHX5s,¿Vale menos una medalla centroamericana que una olímpica?,"Aug 5, 2026",111,76.83,0:01:25,809,12.1587,
oysKJ1N4dQg,"Pasajeros aislados pisan tierra, pero aumentan los casos tras evacuación","May 11, 2026",100,72.23,0:01:12,1036,11.9772,
LQSEGASv70I,El nuevo símbolo del campeón la FIFA entregará anillos por primera vez en un Mundial,"Jul 18, 2026",108,47.15,0:00:50,1436,11.9284,
Y57yjkKS9JU,¿Conoces la multimillonaria logística de transporte de la directiva de la FIFA?,"Jun 24, 2026",113,66.76,0:01:15,1078,11.8655,
Vw6XupyTMN0,"Los países de América Latina que más crecerán en 2026, según las proyecciones del PIB","Jan 22, 2026",45,90.85,0:00:40,1895,11.8489,
ldpMCSOjtn0,¿Cómo es el amor verdadero? Dr. Enrique Rojas en Mercado Podcast,"Aug 20, 2024",29,113.69,0:00:32,1902,11.4301,
bqH3-tMv380,¿Por qué República Dominicana lidera el ranking mundial de las mejores playas de lationamérica?,"Jul 8, 2026",99,67.76,0:01:07,1052,11.2716,
f5MerbkTwjo,Crucero con 1700 personas en cuarentena por brote y fallecimiento a Bordo,"May 13, 2026",78,56.73,0:00:44,1488,11.2256,
hsBVMUTbhZ4,"Ted Turner, el arquitecto del imperio visual","May 6, 2026",103,53.33,0:00:54,1056,10.8551,
Hlvjq9JCyxk,Por qué la empatía es clave en la relación médico-paciente,"Sep 26, 2023",356,39.62,0:02:21,275,10.7732,
sjZJ1pxwXzg,Karol G ¿llevará a Bad Bunny a Coachella 2026? Lo que sabemos del festival,"Apr 18, 2026",147,28.36,0:00:41,4168,10.6927,
b_CVDgtz2nY,Monorriel de Santo Domingo ¿Como cambiará el tráfico?,"Mar 30, 2026",58,67.56,0:00:39,1525,10.415,
7QVih0tWxWQ,Lego Edition: ¿La campaña de marketing deportivo más exitosa de la historia?,"Apr 7, 2026",86,47.98,0:00:41,1452,10.1573,
3JzXsll31uE,"Teotihuacán, escenario de tragedia: turismo, seguridad y riesgo en discusión","Apr 21, 2026",87,63.53,0:00:55,1080,10.1137,
oVCtM4Bbmqo,¿Conoces las cinco mejores ciudades para vivir en 2026,"Jul 7, 2026",107,72.39,0:01:17,877,9.9964,
wfyCaOjNMrQ,El joven senador con su propia forma de pensar - Omar Fernandez,"Nov 11, 2024",536,27.69,0:02:28,234,9.6488,
0EJ_AkUSQNI,Raquel Arbaje: Cómo entiende el poder la primera dama de RD,"Mar 15, 2025",1266,29.42,0:06:12,92,9.5174,
WhxSmfv7Hzw,Tupaq: de una idea a una red nacional,"Aug 3, 2026",506,42.97,0:03:37,155,9.3606,
WXxnwTp_bCQ,La alianza Velutini-Selman redefine el desarrollo inmobiliario en República Dominicana,"Oct 13, 2025",379,32.35,0:02:02,272,9.2634,
JQc7Pz-AT04,Saymon Díaz: Innovación en el Entretenimiento en RD - Mercado Interview,"May 17, 2024",1669,15.84,0:04:24,126,9.2503,
5-PO8pf492M,DOMINICAN WATCHMAN. Historia de un referente en seguridad,"Mar 27, 2024",2532,10.74,0:04:31,121,9.1399,
nr59eb0CgFw,Ráfagas destructiva: El evento que expuso la fragilidad de Santo Domingo,"Apr 14, 2026",103,58.01,0:00:59,983,9.1306,
5QzZOipxzNs,Zohran Mamdani - El nuevo alcalde de NY,"Nov 28, 2025",88,56.43,0:00:49,1250,8.9245,
LG4z2ktk2Vc,Family Values - De Fundadores a Primos  El Desafío Generacional Patrimonial Dominicano,,1551,28.65,0:07:24,71,8.7647,
asXGSwbEO_o,La admiración es clave: Dr. Enrique Rojas Mercado Podcast,"Aug 18, 2024",48,101.15,0:00:48,1112,8.727,
IWPMwEUFa0s,"José Luis Cordeiro: ""¿Te imaginas un mundo sin muerte?""","Apr 25, 2022",282,50.46,0:02:22,219,8.6556,
7ZqlqgxfUp0,Iván Duque: El mundo VICA llegó para quedarse,"Jun 18, 2025",2042,31.33,0:10:39,48,8.5295,
mG6V9ifRqQY,"Tercera generación, una misma palabra: liderar respetando el tiempo y el equipo | Alejandro Fondeur","Jan 19, 2026",577,31.96,0:03:04,164,8.4011,
_GHiGwXLAMI,Del crucero a los aeropuertos: Hantavirus amplía el mapa de vigilancia,"May 12, 2026",96,41.88,0:00:40,1160,8.2398,
duEh_BhYkl0,México lidera el medallero y RD alcanza una marca histórica,"Jul 27, 2026",122,48.95,0:00:59,861,8.2305,
_uRN3mw5JqM,"""Equilibrio familiar: Clave para el futuro profesional de las mujeres""- Patricia Janiot Ep. 3","Nov 16, 2024",1054,52.63,0:09:14,53,8.166,
eKhk4pR4UBc,¿Cuáles son las nuevas tendencias en la comunicación?,"Jul 12, 2023",326,39.77,0:02:09,226,8.1401,
nTHaEn5IKgU,Infantino sigue perdiendo respaldo,"Aug 3, 2026",112,55.31,0:01:01,716,8.0439,
LvVCVGRMrWo,¡Empate en los Oscars! solo ha ocurrido en siete ocasiones,"Mar 18, 2026",56,52.85,0:00:29,1908,8.0028,
X6KHuqiv1Vk,Roberto Stark   Parte 2,"May 30, 2019",1317,34.07,0:07:28,64,7.9766,
NPna8njZi4o,Maria Corina Machado - Premio nobel de la paz,"Dec 11, 2025",47,90.65,0:00:42,1486,7.9561,
Os9KohyfnJs,Proyectos inmobiliarios que perduran en el tiempo: El legado de Luis Velutini,"Dec 17, 2024",382,46.42,0:02:57,160,7.8816,
cV47gtFgzL8,La otra carrera de Marileidy Paulino construir talento después de conquistar el mundo,"Aug 14, 2026",100,61.6,0:01:01,627,7.6842,
o-1-3wU2W-4,¿Cómo forjar una marca personal sólida y trascender en el tiempo? - Patricia Janiot Ep. 4,"Nov 21, 2024",567,26.1,0:02:28,186,7.6468,
CNOZ_BdcYfo,Un ícono de pasión y perseverancia en el mundo del tabaco - Inspiración en la Industria Tabacalera,"Jun 4, 2024",1211,39.39,0:07:56,57,7.5524,
2TXTHeCqKyw,Venezuela hace historia al ganar su primer Clásico Mundial de Béisbol 2026,"Mar 18, 2026",49,75.01,0:00:36,1418,7.4295,
oVLCc_rBSNA,Elon Musk - Sobre la Inteligencia Artificial,"Nov 25, 2025",51,63.89,0:00:32,1537,7.3603,
U3C7xq4MXkI,Energy Summit 2025 - ONE TO ONE - Celso Marranzini La Deuda Cultural del Sistema Electrico,"Jun 17, 2025",1139,44.67,0:08:28,52,7.3499,
JenpbYq6jTA,Raffaella y Emanuela Delfino - Presidente y VP de Finanzas - Consorcio Remix,"Dec 11, 2020",568,35.7,0:03:22,130,7.3224,
4q-VdPl375o,Bonos de Venezuela se disparan tras giro político,"Jan 9, 2026",44,88.31,0:00:38,1165,7.2833,
o-xz75s8ATQ,Jorge Rosas.  Mejores Empresas Para Trabajar 2019.,"Jul 16, 2019",4076,15.14,0:10:17,42,7.1989,
FffOV3dcEm8,¿Sabías este dato acerca de Los Leones del Escogido?,"Jan 30, 2026",49,84.08,0:00:41,1176,7.0588,
2LeA0vrSaKY,Europa dividida la batalla por el control de sus fronteras,"Aug 4, 2026",102,106.77,0:01:48,367,6.9891,
_6V00DZkuwk,Elon Musk asegura que su robot cambiará el mundo,"Oct 27, 2025",34,68.6,0:00:23,1962,6.8404,
D23gDYzOV1w,Mercedes Ramos: una serena sirena al mando de Grupo Ramos,"Oct 20, 2021",353,34.74,0:02:02,199,6.7786,
WfwEqI5IbXY,Ranking de los terremotos más poderosos de la República Dominicana,"Feb 19, 2026",36,104.77,0:00:37,1117,6.7445,
T6JWdWunkfo,Ley de Tabaco y Vapeo en Reino Unido: ¿El fin de una industria millonaria?,"Apr 22, 2026",98,47.39,0:00:46,902,6.7359,
nvV-H7Drnog,ZOEMAR: El éxito en el sector inmobiliario de RD basado en el trato al cliente,"Aug 6, 2024",527,33.43,0:02:56,136,6.656,
le9sshni5Z4,"Cómo el liderazgo, la innovación y la constancia impulsan el éxito empresarial | José Ernesto Abud","Oct 15, 2025",409,24.32,0:01:39,240,6.6304,
t1cjEnSdWJE,Cuando un milímetro cambia una vida: la precisión detrás de la cirugía robótica | Rene Sotelo,"Dec 19, 2025",560,20.57,0:01:55,204,6.5266,
eAW8WeVG6KM,"Cómo la INTELIGENCIA ARTIFICIAL está cambiando a periodistas y medios, por Miguel Ángel Ordóñez","Aug 31, 2023",296,37.68,0:01:51,209,6.4747,
Cow9vbg4XVc,TOP 10 de las universidades del mundo,"Jul 3, 2026",92,54.45,0:00:50,921,6.4598,
0YDyY25w5Ow,Conoce los premios del Clásico Mundial,"Mar 18, 2026",52,64.54,0:00:33,1117,6.4222,
fZrUGY0I2qg,TECH SUMMIT 2025 Conferencia ¿Cómo Reinventarte en un Mundo Cada Vez Más Digital?,"Apr 12, 2025",2855,19.63,0:09:20,41,6.3832,
ps7HR_pMVMw,Casa Fiori: el lujo de lo hecho a mano en República Dominicana,"Aug 15, 2025",479,31.18,0:02:29,152,6.3062,
phdvPExQSJk,El contenido de tu móvil te puede impedir el ingreo a Estados Unidos,"Feb 3, 2026",45,72.54,0:00:32,1144,6.2672,
dDFgiIuZIjs,Bad Bunny recibe distinción institucional,"Feb 16, 2026",68,40.41,0:00:27,1367,6.2396,
NNUZzB-88LM,Entrevista exclusiva a Antonio y Agustín Lama - 40 under 40,"Nov 14, 2018",183,50.99,0:01:33,239,6.1943,
FlFwafyREag,Entrevista a Félix García Presidente de Afconagro,"Jul 20, 2018",701,33.07,0:03:51,96,6.1826,
5NIC2lEpA7M,Santo Domingo 2026 RD vuelve al centro del deporte regional,"Jul 24, 2026",115,39.46,0:00:45,797,6.099,
tMSpk_EWV4o,La República Dominicana consolida su liderazgo turístico en el Caribe,"Dec 2, 2025",44,67.58,0:00:29,1407,5.9844,
g6aACCmV2xY,Bad Bunny impulsa el turismo en RD,"Nov 26, 2025",40,62.86,0:00:25,1836,5.9594,
8WwnRyZSmWc,Arquitectura pro-sísmica: lecciones de Chile para República Dominicana | Cristian Wittig,"Sep 22, 2025",760,20.75,0:02:37,136,5.9581,
N6xFa36DhIk,"Ciberseguridad, IA y empleos de futuro, por Harry Peralta (HarPer)","Feb 22, 2024",645,26.58,0:02:51,125,5.952,
xbqayoE_HUQ,El iPhone 18 Fold ya se deja ver: así sería el primer plegable de Apple,"Apr 10, 2026",65,43.16,0:00:28,1428,5.9096,
RIblULzEgsM,Ranking de las monedas más fuertes de América Latina,"Jul 6, 2026",73,66.07,0:00:48,862,5.8508,
vbW48GYiyQE,Conoce los 20 billonarios mas ricos de latinoamerica,"Jan 8, 2026",47,71.33,0:00:33,1129,5.8008,
SqmCij63v5A,El país sigue bajo alerta meteorológica,"Apr 16, 2026",79,50.36,0:00:39,951,5.6615,
x_cTrE1NQnA,"Entrevista exclusiva con Ligia Bonetti, presidente Grupo SID","Mar 23, 2018",521,23.47,0:02:02,164,5.5709,
vpH8Pb58KaU,David Collado: transformando la ciudad con un equipo joven.,"Nov 15, 2019",809,17.51,0:02:21,139,5.4694,
LFPxZt5q1Bg,"Vivian Acra de Marsh McLennan, una trayectoria inspiradora en los seguros","Dec 27, 2023",2408,14.81,0:05:56,55,5.4487,
zh0UZkelLk8,Mejores Empresas Para Trabajar en RD 2021,"Jul 21, 2021",10006,6.85,0:11:25,28,5.3283,
ss9l63wFing,"Hermanos Bonarelli: El secreto de ""El Catador"" detrás de 500 millones de copas","May 29, 2024",330,38.92,0:02:08,149,5.3152,
9JkcqtBKizk,"Hidrobombeo, solar y eólica: el plan que transformará la matriz energética dominicana - EGEHID","Jul 17, 2025",509,32.3,0:02:44,116,5.2982,
NEnjCyjexjc,El Catador y la revolución del vino con legado en Dominicana | Gonzalo Entrecanales,"Jun 27, 2025",568,19.65,0:01:51,170,5.271,
oun4nc5N_44,Medidas que salvarán la economía dominicana en 2026 y entran en vigencia ¡HOY!,"May 1, 2026",78,49.47,0:00:38,1026,5.2476,
FJHkPZJo4Kc,Emergencia Climática en República Dominicana,"Apr 14, 2026",70,59.94,0:00:41,805,5.131,
7QDWpxoJYRo,Homenaje a Fernandito Rainieri - Definición de un Superhéroe,"Nov 13, 2018",523,45.8,0:03:59,77,5.1239,
dcOyxwumCTs,La embajadora de EE. UU. en RD impulsa una agenda común de progreso y bienestar,"Dec 17, 2025",63,43.04,0:00:27,1125,4.9404,
4b2XFyVD1hU,GLP 1  - Impacto económico de los nuevos hábitos de consumo,"May 7, 2026",100,63.19,0:01:03,502,4.8974,
w7_RUNOv4Eg,Confirmado: SpaceX apunta a salir a bolsa en 2026 y esto es lo que cambia para los inversionistas,"Dec 16, 2025",39,71.4,0:00:27,1184,4.8758,
j8y0apk9WEE,¿Cómo formar estudiantes para un mundo que todavía no existe? | Saint Joseph School,"May 14, 2026",519,23.58,0:02:02,143,4.8613,
BpPLhcdmhoA,"Innovación legal y digital, por Luis Miguel Pereyra","Feb 6, 2024",725,23.86,0:02:52,101,4.853,
dGSJD0w1dZ8,"Dr. Rubén Peralta, un gigante de la diáspora dominicana","Dec 30, 2022",468,34.48,0:02:41,108,4.841,
YR3Ymk8Z4ZI,Tiendas Garrido: Apertura y expansión para dinamización de la economía,"May 24, 2021",295,37.45,0:01:50,157,4.8175,
UBDGk785D7U,Victoria Holtz: El mindset que ya no sirve y cómo reemplazarlo con IA,"Jul 4, 2025",514,25.53,0:02:11,132,4.8102,
zNK2yG4jMzo,Transformando el Agua: El Plan de Saneamiento del Ing. Wellington Arnaud para RD,"Mar 22, 2026",906,19.87,0:03:00,96,4.8002,
xvK9VqlIKqw,De la adversidad al éxito - La inspiradora historia de Indira Marielis Ramos y Hair Plus,"Jan 7, 2025",335,41.14,0:02:17,125,4.7855,
4XbCuBmtGTY,"Banco Santa Cruz: Crecimiento, Trascendencia y Valor para RD | Entrevista con Fausto Pimentel","Mar 18, 2025",329,31.48,0:01:43,167,4.7772,
gvI0MoULq4I,"Grupo Piñero a 50 años: innovación, expansión y propósito con Encarna Piñero","Mar 24, 2025",1507,18.57,0:04:39,61,4.7408,
bjktvQCGT4c,Revolución bancaria digital: QIK el primer neobanco 100% digital del país,"Sep 4, 2025",356,18.91,0:01:07,249,4.6573,
m0cPcOEQXPQ,Liderazgo e innovación para destacar en un mundo competitivo | Ramón Andrés Brenes,"Nov 11, 2025",208,34.96,0:01:12,229,4.6262,
7WX3Z3L3f6E,Cómo transformar el mercado de valores dominicano con innovación y credibilidad,"Aug 16, 2025",258,34.14,0:01:28,189,4.6241,
EKWQohPfcUY,Electrolinera  Carga Ultra Rápida para Vehículos Eléctricos,"Mar 4, 2025",40,79.87,0:00:31,710,4.6074,
hDtoZFS37t4,"""Siempre he buscado confrontar a los poderosos con la verdad"" - Patricia Janiot Ep. 01","Oct 10, 2024",573,36.18,0:03:27,80,4.6066,
BdIhvMO0Vwg,Red de interferencia y sabotaje chino contra EE  UU en investigación,"May 26, 2026",97,76.14,0:01:13,460,4.601,
QE0o4D92OhE,Louvre pierde joyas por 50 millones en robo histórico,"Oct 29, 2025",41,66.55,0:00:27,1731,4.5929,
3AKYB0OhAf8,De perder su empleo a crear uno de los talleres más grandes de República Dominicana,"Jul 27, 2026",707,24.56,0:02:53,93,4.4862,
KbaFnLylfWI,"De Haití a RD: migrar, invertir y crear comunidad en el boom inmobiliario","Nov 14, 2025",401,25.36,0:01:41,158,4.4627,
Z4YTZjrKnyI,¿Por qué República Dominicana será la próxima potencia logística?  | Grupo Rannik,"May 6, 2025",452,37.25,0:02:48,94,4.3958,
R1sl142VpI8,"Motorsport, Q5 y más: lo que viene para Audi en República Dominicana","Jun 12, 2026",408,31.51,0:02:08,122,4.3563,
mb3TkRrFYY4,Cómo la ubicación de RD la convierte en clave para el comercio mundial,"May 25, 2026",614,19.07,0:01:57,133,4.3258,
I5J6BieJrUo,"El liderazgo en seguros que pone a las personas al centro, con innovación y sostenibilidad","Dec 16, 2025",444,31.3,0:02:18,110,4.2459,
_CXeuGcckuk,DP World: El Impacto de las Zonas Francas en el Crecimiento Económico de República Dominicana,"Sep 2, 2024",321,41.72,0:02:13,114,4.2406,
se-vIfaDEBc,Shakira y Burna Boy encienden la inauguración del Mundial 2026,"Jun 11, 2026",90,69.35,0:01:02,641,4.1817,
5nOC7hC0MMI,Inclusión femenina: las barreras que frenan a las mujeres en el liderazgo - Jaime Ozores Ep.03,"Oct 3, 2024",750,58.97,0:07:22,34,4.1771,
84rLRdQR8u8,Abraham Hazoury - Power Talks,"Sep 15, 2020",981,16.56,0:02:42,91,4.1062,
XNikUz6UlXA,¿En qué ciudades se puede construir una carrera profesional sin sacrificar la calidad de vida?,"Jul 13, 2026",85,59.16,0:00:50,533,4.0789,
RCYJhNVo_Sc,Explota vehículo en el Distrito Financiero en Nueva York,"May 20, 2026",37,86.35,0:00:31,814,4.0735,
1NJiL00mtVs,¿Cómo Conquista Dave and Busters al Mundo del Entretenimiento?,"May 14, 2026",435,35.1,0:02:32,96,4.0718,
r8tFd1Yr15I,Mauricio De Vengoechea - Mercado Interview,"Jul 27, 2020",1621,26.68,0:07:12,33,3.9639,
J2zkeCxYmR0,RD apuesta por una industria verde y competitiva que trascienda fronteras,"Sep 5, 2025",487,13.77,0:01:07,206,3.8361,
7ZnzJyAxIxc,La biometría lo cambia todo: así se combate el fraude hoy | Jesús Aragon,"May 5, 2026",655,25.6,0:02:47,82,3.8197,
6Y9EoLjmzAE,Zara rompe con su historia en España y toma una decisión sin precedentes,"Jan 19, 2026",31,71.77,0:00:22,1044,3.7629,
fQbpfI0sLOU,Precios más bajos para medicamentos:  acuerdo que beneficia a millones,"Apr 24, 2026",101,48.28,0:00:48,536,3.7601,
l8wqzRHODAU,El triunfo de De la Espriella: rompe el mapa político de Sudamérica,"Jun 22, 2026",87,65.96,0:00:57,494,3.7574,
hzaN7oUNxqs,Cómo los Family Office aseguran la continuidad generacional | Raul Hoyo y María Redondo,"Oct 9, 2025",369,34.48,0:02:07,103,3.6406,
BGOxWAAPaaM,Transferencia de Tecnología  ¡El Secreto del Éxito Empresarial! 🚀,"Oct 21, 2025",26,81.04,0:00:21,1880,3.6143,
8f20RMEEj_Q,Rafaela Delfino,"Jun 3, 2019",559,25.82,0:02:24,90,3.6087,
LZTMVky26Do,"Asofidom, figura del fideicomiso esencial para el crecimiento de RD","Dec 29, 2021",322,58.43,0:03:08,69,3.606,
lgGWXn0gFbI,"Hecho en RD, pensado para el mundo: la visión de Cervecería Punta Cana","Apr 25, 2025",329,26.75,0:01:28,147,3.5936,
emLsSMS-ehg,Descubrimientos Arqueológicos en el Templo de Isis  – Dra. Kathleen Martínez,"Dec 13, 2024",53,80.77,0:00:42,452,3.5838,
F_T9uYmDoZk,Reconocimiento: Un aspecto a mejorar en la cultura latina - Jaime Ozores Ep. 4,"Oct 8, 2024",520,51.68,0:04:28,48,3.5833,
Hv5exgBCiQc,Banco Mundial prevé crecimiento de 4.5 % para RD en 2026,"Jan 15, 2026",38,60.24,0:00:22,1121,3.5824,
2l9GH7w36OE,El Ambicioso Plan de Crecimiento de Grupo Ramos: Una Mirada al Fideicomiso Público | Iván Mejía,"Apr 24, 2026",272,32.52,0:01:28,145,3.5632,
696Khn5vcoI,"36 años, inversión y energía limpia: el impacto de Armando Rodríguez en Seabord","Jun 12, 2026",540,20,0:01:47,118,3.5394,
GiKjvdEzuDo,Empresas internacionales en busca de talento dominicano: Jaime Ozores Ep. 01,"Oct 3, 2024",829,44.59,0:06:09,34,3.4913,
AmaiZMaJ8W8,Edward Veras: transformando el sector eléctrico dominicano,"Jun 12, 2026",497,25.72,0:02:07,98,3.4803,
4olBAVxb9xY,Roberto Ángel Salcedo presenta un nuevo modelo de gestión cultural Dominicana,"Aug 15, 2025",527,24.17,0:02:07,98,3.4668,
eNTImZSfsTo,Promipyme: Líder en Microcréditos y Desarrollo Empresarial de las MIPYMES en RD,"Jun 14, 2024",325,56.79,0:03:04,66,3.384,
FIAsl90v-Og,Juan Suárez - Co- fundador y Director Creativo Aristocrazy,"Nov 11, 2019",328,33.48,0:01:49,110,3.3555,
NOIX-1_YAs8,¿En que país es más barato comprar un Iphone?,"Jan 19, 2026",36,48.94,0:00:17,1278,3.3458,
ZiP1hviEGNo,Gabriel Escarrer: Qué opina el CEO mundial de Meliá Hotels,"Mar 16, 2025",67,68.67,0:00:46,343,3.2998,
SGgqS5ED5cc,Derecho en la era digital: ¿Cómo regular la Inteligencia Artificial (IA)? - Javier Cremades,"Oct 3, 2024",689,40.67,0:04:40,42,3.2694,
pBxKpU3IsHs,Raúl Rizek: Oportunidades y futuro del sector construcción en República Dominicana,"Sep 30, 2025",278,35.98,0:01:40,117,3.251,
xZQleaPN87o,El Catador - Innovación en Gestión Humana y crecimiento profesional en el sector de vinos,"Aug 8, 2024",296,46.93,0:02:18,82,3.1639,
dosx_Ww4drI,La adicción a las redes sociales ya tiene culpables: corte en EEUU  condena a Meta y Google,"Mar 26, 2026",84,64.05,0:00:53,300,3.1631,
Tz28g-8vD1I,¿Cómo la EGEHID está transformando la energía y el desarrollo de República Dominicana?,"Jul 15, 2026",557,21.51,0:01:59,95,3.1617,
W3aWou4xW4w,Seaboard y Energías Renovables: Un Futuro Sostenible y próspero para República Dominicana,"May 21, 2024",407,31.17,0:02:06,89,3.1367,
wqTNEOMv1cc,"Albert Rivera analiza el auge del populismo, la geopolítica y el rol de la moderación","Jan 15, 2026",65,40.97,0:00:26,877,3.1282,
OeylhBQUrI8,Superando desafíos en Egipto - Dra. Kathleen Martínez,"Dec 9, 2024",26,1648.04,0:07:08,42,3.0973,
knS8X573Dqo,Panel inspirador sobre empresas familiares en el sector automotriz dominicano: Family Values 2024,"Oct 1, 2024",3222,26.02,0:13:58,13,3.0269,
BhRRAYecaYk,40 Under Forty Role Model: Eduardo Cruz,"Nov 12, 2014",733,41.18,0:05:01,36,3.0182,
dd6LBdS-4zE,Diseño Pro Sísmico Chileno Oportunidad Estratégica para Transformar la Cultura Constructiva de RD,"Oct 7, 2025",3638,9.82,0:05:57,30,2.9784,
32lm95JfXJY,MediTalk Summit 2024 - Salud con Vision de Futuro,"Jun 5, 2024",10472,2.01,0:03:29,51,2.9746,
0Di80sZnqZM,Más allá de las tarjetas: así evoluciona el negocio financiero | GUSTAVO TURQUIA,"May 5, 2026",640,23.82,0:02:32,70,2.9645,
cU7fc_d36cY,Fernando Viyella vicepresidente - FERSAN,"Sep 2, 2025",39,37.79,0:00:14,1782,2.9469,
UnVomGHUM50,"Formalidad laboral, IA y juventud: el gran reto del empleo en RD","Jul 6, 2026",1304,14.74,0:03:12,55,2.9365,
j7YCywlMdAM,Cómo la inteligencia artificial puede transformar a República Dominicana,"Oct 8, 2025",248,22.65,0:00:56,186,2.9025,
VfgjC2GiVL8,10 Destinos imprescindibles para armar tus próximas vacaciones V03,"Jul 13, 2026",98,49.3,0:00:48,383,2.8922,
BPzJyKQmZ-w,Alanube: La solución líder en facturación electrónica,"Apr 1, 2022",199,52.61,0:01:44,99,2.8793,
JHUtsVIUum0,"Melba Segura de Grullón, presidenta de Fundación Sur Futuro: Un futuro desde el sur","Apr 7, 2022",238,30.62,0:01:12,142,2.8745,
2nj2WP0jl40,Neurocirugía endovascular: Trayectoria y desafíos del Dr. Juan Isidro Ramirez,"Jul 12, 2024",446,38.6,0:02:52,60,2.8692,
XsWgFsnSlTU,Ocean Fresh: Producción de pescado fresco en RD en menos de 24 horas,"Sep 11, 2025",161,36.42,0:00:58,176,2.8669,
3mjXKmEUY6c,Women's Leadership Summit 2021,"Apr 29, 2021",12181,5.29,0:10:44,16,2.8662,
J-DuD8zx9NI,Mercado Family Values 2023 - Evento completo,"Dec 7, 2023",8600,5.96,0:08:32,20,2.8486,
GJeGxjPYvpQ,Transformar el campo para competir en el mundo | Joaquín González,"Aug 28, 2025",439,23.61,0:01:43,98,2.8219,
mnhqkp9nGRo,"DP World, rompiendo paradigmas como ecosistema logístico","Dec 9, 2021",446,36.69,0:02:43,62,2.818,
MeaiDjz9VS8,La nueva era gastronómica de Santo Domingo,"Jul 15, 2026",94,61.19,0:00:57,409,2.8116,
adyQZaTxkKw,De un PowerPoint a más de 1.2 millones de usuarios: la fintech que cambió las reglas en RD,"Sep 23, 2025",470,22.82,0:01:47,94,2.8003,
pBMuudRtOSY,Nueva Torre Alpha - Luis Velutini,"Dec 25, 2024",50,166.23,0:01:23,172,2.7553,
YWbd65vJlBY,La primera electrolinera para vehículos eléctricos en Latinoamérica y el Caribe,"May 22, 2024",585,40.36,0:03:56,42,2.7544,
LRK5bhQeTCU,La importancia de los MERCADOS FINANCIEROS para las economías,"Aug 24, 2023",394,30.15,0:01:58,83,2.7387,
cSmtd0VQLkw,"RESTART: El método para avanzar, solucionar y trascender – Ney Díaz","Mar 20, 2025",404,38.58,0:02:35,63,2.7274,
mfHuUtj5wWI,Anécdotas de periodismo en zonas de conflicto - Patricia Janiot Ep.2,"Nov 15, 2024",382,45.68,0:02:54,56,2.7146,
wt6SKByBRYk,Tres generaciones construyendo una visión educativa en RD | IES University,"May 14, 2026",599,16.7,0:01:40,97,2.6959,
OXf4Txly1JY,Grupo Noah: La importancia de la innovación en la Gastronomía de República Dominicana,"Sep 2, 2024",245,49.49,0:02:01,80,2.6946,
7oaHk95tEK8,La Clave de la Ética y Empatía en la Medicina ¡Imprescindible!,"Oct 21, 2025",35,44.58,0:00:15,1661,2.682,
9l0ZdInpWNc,La visión galáctica en los negocios de Manuel Corripio,"Nov 27, 2017",1945,11,0:03:33,45,2.6744,
8_PAB6dxWoU,"Valores, pilares de la cultura organizacional y continuidad empresarial - Jaime Ozores","Sep 27, 2024",2868,15.93,0:07:36,21,2.665,
Zeo-ZI87StM,¡Crisis Climática! Reduciendo la Huella de Carbono  Oportunidades,"Oct 27, 2025",40,36.41,0:00:14,1764,2.6544,
g-PfJ4XEJqA,¿Por qué RD duplicó su demanda de energía en 5 años?,"Jul 16, 2026",40,52.83,0:00:21,855,2.6495,
pQx8ChmtKZQ,¿Cómo Transformar las Finanzas en Tiempos de Cambio? | Adriano Martínez de Banco Caribe,"Mar 10, 2026",316,29.19,0:01:32,103,2.6392,
SInY3vl9lIw,Empresas conocidas que se declararon en quiebra 2025: los casos más importantes,"Jan 24, 2026",41,60.35,0:00:24,792,2.5999,
s9LTXLKRvGY,"Dionisio Gutiérrez, presidente de la Fundación Libertad y Desarrollo","Oct 1, 2021",489,25.43,0:02:04,74,2.5561,
ASQJXwU67cw,Ligia Bonetti - Presidente Grupo SID,"Nov 18, 2019",520,22.63,0:01:57,78,2.5494,
N7-jOI-UdaY,Claves de éxito en crecimiento empresarial de MUSA,"Jul 27, 2026",30,101.93,0:00:30,619,2.5164,
H1kXGLWcr6k,La nueva era del turismo médico en RD | Yissell Rosado,"Jul 8, 2026",566,18.77,0:01:46,85,2.5087,
pme4CIm4nrE,Super Bowl 2026: los comerciales que dominaron la conversación antes del partido,"Feb 17, 2026",47,53.3,0:00:25,767,2.5033,
5r9MXoepCLk,"AUTOZAMA, en la TENDENCIA ECOLÓGICA del sector AUTOMOTRIZ","Jul 27, 2023",290,25.76,0:01:14,120,2.4901,
rJhTQQ_5IqA,Conoce la cultura empresarial que está marcando la diferencia en el Caribe | Jenny González,"Jul 6, 2026",801,20.24,0:02:42,55,2.4772,
k3wSzxSS1y0,Cómo el factoring está cambiando el acceso al financiamiento para las pymes en RD | Yean Castaing,"Jan 21, 2026",297,30.3,0:01:29,98,2.4496,
EoCFe4vHD9Y,Fenómenos anómalos: la desclasificación que reabre el debate global,"May 11, 2026",123,49.47,0:01:00,280,2.4435,
54mg_MRm-qs,Cómo SURA redefine el modelo de salud con enfoque holístico y personalizado,"Oct 28, 2025",277,25.2,0:01:09,126,2.4431,
jllQTQc-Qls,El impacto del Marxismo en la propiedad privada china - Hernando de Soto,"Oct 26, 2024",37,90.43,0:00:33,389,2.4206,
wriBKUu4vP8,Construction Summit Norte 2025 - Aliados Estratégicos para la Construcción República Dominicana,"Oct 7, 2025",1539,18.12,0:04:38,31,2.4015,
9rujHbbJ1WU,Ferretería Detallista: el camino a los 3 millones de blocks mensuales,"Oct 27, 2022",360,37.15,0:02:13,63,2.3405,
b7vzBMkY89I,José Ivan Melo Pimentel (MELCON): Añadiendo valor agregado a cada proyecto,"Jun 24, 2022",296,41.81,0:02:03,68,2.3377,
06Q4ble6M-A,CEDIMAT - APROBADO,,178,65.28,0:01:56,72,2.3239,
fQO80RLWT6A,El Catador   ¿Quién compra el vino en República Dominicana,"Jul 28, 2024",60,88.02,0:00:52,252,2.3237,
j99dz99D_iA,Dr. Oscar Hasbun CEO Amerident Grupo Odontológico: Innovación en Salud y Bienestar,"Jul 25, 2024",322,48.1,0:02:34,54,2.3233,
da7_nXU3kR8,Juan de Antonio - Fundador de Cabify,"Nov 11, 2019",512,36.12,0:03:04,45,2.3118,
C3aEO8FO7ss,Luís Concepción - Mercado Interview,"Apr 27, 2020",1293,33.05,0:07:07,19,2.2556,
1lDtwGlq5DY,"Petroquim. Una historia de valor agregado, emprendimiento y adaptabilidad","Jan 26, 2024",2475,4.82,0:01:59,68,2.2552,
Zq_s_kdCuss,Cómo mantener equipos motivados en entornos híbridos y asincrónicos,"Jul 6, 2026",595,25.74,0:02:33,53,2.2551,
2BQVMXLv7cY,Semana Dominicana en España consolida al país como destino líder de inversión,"Sep 30, 2025",329,26.17,0:01:26,93,2.2242,
0iHpPSJyjPk,Noval Properties. Proyectos inmobiliarios de alto calibre,"Jan 29, 2024",564,26.75,0:02:30,53,2.2215,
AVFsmtp5GDg,La Nacional es sinónimo de confort y garantía,"Apr 15, 2015",295,32.24,0:01:35,84,2.2192,
LnMsVaU4hCU,EQUIFAX: Innovación en la industria de crédito de RD,"Apr 26, 2023",265,36.62,0:01:37,82,2.2104,
9SDErWn3aWM,Grupo Mersa apuesta por sistemas constructivos modernos para acelerar obras sin sacrificar calidad,"Jan 22, 2026",258,31.67,0:01:21,96,2.1786,
isajv-Siylc,¿En qué 4 principios debe basarse la construcción de un centro de salud?,"Sep 27, 2023",184,49.27,0:01:30,86,2.1656,
85LuufsU1lo,Manuel Ignacio Martínez: Estrategia y retos del nuevo CEO de DP World Dominicana,"Apr 15, 2024",578,37.35,0:03:35,36,2.159,
XUZcakeZ0Jg,Raúl Peña - United Brands - Mejores Empresas Para Trabajar 2020,"Sep 9, 2020",473,35.39,0:02:47,46,2.1389,
tU7C3pSPLJo,Isaac García de la Cruz revela cómo la UCNE transformó al Nordeste dominicano,"Mar 31, 2026",491,23.76,0:01:56,66,2.1385,
L5_DYEWNaOM,¿Será RD el próximo líder energético del Caribe? CLAUDIO HUEPE,"Aug 3, 2026",36,134.51,0:00:48,366,2.126,
CCRTWmd6c8U,Meta RD 2036: visión y estrategia para transformar el país,"Sep 23, 2025",384,28.53,0:01:49,69,2.0998,
hSJQeQSN4ms,Hire Horatio: cambiando la percepción de un Contact Center de alta calidad - Mercado Interview,"Jul 26, 2024",265,45.27,0:01:59,63,2.0994,
O0hwQPNxpP0,Cómo la resiliencia y el liderazgo femenino impulsan la transformación empresarial | Lisbeth Jerez,"Nov 4, 2025",499,15.41,0:01:16,98,2.0929,
2HX7YL8UAbc,One to One: Comercio bilaterial en tiempos de cambios arancelarios - Francesca Rainieri,"May 19, 2025",992,13.55,0:02:14,56,2.0904,
nawvvCBV9i0,La verdad detrás de la confianza laboral | Stephanie Salazar,"Jul 6, 2026",558,20.43,0:01:53,66,2.0895,
bH-_pILQf8o,"Eduardo Cruz (Grupo Humano): para crecer, los ejecutivos deben aprender a delegar","Dec 19, 2022",172,64.15,0:01:50,68,2.0843,
u_V8qStgJvc,Oscar 2026: la lista completa de nominados y las películas que lideran las candidaturas,"Jan 23, 2026",81,64.2,0:00:51,146,2.0832,
rIJ0y72-U9o,"Freddy Rossi: Cevaldom, enfocados en ofrecer seguridad a sus clientes","Mar 23, 2022",120,82.2,0:01:38,76,2.0825,
nKZt3H1jtMQ,Cruz Ayala: Innovación y Liderazgo en el Sector de laboratorios clínicos en República Dominicana,"Aug 2, 2024",260,44.03,0:01:54,65,2.0671,
tPqs-Eg_CSo,Arturo Grullón - Banco Popular Dominicano - Mejores Empresas Para Trabajar 2020,"Sep 9, 2020",1192,17.29,0:03:26,36,2.0613,
sHulpkwOmwU,¿Estamos educando niños felices o solo niños que aprenden? | Karen Heisen,"May 14, 2026",545,19.1,0:01:44,71,2.0532,
Tno107P0acQ,Market Brief Summit 2021 - Nuevos Tiempos en el Mercado de Valores,"Nov 11, 2021",17236,2.24,0:06:25,19,2.0369,
4p-PrbeQwG8,Asegurados Primero  ¡De Contacto a Recuperación Total!,"Oct 24, 2025",16,65.45,0:00:10,1684,2.0336,
omEDsJlbqB0,Críticas que hacen por ser mujer - Faride Raful,"Sep 25, 2024",37,62.53,0:00:23,443,2.0308,
s8vHxk2f09o,Economía naranja en RD: Impulsando miles de empleos - Ito Bisonó Ep. 03,"Oct 26, 2024",686,22.92,0:02:37,46,2.009,
a0V34HYdXYE,El talento senior es un recurso valioso en el proceso de reclutamiento - Jaime Ozores - Ep. 02,"Oct 3, 2024",527,52.56,0:04:37,26,2.0007,
0BiRbNLO-zY,Adjudican a empresa dominicana construir la nueva terminal del AILA,"Mar 27, 2026",65,84.4,0:00:54,225,1.9977,
y2RuVKFFKI8,"Voxel: Facturación electrónica, Latinoamérica lidera la transformación digital global","Jul 11, 2024",869,22.35,0:03:14,37,1.9963,
y0-PC407Egw,"Solvex Dominicana, servicios empresariales desde la nube","May 27, 2021",362,37.31,0:02:15,53,1.9882,
no9E8sLXS1s,Mercado en Fitur 2026 - Biviana Riveiro,"Jan 23, 2026",179,26.92,0:00:48,334,1.981,
LOl8U5Eg3vg,"Nuria Vilanova, presidenta del Consejo Empresarial Alianza por Iberoamérica (CEAPI)","Oct 5, 2021",324,40.7,0:02:11,54,1.978,
jwEBM7ct3U4,"Luis Miguel Pereyra, socio fundador de Pereyra & Asociados","Sep 9, 2021",182,48.24,0:01:27,81,1.9755,
LCWnSWk8uHE,"Romina Seltzer, VP Senior de Productos: El nuevo e-commerce según VISA","Aug 31, 2021",1690,21.01,0:05:55,20,1.9723,
97nn7CzO6NY,Sostenibilidad en empresas: ¿cómo hacerlo bien y hacerlo crecer? | Ana Karina Cardenas,"Feb 24, 2026",270,37.01,0:01:39,71,1.971,
0lGN1fh3U4M,Como Supérate y MIO estan uniendo fuerzas contra la pobreza en RD,"Oct 24, 2024",700,15.52,0:01:48,65,1.9619,
iyipM3wCg0k,Ligia Bonetti - Mercado Interview,"May 19, 2020",2262,4.62,0:01:44,67,1.9466,
5AXRK452CZU,IVAN MEJIA - CEO GRUPO RAMOS,"Apr 24, 2026",50,122.27,0:01:01,256,1.9456,
1NQBSzTuLNg,Construction Summit 2025 - Visión Territorial  El Futuro Turístico de RD,"Oct 7, 2025",1393,16.08,0:03:43,31,1.9283,
qTXyUqbyk-A,SIPEN: Claves y novedades del sistema dominicano de pensiones,"Apr 25, 2024",614,18.17,0:01:51,62,1.9189,
mOOhilMwgd8,La Evolución del Rol del CFO: Cómo Planeación y Tecnología Impulsan la Competitividad Empresarial,"Feb 13, 2026",557,17.96,0:01:40,69,1.9172,
D8a8ageqLzo,Jorge López Hilario: Retos y avances en la aplicación del Código Penal,"Sep 30, 2025",347,33,0:01:54,60,1.9082,
jNA_YXFKnyI,Pentraze: Cómo trabajar la prevención en materia de ciberseguridad,"Apr 26, 2024",1635,20.86,0:05:41,20,1.8945,
y87HGQxUucA,"""La salud financiera de un país refleja la salud de sus ciudadanos"" - Market Brief Summit 2024","Dec 8, 2024",1328,32,0:07:04,16,1.8888,
rEh0SGbBM3A,Eva Luiggi: el arte detrás de Helados Valentino,,144,47.69,0:01:08,98,1.8693,
WXBT1ZlCWnI,Luis Galindo: Lo importante del liderazgo con empatía,"Aug 18, 2024",26,87.49,0:00:22,453,1.8634,
RxfRpicHnaY,Jhon Modesto (Força): la prioridad es la seguridad antes que lo económico,"Jul 28, 2022",272,42.23,0:01:54,58,1.8508,
P_Ujx-BDGiM,Entrevista exclusiva a Álvaro Uribe - Un momento histórico - Patricia Janiot,"Oct 11, 2024",41,69.95,0:00:28,399,1.8454,
Vs1_mdN-rBo,Revista Mercado conversa sobre la gestión consular y el trámite de visados a EE.UU.,"May 13, 2014",165,49.58,0:01:21,81,1.8408,
sGYkM8n0Dno,Barahona: la apuesta logística para el sector aeronáutico en RD,"May 3, 2022",259,45.57,0:01:58,56,1.8359,
W-J11wpZ-bI,Cover Story Región Norte: Mícalo Bermúdez,"Jun 12, 2015",522,24.31,0:02:06,52,1.8329,
cW52X78TZ3U,Construction Summit 2025 - Maralda  Visión y Propósito para Miches,"Oct 7, 2025",661,24.79,0:02:43,40,1.8205,
hE7yUa3WFxo,El misterioso templo de Taposiris Magna y la Diosa Isis – Dra. Kathleen Martínez,"Dec 17, 2024",47,79.04,0:00:37,237,1.8142,
Qt2vJxtX5TA,Dr. Pablo Mateo presenta novedoso tratamiento para el cáncer de próstata,"Oct 11, 2021",267,35.02,0:01:33,69,1.792,
gqnlcxk8g3k,Innovación y liderazgo joven en la política de republica dominicana - Omar Fernández,"Nov 12, 2024",47,58.28,0:00:27,338,1.7894,
GHDwiE3yl3o,Labubu  y Porsche unieron fuerzas,"Nov 27, 2025",43,38.49,0:00:16,713,1.786,
feVBQEwg4L8,DR Trade: Alianzas Estratégicas y tecnologías que Transforman la Logística en República Dominicana,"Aug 28, 2024",324,33.53,0:01:48,59,1.7806,
Rbv_xNnkDNk,"Dr. Javier O.  Morales - Curatech, la medicina que inicia con un mensaje","Feb 11, 2021",1134,5.06,0:00:57,111,1.7699,
YXXIu56Ipmk,Carlos Liriano: liderar un legado familiar y transformar la industria gastronómica desde adentro,"Jul 27, 2025",354,39.92,0:02:21,45,1.7664,
UPIxgt5NuB8,Cómo Cesarina Beauchamp convirtió su pasión por los aviones en una carrera de éxito,"Dec 18, 2023",2027,23.98,0:08:06,13,1.7553,
otpgkK-jNLU,Mercado Construction Summit 2021,"Jun 23, 2021",12591,2.08,0:04:21,24,1.7421,
GA-DZiMfiGo,Eduardo Cruz - Mercado Interview,"Apr 30, 2020",1127,26.49,0:04:58,21,1.7416,
BdDzFuwVuAQ,De médico a CEO de Mapfre República Dominicana: 30 años construyendo una visión | Andrés Mejía,"Apr 14, 2026",510,19.51,0:01:39,63,1.741,
hWQyQ08p4nk,"Retos y aprendizajes de una ejecutiva de McDonald’s: liderazgo, familia y legado | Andrea Brenes","Oct 23, 2025",167,26.99,0:00:45,139,1.7406,
cY4CDA3LZxY,Quala Dominicana: comprometidos con el desarrollo de sus empleados,"Jul 27, 2022",343,34.87,0:01:59,52,1.7277,
Z4NiKm3wGck,"Grupo Coral Hospitality Corp., innovadores en servicios turísticos","Dec 14, 2021",536,52.71,0:04:42,22,1.7265,
nEjGERMOI6Q,"César Iglesias, pionera en el mercado de acciones","May 11, 2022",112,67.62,0:01:15,82,1.7251,
gRU7zRbrRs4,"“La conversación intergeneracional”- Presidenta de Engage Burson Marsteller, Stella Leon","Apr 12, 2019",914,27.1,0:04:07,25,1.7199,
0492iikDzQw,Arquitectos Óscar Imbert Tessón y Antonio Segundo Imbert,"Jun 22, 2017",318,38.9,0:02:03,50,1.7183,
36YHZuUgbyk,mujeres de poder y exito 2024 evento completo,"Apr 5, 2024",15263,2.52,0:06:25,16,1.7111,
vzbhjZ7T6ZA,"Cómo liderar en tiempos de incertidumbre, según el CEO de Claro","Jun 16, 2025",411,32.38,0:02:13,46,1.7004,
TThQjzmE84Y,Adriana Dominguez - Consejera Delegada de Adolfo Dominguez,"Nov 11, 2019",442,47.09,0:03:28,29,1.6766,
BtEBL83lS90,Un modelo de educación integral y diferenciada,"Mar 25, 2025",465,25.84,0:02:00,50,1.669,
bNVr5UMmizo,Revista Mercado conversa con Dominican Watchman por su 40 Aniversario,"Sep 11, 2014",642,40.62,0:04:20,23,1.666,
K808_SVi1pY,"Iñaki Ábalos: ""Latinoamérica es una mina de buena arquitectura""","Jul 11, 2022",469,35.36,0:02:45,36,1.6583,
L41m-pFubBo,"Alejandro Peña Defilló: ""La cadena de valor da longevidad a los negocios""","Apr 10, 2023",121,44.01,0:00:53,112,1.6566,
Pb7NR1gu8vg,"La importancia de las remesas para el desarrollo de RD, junto a Banco Unión","Jun 16, 2021",242,66.57,0:02:41,37,1.6557,
87mwktX8Cng,Bella Aldea Café: Cultivando filosofía y una tradición en República Dominicana,"Sep 4, 2024",763,16.8,0:02:08,46,1.6375,
Xj4Tv6kS1fE,Construction Summit Norte 2025 - Protagonistas del Futuro Nuevas Visiones para Desarrollo Regional,"Oct 7, 2025",1347,22.89,0:05:08,19,1.627,
ea74NScKOic,Meta 2036  Ideas Para Transformar Tu País ¡Ya!,"Oct 22, 2025",138,62.13,0:01:25,268,1.6267,
2q6_I5MrXfc,José Herrera (Hire Horatio): Servicio personalizado por cualquier canal,"Apr 13, 2022",389,34.96,0:02:16,43,1.6246,
pF1ycZzNBEk,Amelia Santos-Paulino: Incentivos y 'aftercare'. Fórmula ganadora para la IED,"Oct 10, 2022",399,30.41,0:02:01,48,1.618,
ucCsQ6GOSo8,"El CFO del futuro: menos contador, más estratega tecnológico | Ludovino Colón","Feb 13, 2026",356,29.01,0:01:43,56,1.6064,
R6XsdtZiYtA,"Claudio Huepe: ""República Dominicana puede convertirse en líder energético de la región""","Aug 3, 2026",1211,6.71,0:01:21,72,1.6046,
Mostrando los 500 resultados principales,,,,,,,,